日期,股票代码,开盘,收盘,最高,最低,成交量,成交额,振幅,涨跌幅,涨跌额,换手率
2016-07-12,002803,7.64,9.17,9.17,7.64,113,101006.0,24.02,43.96,2.8,0.04
2016-07-13,002803,10.09,10.09,10.09,10.09,36,36172.0,0.0,10.03,0.92,0.01
2016-07-14,002803,11.1,11.1,11.1,11.1,47,52170.0,0.0,10.01,1.01,0.02
2016-07-15,002803,12.21,12.21,12.21,12.21,51,62039.0,0.0,10.0,1.11,0.02
2016-07-18,002803,13.43,13.43,13.43,13.43,53,71179.0,0.0,9.99,1.22,0.02
2016-07-19,002803,14.77,14.77,14.77,14.77,38,56126.0,0.0,9.98,1.34,0.01
2016-07-20,002803,16.25,16.25,16.25,16.25,29,47125.0,0.0,10.02,1.48,0.01
2016-07-21,002803,17.88,17.88,17.88,17.88,117,209196.0,0.0,10.03,1.63,0.04
2016-07-22,002803,19.67,19.67,19.67,19.67,297,584887.0,0.0,10.01,1.79,0.1
2016-07-25,002803,21.64,21.64,21.64,21.64,434,940171.0,0.0,10.02,1.97,0.15
2016-07-26,002803,23.8,23.8,23.8,23.8,249,591739.0,0.0,9.98,2.16,0.09
2016-07-27,002803,26.18,26.18,26.18,26.18,641,1678242.0,0.0,10.0,2.38,0.22
2016-07-28,002803,28.8,28.8,28.8,28.8,668,1925107.0,0.0,10.01,2.62,0.23
2016-07-29,002803,31.68,31.68,31.68,31.68,599,1897727.0,0.0,10.0,2.88,0.21
2016-08-01,002803,34.85,34.85,34.85,34.85,1015,3537275.0,0.0,10.01,3.17,0.35
2016-08-02,002803,38.34,38.34,38.34,38.34,1155,4429151.0,0.0,10.01,3.49,0.4
2016-08-03,002803,42.17,42.17,42.17,42.17,989,4169263.0,0.0,9.99,3.83,0.34
2016-08-04,002803,46.39,46.39,46.39,46.39,1018,4720321.0,0.0,10.01,4.22,0.35
2016-08-05,002803,51.03,51.03,51.03,51.03,2704,13798563.0,0.0,10.0,4.64,0.93
2016-08-08,002803,56.13,56.13,56.13,56.13,4168,23396387.0,0.0,9.99,5.1,1.44
2016-08-09,002803,55.98,58.91,60.88,52.03,196727,1087393872.0,15.77,4.95,2.78,67.84
2016-08-10,002803,57.0,57.91,61.0,56.17,170684,1002148384.0,8.2,-1.7,-1.0,58.86
2016-08-11,002803,55.95,55.62,58.0,55.3,112619,635837952.0,4.66,-3.95,-2.29,38.83
2016-08-12,002803,54.39,59.31,60.8,54.16,154600,902011504.0,11.94,6.63,3.69,53.31
2016-08-15,002803,58.89,60.52,61.59,58.85,137428,827140016.0,4.62,2.04,1.21,47.39
2016-08-16,002803,59.18,61.91,65.8,59.18,140270,875460560.0,10.94,2.3,1.39,48.37
2016-08-17,002803,60.9,62.66,62.98,60.08,107163,659179120.0,4.68,1.21,0.75,36.95
2016-08-18,002803,62.85,63.42,65.73,61.9,120774,767403456.0,6.11,1.21,0.76,41.65
2016-08-19,002803,63.0,59.01,63.0,58.71,98056,593183952.0,6.76,-6.95,-4.41,33.81
2016-08-22,002803,58.0,56.05,58.67,56.0,60137,342488384.0,4.52,-5.02,-2.96,20.74
2016-08-23,002803,56.0,56.65,57.2,55.8,44119,249055839.0,2.5,1.07,0.6,15.21
2016-08-24,002803,56.65,55.22,56.87,54.98,46160,256271047.0,3.34,-2.52,-1.43,15.92
2016-08-25,002803,54.5,56.13,56.4,52.59,67601,367070096.0,6.9,1.65,0.91,23.31
2016-08-26,002803,55.2,55.45,56.4,54.68,50229,278669296.0,3.06,-1.21,-0.68,17.32
2016-08-29,002803,54.55,53.07,55.3,52.9,31612,170631278.0,4.33,-4.29,-2.38,10.9
2016-08-30,002803,53.01,53.2,54.35,52.9,25514,136404645.0,2.73,0.24,0.13,8.8
2016-08-31,002803,53.01,55.22,56.0,52.71,54857,299372448.0,6.18,3.8,2.02,18.92
2016-09-01,002803,54.67,54.65,55.86,54.31,46162,253764828.0,2.81,-1.03,-0.57,15.92
2016-09-02,002803,53.3,52.96,54.02,52.81,33827,180189842.0,2.21,-3.09,-1.69,11.66
2016-09-05,002803,52.96,50.55,53.29,50.12,37938,196273541.0,5.99,-4.55,-2.41,13.08
2016-09-06,002803,50.55,51.32,51.85,49.68,30444,154202521.0,4.29,1.52,0.77,10.5
2016-09-07,002803,51.29,49.81,51.29,49.8,27704,139634644.0,2.9,-2.94,-1.51,9.55
2016-09-08,002803,49.9,49.05,50.13,48.9,25812,127633071.0,2.47,-1.53,-0.76,8.9
2016-09-09,002803,49.05,48.05,49.43,48.03,26898,131188615.0,2.85,-2.04,-1.0,9.28
2016-09-12,002803,46.2,47.2,47.95,45.78,26988,126657872.0,4.52,-1.77,-0.85,9.31
2016-09-13,002803,47.71,48.28,48.68,47.41,26539,127812337.0,2.69,2.29,1.08,9.15
2016-09-14,002803,47.8,47.85,48.31,47.16,16205,77597791.0,2.38,-0.89,-0.43,5.59
2016-09-19,002803,47.8,48.14,48.63,47.8,11762,56737855.0,1.73,0.61,0.29,4.06
2016-09-20,002803,48.25,47.2,48.25,47.01,16378,77611865.0,2.58,-1.95,-0.94,5.65
2016-09-21,002803,47.35,48.35,48.4,46.63,39823,191308485.0,3.75,2.44,1.15,13.73
2016-09-22,002803,48.99,47.49,49.45,47.29,41648,200371737.0,4.47,-1.78,-0.86,14.36
2016-09-23,002803,47.0,45.2,47.0,44.99,35956,165313360.0,4.23,-4.82,-2.29,12.4
2016-09-26,002803,44.59,42.18,44.59,42.13,28434,123111406.0,5.44,-6.68,-3.02,9.8
2016-09-27,002803,42.1,42.69,42.93,42.01,17394,73954361.0,2.18,1.21,0.51,6.0
2016-09-28,002803,42.46,42.65,43.05,42.21,15996,68295039.0,1.97,-0.09,-0.04,5.52
2016-09-29,002803,42.65,43.56,44.31,42.32,24029,104527543.0,4.67,2.13,0.91,8.29
2016-09-30,002803,43.2,43.86,44.26,43.0,16689,73012291.0,2.89,0.69,0.3,5.75
2016-10-10,002803,44.08,45.5,45.5,43.5,20529,91978763.0,4.56,3.74,1.64,7.08
2016-10-11,002803,45.35,45.39,45.88,44.82,16540,75034738.0,2.33,-0.24,-0.11,5.7
2016-10-12,002803,45.0,45.28,45.79,44.72,14901,67545676.0,2.36,-0.24,-0.11,5.14
2016-10-13,002803,45.38,44.85,45.46,44.8,12227,55049197.0,1.46,-0.95,-0.43,4.22
2016-10-14,002803,44.86,45.54,45.87,44.61,18899,85723720.0,2.81,1.54,0.69,6.52
2016-10-17,002803,45.58,46.69,46.69,45.0,46044,212973858.0,3.71,2.53,1.15,15.88
2016-10-18,002803,46.7,49.28,49.99,46.69,74628,358700480.0,7.07,5.55,2.59,25.73
2016-10-19,002803,48.51,48.22,48.99,47.55,47334,227695758.0,2.92,-2.15,-1.06,16.32
2016-10-20,002803,47.98,46.87,48.17,46.32,35262,165697927.0,3.84,-2.8,-1.35,12.16
2016-10-21,002803,46.5,47.11,47.25,46.1,23295,108770113.0,2.45,0.51,0.24,8.03
2016-10-24,002803,46.73,46.99,47.37,46.46,19549,91738295.0,1.93,-0.25,-0.12,6.74
2016-10-25,002803,47.23,47.95,48.37,46.93,29646,141682676.0,3.06,2.04,0.96,10.22
2016-10-26,002803,47.48,46.66,47.8,46.44,21506,101064723.0,2.84,-2.69,-1.29,7.42
2016-10-27,002803,46.74,50.06,50.51,46.61,71903,352559264.0,8.36,7.29,3.4,24.79
2016-10-28,002803,49.88,49.6,53.33,49.12,100009,513200672.0,8.41,-0.92,-0.46,34.49
2016-10-31,002803,49.0,49.49,51.5,48.0,56907,283129680.0,7.06,-0.22,-0.11,19.62
2016-11-01,002803,48.65,50.04,50.55,48.65,44202,220342622.0,3.84,1.11,0.55,15.24
2016-11-02,002803,50.01,51.98,52.77,49.2,71104,364734704.0,7.13,3.88,1.94,24.52
2016-11-03,002803,51.7,50.71,52.4,50.61,55929,288600384.0,3.44,-2.44,-1.27,19.29
2016-11-04,002803,50.01,51.77,52.0,50.0,35726,182980052.0,3.94,2.09,1.06,12.32
2016-11-07,002803,51.88,53.95,54.38,51.31,73807,393284800.0,5.93,4.21,2.18,25.45
2016-11-08,002803,53.47,53.13,53.88,52.11,63158,333661520.0,3.28,-1.52,-0.82,21.78
2016-11-09,002803,52.75,52.67,53.23,50.88,50597,264285334.0,4.42,-0.87,-0.46,17.45
2016-11-10,002803,53.02,54.0,54.78,52.49,69071,371079312.0,4.35,2.53,1.33,23.82
2016-11-11,002803,53.98,52.88,54.99,52.7,49946,268782832.0,4.24,-2.07,-1.12,17.22
2016-11-14,002803,52.18,53.05,53.99,51.51,39706,207721900.0,4.69,0.32,0.17,13.69
2016-11-15,002803,53.49,53.07,53.9,52.69,33574,178683607.0,2.28,0.04,0.02,11.58
2016-11-16,002803,53.1,51.16,53.16,51.0,28522,148465039.0,4.07,-3.6,-1.91,9.84
2016-11-17,002803,51.04,48.81,51.05,48.0,36019,177244408.0,5.96,-4.59,-2.35,12.42
2016-11-18,002803,49.18,49.64,50.48,49.18,22245,111050729.0,2.66,1.7,0.83,7.67
2016-11-21,002803,49.77,50.75,51.0,48.3,27132,135799450.0,5.44,2.24,1.11,9.36
2016-11-22,002803,51.28,52.15,52.5,50.81,35982,186289565.0,3.33,2.76,1.4,12.41
2016-11-23,002803,52.6,51.9,52.88,51.4,40027,209293094.0,2.84,-0.48,-0.25,13.8
2016-11-24,002803,51.55,52.8,53.5,51.55,60230,317710144.0,3.76,1.73,0.9,20.77
2016-11-25,002803,52.1,54.01,54.4,49.2,71933,374560544.0,9.85,2.29,1.21,24.8
2016-11-28,002803,54.06,56.02,58.12,54.06,94471,529953856.0,7.52,3.72,2.01,32.58
2016-11-29,002803,55.18,61.62,61.62,55.18,162023,968675744.0,11.5,10.0,5.6,55.87
2016-11-30,002803,60.48,56.98,61.9,55.48,149781,882466560.0,10.42,-7.53,-4.64,51.65
2016-12-01,002803,55.3,57.5,60.99,55.2,109324,639647328.0,10.16,0.91,0.52,37.7
2016-12-02,002803,55.9,58.84,60.6,55.21,96439,556877312.0,9.37,2.33,1.34,33.25
2016-12-05,002803,57.25,61.2,61.69,57.2,92864,555843104.0,7.63,4.01,2.36,32.02
2016-12-06,002803,60.8,57.54,60.8,57.16,88938,520540576.0,5.95,-5.98,-3.66,30.67
2016-12-07,002803,55.3,57.03,58.49,55.0,68946,393631056.0,6.07,-0.89,-0.51,23.77
2016-12-08,002803,56.82,53.76,57.03,52.5,54285,300249952.0,7.94,-5.73,-3.27,18.72
2016-12-09,002803,53.1,54.91,55.99,53.08,47219,259811994.0,5.41,2.14,1.15,16.28
2016-12-12,002803,55.01,52.08,56.34,51.6,35626,189938154.0,8.63,-5.15,-2.83,12.28
2016-12-13,002803,51.36,52.45,52.88,51.36,22559,118035905.0,2.92,0.71,0.37,7.78
2016-12-14,002803,53.0,57.7,57.7,52.5,73337,412357296.0,9.91,10.01,5.25,25.29
2016-12-15,002803,57.7,62.0,63.0,57.26,95977,585819504.0,9.95,7.45,4.3,33.1
2016-12-16,002803,62.0,62.01,64.0,59.21,84993,525267952.0,7.73,0.02,0.01,29.31
2016-12-19,002803,62.0,67.3,67.3,58.0,102623,646049600.0,15.0,8.53,5.29,35.39
2016-12-20,002803,67.52,74.03,74.03,64.3,98838,692963648.0,14.46,10.0,6.73,34.08
2016-12-21,002803,72.0,72.53,77.65,66.63,209497,1431608064.0,14.89,-2.03,-1.5,72.24
2016-12-22,002803,65.28,65.28,66.68,65.28,123648,807583504.0,1.93,-10.0,-7.25,42.64
2016-12-23,002803,62.17,58.75,62.53,58.75,72138,426727536.0,5.79,-10.0,-6.53,24.88
2016-12-26,002803,55.63,62.9,63.09,54.0,122073,720728960.0,15.47,7.06,4.15,42.09
2016-12-27,002803,60.0,56.9,61.5,56.61,114120,664348592.0,7.77,-9.54,-6.0,39.35
2016-12-28,002803,56.05,56.56,58.44,55.01,61358,350132384.0,6.03,-0.6,-0.34,21.16
2016-12-29,002803,56.5,54.81,56.9,54.2,62514,345092848.0,4.77,-3.09,-1.75,21.56
2016-12-30,002803,55.18,51.78,55.18,51.5,66174,352076320.0,6.71,-5.53,-3.03,22.82
2017-01-03,002803,51.77,53.17,53.45,51.62,45113,237433537.0,3.53,2.68,1.39,15.56
2017-01-04,002803,53.4,54.57,56.8,53.17,75420,415866400.0,6.83,2.63,1.4,26.01
2017-01-05,002803,54.03,51.9,54.03,51.8,55476,292208880.0,4.09,-4.89,-2.67,19.13
2017-01-06,002803,51.97,52.48,53.78,51.96,49033,258893066.0,3.51,1.12,0.58,16.91
2017-01-09,002803,52.01,49.06,52.17,48.0,49576,244858403.0,7.95,-6.52,-3.42,17.1
2017-01-10,002803,49.37,49.65,49.79,48.31,31278,153333331.0,3.02,1.2,0.59,10.79
2017-01-11,002803,49.54,45.72,49.54,45.51,44087,208066504.0,8.12,-7.92,-3.93,15.2
2017-01-12,002803,45.6,43.55,46.4,43.03,37926,168749966.0,7.37,-4.75,-2.17,13.08
2017-01-13,002803,43.64,43.9,44.64,42.12,39385,172078604.0,5.79,0.8,0.35,13.58
2017-01-16,002803,43.6,39.59,43.6,39.51,38155,156811404.0,9.32,-9.82,-4.31,13.16
2017-01-17,002803,39.17,41.0,41.5,38.38,38990,156161870.0,7.88,3.56,1.41,13.44
2017-01-18,002803,40.68,40.32,40.96,39.8,21346,86201781.0,2.83,-1.66,-0.68,7.36
2017-01-19,002803,40.53,41.91,44.0,40.04,43164,182606664.0,9.82,3.94,1.59,14.88
2017-01-20,002803,41.91,42.32,43.97,41.45,30411,129964006.0,6.01,0.98,0.41,10.49
2017-01-23,002803,43.0,43.32,43.55,42.55,24613,106139659.0,2.36,2.36,1.0,8.49
2017-01-24,002803,43.32,45.09,46.0,43.11,42344,190492246.0,6.67,4.09,1.77,14.6
2017-01-25,002803,44.7,45.03,45.87,43.67,27698,123577433.0,4.88,-0.13,-0.06,9.55
2017-01-26,002803,44.88,45.38,46.5,44.7,21249,96862899.0,4.0,0.78,0.35,7.33
2017-04-26,002803,40.84,40.84,40.84,40.84,3326,13583384.0,0.0,-10.0,-4.54,1.15
2017-04-27,002803,36.76,39.02,42.5,36.76,48774,186682657.0,14.05,-4.46,-1.82,16.82
2017-04-28,002803,37.61,38.34,40.42,37.61,25882,101012873.0,7.2,-1.74,-0.68,8.92
2017-05-02,002803,38.35,35.96,38.65,35.82,30102,110914926.0,7.38,-6.21,-2.38,10.38
2017-05-03,002803,36.63,37.1,37.37,36.12,22405,82544178.0,3.48,3.17,1.14,7.73
2017-05-04,002803,37.07,40.81,40.81,36.56,44749,175263171.0,11.46,10.0,3.71,15.43
2017-05-05,002803,41.22,43.12,44.8,41.22,58506,252432842.0,8.77,5.66,2.31,20.17
2017-05-08,002803,44.13,41.52,44.13,40.0,30382,127979556.0,9.58,-3.71,-1.6,10.48
2017-05-09,002803,41.7,42.98,44.28,41.6,34031,146938408.0,6.45,3.52,1.46,11.73
2017-05-10,002803,43.05,41.37,43.3,41.0,27214,114415495.0,5.35,-3.75,-1.61,9.38
2017-05-11,002803,40.31,40.27,41.17,38.21,26963,107088856.0,7.15,-2.66,-1.1,9.3
2017-05-12,002803,40.51,41.69,41.79,40.2,21625,88678013.0,3.95,3.53,1.42,7.46
2017-05-15,002803,41.85,40.85,42.68,40.7,15197,62726107.0,4.75,-2.01,-0.84,5.24
2017-05-16,002803,40.75,40.9,40.96,39.11,17878,71627148.0,4.53,0.12,0.05,6.16
2017-05-17,002803,41.0,40.72,42.25,40.54,17603,72703575.0,4.18,-0.44,-0.18,6.07
2017-05-18,002803,39.99,39.72,40.65,39.5,12862,51399998.0,2.82,-2.46,-1.0,4.44
2017-05-19,002803,40.1,39.64,40.67,39.6,9135,36531842.0,2.69,-0.2,-0.08,3.15
2017-05-22,002803,39.4,38.0,40.14,37.61,14891,57535826.0,6.38,-4.14,-1.64,5.13
2017-05-23,002803,37.5,35.7,38.48,35.22,12460,46025163.0,8.58,-6.05,-2.3,4.3
2017-05-24,002803,35.7,36.21,36.54,35.25,8052,29090521.0,3.61,1.43,0.51,2.78
2017-05-25,002803,36.22,38.26,39.2,36.22,13811,52349187.0,8.23,5.66,2.05,4.76
2017-05-26,002803,38.45,37.95,38.5,37.53,9674,36688599.0,2.54,-0.81,-0.31,3.34
2017-05-31,002803,39.0,37.97,39.49,37.8,10008,38713468.0,4.45,0.05,0.02,3.45
2017-06-01,002803,37.5,35.88,37.87,35.38,12199,44373651.0,6.56,-5.5,-2.09,4.21
2017-06-02,002803,35.0,36.39,37.0,34.51,9418,33621303.0,6.94,1.42,0.51,3.25
2017-06-05,002803,36.48,36.22,36.78,36.16,5702,20734677.0,1.7,-0.47,-0.17,1.97
2017-06-06,002803,36.2,35.84,36.2,35.73,4985,17908715.0,1.3,-1.05,-0.38,1.72
2017-06-07,002803,35.4,37.24,37.28,35.4,9226,33946397.0,5.25,3.91,1.4,3.18
2017-06-08,002803,37.2,37.55,38.25,37.2,11843,44671191.0,2.82,0.83,0.31,4.08
2017-06-09,002803,37.54,37.02,37.75,36.68,6816,25312078.0,2.85,-1.41,-0.53,2.35
2017-06-12,002803,36.99,36.32,37.65,36.0,7494,27720358.0,4.46,-1.89,-0.7,2.58
2017-06-13,002803,36.32,37.05,37.37,36.32,6798,25072291.0,2.89,2.01,0.73,2.34
2017-06-14,002803,37.02,37.05,37.45,36.7,5643,20882776.0,2.02,0.0,0.0,1.95
2017-06-15,002803,36.68,38.9,39.0,36.68,18654,71396399.0,6.26,4.99,1.85,6.43
2017-06-16,002803,38.8,38.12,39.12,37.93,12989,49629446.0,3.06,-2.01,-0.78,4.48
2017-06-19,002803,38.0,38.07,38.59,37.7,6821,26024157.0,2.33,-0.13,-0.05,2.35
2017-06-20,002803,38.45,39.42,39.69,37.85,17554,68444421.0,4.83,3.55,1.35,6.05
2017-06-21,002803,39.6,39.49,39.88,39.01,12793,50457875.0,2.21,0.18,0.07,4.41
2017-06-22,002803,39.3,38.21,39.47,38.0,9291,35982758.0,3.72,-3.24,-1.28,3.2
2017-06-23,002803,38.21,38.8,38.8,37.71,6435,24635964.0,2.85,1.54,0.59,2.22
2017-06-26,002803,40.13,39.62,40.45,39.42,13085,52089356.0,2.65,2.11,0.82,4.51
2017-06-27,002803,39.2,39.0,39.42,38.87,7883,30824954.0,1.39,-1.56,-0.62,2.72
2017-06-28,002803,38.9,38.2,38.9,38.06,7141,27427725.0,2.15,-2.05,-0.8,2.46
2017-06-29,002803,38.3,38.56,38.66,38.14,5191,19956349.0,1.36,0.94,0.36,1.79
2017-06-30,002803,38.1,39.0,39.16,38.1,5818,22576451.0,2.75,1.14,0.44,2.01
2017-07-03,002803,39.0,39.0,39.3,38.71,4405,17160012.0,1.51,0.0,0.0,1.52
2017-07-04,002803,39.05,38.72,39.1,38.71,3516,13675534.0,1.0,-0.72,-0.28,1.21
2017-07-05,002803,38.99,39.23,39.47,38.62,5197,20358410.0,2.2,1.32,0.51,1.79
2017-07-06,002803,39.17,40.5,40.95,39.17,15869,63562446.0,4.54,3.24,1.27,5.47
2017-07-07,002803,40.5,40.32,40.7,39.88,10702,43090118.0,2.02,-0.44,-0.18,3.69
2017-07-10,002803,39.92,38.85,39.92,38.7,9225,36137345.0,3.03,-3.65,-1.47,3.18
2017-07-11,002803,38.55,37.0,38.89,37.0,9026,34230475.0,4.86,-4.76,-1.85,3.11
2017-07-12,002803,37.1,37.96,37.99,37.02,5614,21069792.0,2.62,2.59,0.96,1.22
2017-07-13,002803,37.96,37.43,38.48,37.3,4252,16115364.0,3.11,-1.4,-0.53,0.92
2017-07-14,002803,37.43,37.48,37.84,37.1,3895,14575737.0,1.98,0.13,0.05,0.85
2017-07-17,002803,37.38,34.16,37.47,33.74,9168,32129967.0,9.95,-8.86,-3.32,1.99
2017-07-18,002803,33.1,35.0,35.16,33.1,6331,21827851.0,6.03,2.46,0.84,1.38
2017-07-19,002803,35.0,35.85,35.85,34.78,3900,13802476.0,3.06,2.43,0.85,0.85
2017-07-20,002803,35.8,35.99,36.99,35.06,5670,20527253.0,5.38,0.39,0.14,1.23
2017-07-21,002803,35.39,35.4,36.48,33.21,4283,15258876.0,9.09,-1.64,-0.59,0.93
2017-07-24,002803,35.29,35.09,36.2,35.0,5406,19128893.0,3.39,-0.88,-0.31,1.18
2017-07-25,002803,35.17,35.43,35.76,35.01,5403,19056012.0,2.14,0.97,0.34,1.17
2017-07-26,002803,35.44,34.41,35.74,34.0,6262,21754733.0,4.91,-2.88,-1.02,1.36
2017-07-27,002803,34.41,35.1,35.5,34.32,7021,24649774.0,3.43,2.01,0.69,1.53
2017-07-28,002803,35.06,35.34,35.49,34.49,4966,17474963.0,2.85,0.68,0.24,1.08
2017-07-31,002803,35.15,35.08,35.51,34.78,5432,19031732.0,2.07,-0.74,-0.26,1.18
2017-08-01,002803,35.39,35.32,35.39,35.08,4170,14672165.0,0.88,0.68,0.24,0.91
2017-08-02,002803,35.5,34.68,35.5,34.65,6301,21967302.0,2.41,-1.81,-0.64,1.37
2017-08-03,002803,34.3,34.48,35.14,34.11,5401,18685731.0,2.97,-0.58,-0.2,1.17
2017-08-04,002803,34.69,34.29,34.69,34.03,5707,19518697.0,1.91,-0.55,-0.19,1.24
2017-08-07,002803,34.2,33.6,34.46,33.52,6135,20747444.0,2.74,-2.01,-0.69,1.33
2017-08-08,002803,33.8,33.2,34.21,33.05,6788,22748073.0,3.45,-1.19,-0.4,1.48
2017-08-09,002803,33.22,32.39,33.53,32.2,9633,31435288.0,4.01,-2.44,-0.81,2.09
2017-08-10,002803,32.39,31.5,32.39,31.35,9011,28497019.0,3.21,-2.75,-0.89,1.96
2017-08-11,002803,31.46,31.45,31.9,31.05,4624,14578010.0,2.7,-0.16,-0.05,1.01
2017-08-14,002803,31.45,32.31,32.38,31.31,6919,22217253.0,3.4,2.73,0.86,1.5
2017-08-15,002803,32.5,32.35,32.5,32.05,3660,11800021.0,1.39,0.12,0.04,0.8
2017-08-16,002803,32.45,32.5,32.58,32.1,3585,11605168.0,1.48,0.46,0.15,0.78
2017-08-17,002803,32.25,32.41,32.68,32.0,5093,16510980.0,2.09,-0.28,-0.09,1.11
2017-08-18,002803,32.23,32.5,32.58,31.95,4661,15048116.0,1.94,0.28,0.09,1.01
2017-08-21,002803,32.8,33.8,33.93,32.31,9306,30995857.0,4.98,4.0,1.3,2.02
2017-08-22,002803,33.48,33.5,33.78,33.21,4905,16418464.0,1.69,-0.89,-0.3,1.07
2017-08-23,002803,33.22,33.36,33.5,32.75,4910,16266448.0,2.24,-0.42,-0.14,1.07
2017-08-24,002803,33.34,33.57,33.59,33.04,4520,15034467.0,1.65,0.63,0.21,0.98
2017-08-25,002803,33.39,33.75,33.77,33.31,4120,13850561.0,1.37,0.54,0.18,0.9
2017-08-28,002803,33.41,34.28,34.34,33.37,8055,27428290.0,2.87,1.57,0.53,1.75
2017-08-29,002803,34.3,34.18,34.49,33.92,7090,24229456.0,1.66,-0.29,-0.1,1.54
2017-08-30,002803,34.22,33.37,34.22,33.33,5722,19251447.0,2.6,-2.37,-0.81,1.24
2017-08-31,002803,33.37,33.67,33.74,33.3,3989,13377722.0,1.32,0.9,0.3,0.87
2017-09-01,002803,33.79,34.7,36.95,33.79,17868,63283439.0,9.39,3.06,1.03,3.88
2017-09-04,002803,34.4,33.92,34.4,33.52,8413,28517538.0,2.54,-2.25,-0.78,1.83
2017-09-05,002803,33.93,33.7,34.19,33.66,7692,26024734.0,1.56,-0.65,-0.22,1.67
2017-09-06,002803,33.92,34.67,34.81,33.79,10842,37382118.0,3.03,2.88,0.97,2.36
2017-09-07,002803,34.5,34.54,34.98,34.21,6078,21036191.0,2.22,-0.37,-0.13,1.32
2017-09-08,002803,34.4,34.5,34.78,34.2,5553,19137655.0,1.68,-0.12,-0.04,1.21
2017-09-11,002803,34.6,34.88,34.94,34.28,5497,19105012.0,1.91,1.1,0.38,1.19
2017-09-12,002803,34.97,34.47,35.09,33.94,6507,22407660.0,3.3,-1.18,-0.41,1.41
2017-09-13,002803,34.47,34.91,34.93,34.2,5026,17443674.0,2.12,1.28,0.44,1.09
2017-09-14,002803,34.61,35.64,36.48,34.61,16085,57376050.0,5.36,2.09,0.73,3.5
2017-09-15,002803,35.41,35.09,35.79,34.86,5904,20742749.0,2.61,-1.54,-0.55,1.28
2017-09-18,002803,35.01,35.52,35.58,34.64,6250,21979765.0,2.68,1.23,0.43,1.36
2017-09-19,002803,35.52,35.0,35.59,34.9,6970,24485543.0,1.94,-1.46,-0.52,1.52
2017-09-20,002803,34.99,35.65,35.78,34.99,7237,25662953.0,2.26,1.86,0.65,1.57
2017-09-21,002803,36.3,35.65,36.39,35.65,7096,25483448.0,2.08,0.0,0.0,1.54
2017-09-22,002803,35.21,35.58,36.09,34.8,4360,15449456.0,3.62,-0.2,-0.07,0.95
2017-09-25,002803,35.58,35.06,35.94,35.0,2887,10276541.0,2.64,-1.46,-0.52,0.63
2017-09-26,002803,35.09,36.0,36.0,35.0,6436,22904247.0,2.85,2.68,0.94,1.4
2017-09-27,002803,35.97,35.72,35.97,35.57,5159,18451654.0,1.11,-0.78,-0.28,1.12
2017-09-28,002803,35.46,35.66,36.0,35.46,5383,19249914.0,1.51,-0.17,-0.06,1.17
2017-09-29,002803,35.53,36.17,36.5,35.53,4760,17173217.0,2.72,1.43,0.51,1.03
2017-10-09,002803,36.3,37.46,37.5,36.18,7641,28015738.0,3.65,3.57,1.29,1.66
2017-10-10,002803,37.46,37.4,37.46,36.72,5127,19067275.0,1.98,-0.16,-0.06,1.11
2017-10-11,002803,37.23,39.06,41.0,36.96,12581,48537874.0,10.8,4.44,1.66,2.73
2017-10-12,002803,38.73,39.66,40.58,38.61,11453,45582371.0,5.04,1.54,0.6,2.49
2017-10-13,002803,39.8,39.23,39.99,39.15,5815,22884125.0,2.12,-1.08,-0.43,1.26
2017-10-16,002803,38.91,38.52,39.9,37.71,5817,22589004.0,5.58,-1.81,-0.71,1.26
2017-10-17,002803,38.64,38.09,38.64,38.01,3389,12963082.0,1.64,-1.12,-0.43,0.74
2017-10-18,002803,37.65,37.28,38.39,37.08,4700,17754196.0,3.44,-2.13,-0.81,1.02
2017-10-19,002803,37.48,39.46,40.98,37.2,12398,48550045.0,10.14,5.85,2.18,2.7
2017-10-20,002803,39.2,39.16,39.96,38.79,5322,20863316.0,2.97,-0.76,-0.3,1.16
2017-10-23,002803,39.73,41.38,43.08,39.73,35966,150776939.0,8.55,5.67,2.22,7.82
2017-10-24,002803,41.7,41.91,44.41,41.04,39645,168554683.0,8.14,1.28,0.53,8.62
2017-10-25,002803,41.54,43.0,44.0,41.54,29779,128217375.0,5.87,2.6,1.09,6.47
2017-10-26,002803,43.6,41.3,43.6,41.08,25701,107252465.0,5.86,-3.95,-1.7,5.59
2017-10-27,002803,39.48,40.55,41.79,39.48,17750,72193753.0,5.59,-1.82,-0.75,3.86
2017-10-30,002803,40.71,40.22,41.48,39.71,10816,43864500.0,4.36,-0.81,-0.33,2.35
2017-10-31,002803,40.75,40.7,40.98,40.07,7651,31046382.0,2.26,1.19,0.48,1.66
2017-11-01,002803,39.65,40.95,40.96,39.6,17656,71461436.0,3.34,0.61,0.25,3.84
2017-11-02,002803,40.95,41.88,42.3,40.95,19789,82250233.0,3.3,2.27,0.93,4.3
2017-11-03,002803,41.27,42.3,42.5,41.27,14030,59107183.0,2.94,1.0,0.42,3.05
2017-11-06,002803,42.48,43.7,43.99,42.35,15769,68525698.0,3.88,3.31,1.4,3.43
2017-11-07,002803,43.75,43.43,44.21,43.0,13577,59280622.0,2.77,-0.62,-0.27,2.95
2017-11-08,002803,43.24,44.75,45.15,43.07,12803,56317728.0,4.79,3.04,1.32,2.78
2017-11-09,002803,44.67,45.93,46.0,44.0,12161,54897536.0,4.47,2.64,1.18,2.64
2017-11-10,002803,45.5,45.5,46.29,44.95,9463,43339067.0,2.92,-0.94,-0.43,2.06
2017-11-13,002803,45.35,44.25,45.9,43.8,9834,43797278.0,4.62,-2.75,-1.25,2.14
2017-11-14,002803,44.82,44.14,44.82,43.98,7260,32157792.0,1.9,-0.25,-0.11,1.58
2017-11-15,002803,44.14,44.79,44.88,44.14,6243,27837579.0,1.68,1.47,0.65,1.36
2017-11-16,002803,44.61,45.41,45.68,44.61,7110,32218899.0,2.39,1.38,0.62,1.55
2017-11-17,002803,45.84,44.98,46.2,44.04,9338,42037941.0,4.76,-0.95,-0.43,2.03
2017-11-20,002803,44.53,43.4,44.6,42.58,7607,32969197.0,4.49,-3.51,-1.58,1.65
2017-11-21,002803,42.85,43.41,44.69,42.85,5298,23266205.0,4.24,0.02,0.01,1.15
2017-11-22,002803,43.05,43.02,43.8,42.62,5438,23409211.0,2.72,-0.9,-0.39,1.18
2017-11-23,002803,43.44,42.45,43.44,41.78,14401,61718808.0,3.86,-1.32,-0.57,3.13
2017-11-24,002803,42.01,42.3,42.8,41.89,3531,14899881.0,2.14,-0.35,-0.15,0.77
2017-11-27,002803,42.3,43.2,43.95,42.3,7334,31717062.0,3.9,2.13,0.9,1.59
2017-11-28,002803,43.05,42.95,43.62,42.0,3834,16346008.0,3.75,-0.58,-0.25,0.83
2017-11-29,002803,43.0,43.39,43.4,42.05,5132,21952905.0,3.14,1.02,0.44,1.12
2017-11-30,002803,43.75,43.23,43.75,43.03,2730,11818136.0,1.66,-0.37,-0.16,0.59
2017-12-01,002803,43.2,43.4,43.59,43.17,2896,12552415.0,0.97,0.39,0.17,0.63
2017-12-04,002803,43.2,42.79,43.2,42.13,3183,13605825.0,2.47,-1.41,-0.61,0.69
2017-12-05,002803,42.35,42.54,42.97,42.0,4229,17955812.0,2.27,-0.58,-0.25,0.92
2017-12-06,002803,42.18,42.46,42.79,40.25,5760,24037138.0,5.97,-0.19,-0.08,1.25
2017-12-07,002803,42.3,41.8,42.3,41.05,2618,10891561.0,2.94,-1.55,-0.66,0.57
2017-12-08,002803,41.41,41.0,41.95,41.0,2481,10291652.0,2.27,-1.91,-0.8,0.54
2017-12-11,002803,41.25,41.99,42.1,40.88,2678,11127592.0,2.98,2.41,0.99,0.58
2017-12-12,002803,41.77,41.93,42.22,41.5,3436,14414711.0,1.71,-0.14,-0.06,0.75
2017-12-13,002803,41.22,42.1,42.2,41.22,2497,10422527.0,2.34,0.41,0.17,0.54
2017-12-14,002803,41.79,41.75,42.16,41.54,1620,6765509.0,1.47,-0.83,-0.35,0.35
2017-12-15,002803,41.51,40.54,41.81,40.54,3459,14254351.0,3.04,-2.9,-1.21,0.75
2017-12-18,002803,40.9,41.44,41.93,40.46,3333,13716933.0,3.63,2.22,0.9,0.72
2017-12-19,002803,41.5,42.0,42.0,40.77,3411,14162422.0,2.97,1.35,0.56,0.74
2017-12-20,002803,41.96,42.1,42.1,41.47,2665,11148679.0,1.5,0.24,0.1,0.58
2017-12-21,002803,42.04,41.81,42.04,41.73,2352,9846030.0,0.74,-0.69,-0.29,0.51
2017-12-22,002803,41.6,42.5,42.5,41.0,9142,38457495.0,3.59,1.65,0.69,1.99
2017-12-25,002803,42.9,42.4,44.55,42.02,13404,58072286.0,5.95,-0.24,-0.1,2.91
2017-12-26,002803,42.8,42.79,43.16,42.23,6737,28772300.0,2.19,0.92,0.39,1.46
2017-12-27,002803,42.79,43.53,44.18,42.45,5458,23866108.0,4.04,1.73,0.74,1.19
2017-12-28,002803,43.25,43.66,44.2,43.0,3967,17400973.0,2.76,0.3,0.13,0.86
2017-12-29,002803,43.57,45.19,45.31,43.54,6127,27460635.0,4.05,3.5,1.53,1.33
2018-01-02,002803,45.25,45.0,46.01,44.52,5022,22770713.0,3.3,-0.42,-0.19,1.09
2018-01-03,002803,45.0,45.0,45.5,44.6,4285,19247998.0,2.0,0.0,0.0,0.93
2018-01-04,002803,45.44,44.58,45.44,44.25,2608,11640648.0,2.64,-0.93,-0.42,0.57
2018-01-05,002803,43.89,44.19,44.86,43.89,3031,13457632.0,2.18,-0.87,-0.39,0.66
2018-01-08,002803,43.99,44.4,44.69,43.99,3122,13791262.0,1.58,0.48,0.21,0.68
2018-01-09,002803,43.96,43.51,44.33,43.5,2503,10959733.0,1.87,-2.0,-0.89,0.54
2018-01-10,002803,43.5,43.56,43.88,43.14,1453,6333169.0,1.7,0.11,0.05,0.32
2018-01-11,002803,43.18,44.78,45.0,43.18,5713,25508009.0,4.18,2.8,1.22,1.24
2018-01-12,002803,44.78,44.4,44.91,43.8,2689,11900012.0,2.48,-0.85,-0.38,0.58
2018-01-15,002803,43.5,43.5,44.5,43.41,2064,9023379.0,2.45,-2.03,-0.9,0.45
2018-01-16,002803,43.68,44.0,44.04,43.67,2793,12271245.0,0.85,1.15,0.5,0.61
2018-01-17,002803,44.2,43.5,44.2,43.0,2900,12590733.0,2.73,-1.14,-0.5,0.63
2018-01-18,002803,43.23,44.0,44.17,43.23,3305,14437881.0,2.16,1.15,0.5,0.72
2018-01-19,002803,44.0,44.0,44.0,43.27,2453,10731880.0,1.66,0.0,0.0,0.53
2018-01-22,002803,43.49,43.71,43.99,43.2,1827,7945156.0,1.8,-0.66,-0.29,0.4
2018-01-23,002803,43.76,43.51,44.02,43.4,1767,7711066.0,1.42,-0.46,-0.2,0.38
2018-01-24,002803,43.43,43.1,43.47,43.01,2614,11295499.0,1.06,-0.94,-0.41,0.57
2018-01-25,002803,43.1,42.98,43.26,42.48,3399,14551085.0,1.81,-0.28,-0.12,0.74
2018-01-26,002803,42.47,44.2,44.72,42.47,9451,41606270.0,5.23,2.84,1.22,2.05
2018-01-29,002803,44.8,44.12,44.8,43.55,4676,20615626.0,2.83,-0.18,-0.08,1.02
2018-01-30,002803,43.55,43.94,44.09,43.52,1802,7892135.0,1.29,-0.41,-0.18,0.39
2018-01-31,002803,44.0,43.8,44.08,43.1,3073,13437950.0,2.23,-0.32,-0.14,0.67
2018-02-01,002803,43.5,42.98,43.8,40.01,6122,26103268.0,8.65,-1.87,-0.82,1.33
2018-02-02,002803,42.01,42.9,43.29,40.91,5073,21642090.0,5.54,-0.19,-0.08,1.1
2018-02-05,002803,42.0,41.6,42.37,41.18,1521,6353831.0,2.77,-3.03,-1.3,0.33
2018-02-06,002803,40.56,39.05,41.3,37.45,9755,39051866.0,9.25,-6.13,-2.55,2.12
2018-02-07,002803,39.12,39.09,40.15,38.0,10065,39586337.0,5.51,0.1,0.04,2.19
2018-02-08,002803,38.5,39.2,39.3,38.4,1765,6851267.0,2.3,0.28,0.11,0.38
2018-02-09,002803,38.5,37.9,38.5,37.02,3474,13126222.0,3.78,-3.32,-1.3,0.76
2018-02-12,002803,38.05,38.72,38.95,38.05,1379,5322719.0,2.37,2.16,0.82,0.3
2018-02-13,002803,38.8,38.6,38.8,38.0,1944,7458893.0,2.07,-0.31,-0.12,0.42
2018-02-14,002803,38.75,38.59,38.75,38.18,797,3062765.0,1.48,-0.03,-0.01,0.17
2018-02-22,002803,39.01,38.5,39.39,38.28,2043,7895250.0,2.88,-0.23,-0.09,0.44
2018-02-23,002803,38.5,38.16,38.5,37.8,1569,5971331.0,1.82,-0.88,-0.34,0.34
2018-02-26,002803,38.5,38.91,38.91,37.83,2503,9620346.0,2.83,1.97,0.75,0.54
2018-02-27,002803,38.9,39.15,39.46,38.37,1610,6297393.0,2.8,0.62,0.24,0.35
2018-02-28,002803,39.37,39.13,39.48,38.92,3327,13030919.0,1.43,-0.05,-0.02,0.72
2018-03-01,002803,38.9,40.3,42.0,38.81,6814,27740399.0,8.15,2.99,1.17,1.48
2018-03-02,002803,40.53,40.6,41.35,40.45,3831,15667886.0,2.23,0.74,0.3,0.83
2018-03-05,002803,40.99,40.88,42.5,40.7,2634,10856634.0,4.43,0.69,0.28,0.57
2018-03-06,002803,40.88,41.21,41.29,40.88,2409,9900050.0,1.0,0.81,0.33,0.52
2018-03-07,002803,41.69,40.9,41.69,40.65,2733,11173909.0,2.52,-0.75,-0.31,0.59
2018-03-08,002803,40.5,41.0,41.0,40.2,1629,6630808.0,1.96,0.24,0.1,0.35
2018-03-09,002803,41.33,41.06,41.33,40.7,3552,14568331.0,1.54,0.15,0.06,0.77
2018-03-12,002803,41.05,41.05,41.31,40.78,5313,21782165.0,1.29,-0.02,-0.01,1.16
2018-03-13,002803,41.0,41.0,41.28,40.61,1469,6020230.0,1.63,-0.12,-0.05,0.32
2018-03-14,002803,41.0,40.73,41.12,40.51,1740,7103749.0,1.49,-0.66,-0.27,0.38
2018-03-15,002803,39.99,40.65,40.97,39.99,1863,7583336.0,2.41,-0.2,-0.08,0.41
2018-03-16,002803,40.85,40.53,40.85,40.5,1447,5882435.0,0.86,-0.3,-0.12,0.31
2018-03-19,002803,40.53,40.51,40.98,39.68,4764,19398057.0,3.21,-0.05,-0.02,1.04
2018-03-20,002803,40.54,40.85,41.08,40.52,1568,6406288.0,1.38,0.84,0.34,0.34
2018-03-21,002803,41.18,40.61,41.18,40.2,3314,13528784.0,2.4,-0.59,-0.24,0.72
2018-03-22,002803,40.58,40.85,40.97,40.17,1791,7305157.0,1.97,0.59,0.24,0.39
2018-03-23,002803,40.41,40.03,40.41,37.32,3180,12557210.0,7.56,-2.01,-0.82,0.69
2018-03-26,002803,38.5,40.04,40.14,38.16,5257,20765390.0,4.95,0.02,0.01,1.14
2018-03-27,002803,40.1,40.36,40.79,39.43,3350,13453061.0,3.4,0.8,0.32,0.73
2018-03-28,002803,39.78,40.48,40.57,39.7,2620,10543447.0,2.16,0.3,0.12,0.57
2018-03-29,002803,40.49,42.98,44.38,40.48,8032,34113812.0,9.63,6.18,2.5,1.75
2018-03-30,002803,42.6,42.17,43.0,41.9,6620,27928716.0,2.56,-1.88,-0.81,1.44
2018-04-02,002803,42.17,42.31,42.48,41.9,2622,11058093.0,1.38,0.33,0.14,0.57
2018-04-03,002803,42.06,41.58,42.27,41.02,2059,8528075.0,2.95,-1.73,-0.73,0.45
2018-04-04,002803,41.39,41.5,41.77,41.16,2954,12271134.0,1.47,-0.19,-0.08,0.64
2018-04-09,002803,41.6,41.2,41.98,40.85,4341,17879457.0,2.72,-0.72,-0.3,0.94
2018-04-10,002803,40.97,40.79,41.96,40.62,3417,14008562.0,3.25,-1.0,-0.41,0.74
2018-04-11,002803,40.85,42.32,42.38,40.6,5744,23695107.0,4.36,3.75,1.53,1.25
2018-04-12,002803,42.46,41.11,42.46,41.07,4377,18211021.0,3.28,-2.86,-1.21,0.95
2018-04-13,002803,40.85,41.05,41.58,40.69,2631,10789061.0,2.16,-0.15,-0.06,0.57
2018-04-16,002803,40.95,40.57,40.95,39.99,2754,11091446.0,2.34,-1.17,-0.48,0.6
2018-04-17,002803,40.77,39.2,40.97,38.51,3489,13836925.0,6.06,-3.38,-1.37,0.76
2018-04-18,002803,39.2,38.09,39.4,37.66,5089,19518471.0,4.44,-2.83,-1.11,1.11
2018-04-19,002803,37.8,37.86,38.29,37.52,4889,18536922.0,2.02,-0.6,-0.23,1.06
2018-04-20,002803,37.86,39.5,39.5,37.5,4212,16134328.0,5.28,4.33,1.64,0.92
2018-04-23,002803,39.3,39.2,39.3,37.98,3102,12026605.0,3.34,-0.76,-0.3,0.67
2018-04-24,002803,38.28,39.0,39.32,38.28,3841,14976628.0,2.65,-0.51,-0.2,0.84
2018-04-25,002803,38.96,39.58,40.0,38.61,2522,9927386.0,3.56,1.49,0.58,0.55
2018-04-26,002803,42.5,39.67,43.0,39.66,9208,38361740.0,8.44,0.23,0.09,2.0
2018-04-27,002803,39.13,39.2,39.66,38.89,4059,15936888.0,1.94,-1.18,-0.47,0.88
2018-05-02,002803,39.3,39.7,40.5,39.3,3120,12452263.0,3.06,1.28,0.5,0.68
2018-05-03,002803,39.32,40.11,40.27,39.32,3016,12006753.0,2.39,1.03,0.41,0.66
2018-05-04,002803,40.03,39.95,40.48,39.9,2336,9388685.0,1.45,-0.4,-0.16,0.51
2018-05-07,002803,39.28,40.76,40.88,39.28,3176,12806620.0,4.01,2.03,0.81,0.69
2018-05-08,002803,40.72,40.21,40.76,40.15,1945,7855468.0,1.5,-1.35,-0.55,0.42
2018-05-09,002803,39.9,40.28,40.38,39.81,2239,8962750.0,1.42,0.17,0.07,0.49
2018-05-10,002803,40.02,40.96,41.14,39.86,5250,21259357.0,3.18,1.69,0.68,1.14
2018-05-11,002803,40.88,41.1,41.3,39.45,10959,44655505.0,4.52,0.34,0.14,2.38
2018-05-14,002803,40.95,40.19,41.08,40.04,13259,54070751.0,2.53,-2.21,-0.91,2.88
2018-05-15,002803,40.2,39.13,40.2,38.1,7839,30536350.0,5.23,-2.64,-1.06,1.7
2018-05-16,002803,38.81,38.21,39.25,38.05,8725,33529871.0,3.07,-2.35,-0.92,1.9
2018-05-17,002803,38.15,38.49,38.79,38.08,2793,10743562.0,1.86,0.73,0.28,0.61
2018-05-18,002803,38.52,39.4,39.4,37.91,3330,12759068.0,3.87,2.36,0.91,0.72
2018-05-21,002803,39.1,39.47,39.55,38.6,4667,18322445.0,2.41,0.18,0.07,1.01
2018-05-22,002803,39.69,39.4,39.69,39.1,3088,12169701.0,1.49,-0.18,-0.07,0.67
2018-05-23,002803,39.79,40.0,40.55,39.27,12137,48536792.0,3.25,1.52,0.6,2.64
2018-05-24,002803,39.95,39.46,40.39,39.3,4412,17517429.0,2.73,-1.35,-0.54,0.96
2018-05-25,002803,39.48,39.97,40.1,39.11,4682,18527692.0,2.51,1.29,0.51,1.02
2018-05-28,002803,39.8,39.24,39.97,38.8,3991,15770262.0,2.93,-1.83,-0.73,0.87
2018-05-29,002803,39.0,39.07,39.7,38.8,2660,10445551.0,2.29,-0.43,-0.17,0.58
2018-05-30,002803,38.9,37.95,38.91,37.71,4497,17222117.0,3.07,-2.87,-1.12,0.98
2018-05-31,002803,38.08,38.27,38.98,37.53,3036,11608916.0,3.82,0.84,0.32,0.66
2018-06-01,002803,37.81,38.23,38.66,37.8,1824,6954852.0,2.25,-0.1,-0.04,0.4
2018-06-04,002803,38.23,38.21,38.47,37.87,1908,7275029.0,1.57,-0.05,-0.02,0.41
2018-06-05,002803,38.1,38.2,38.38,38.0,2520,9638509.0,0.99,-0.03,-0.01,0.55
2018-06-06,002803,38.12,38.58,38.72,38.12,2338,8996933.0,1.57,0.99,0.38,0.51
2018-06-07,002803,38.6,39.6,42.3,38.27,7157,28437084.0,10.45,2.64,1.02,1.56
2018-06-08,002803,39.36,38.16,39.38,38.02,3878,14944180.0,3.43,-3.64,-1.44,0.84
2018-06-11,002803,37.86,37.93,38.39,37.86,2167,8244886.0,1.39,-0.6,-0.23,0.47
2018-06-12,002803,38.0,38.2,39.01,37.58,5284,20168251.0,3.77,0.71,0.27,1.15
2018-06-13,002803,38.02,37.29,38.27,37.21,3564,13441083.0,2.77,-2.38,-0.91,0.77
2018-06-14,002803,37.25,35.75,37.25,35.4,5141,18608427.0,4.96,-4.13,-1.54,1.12
2018-06-15,002803,36.0,33.06,36.0,33.02,9484,32008258.0,8.34,-7.52,-2.69,2.06
2018-06-19,002803,32.16,29.75,32.16,29.75,9491,28881675.0,7.29,-10.01,-3.31,2.06
2018-06-20,002803,28.86,31.11,31.96,27.62,9906,29461598.0,14.59,4.57,1.36,2.15
2018-06-21,002803,30.77,30.8,32.1,29.54,7616,23421653.0,8.23,-1.0,-0.31,1.66
2018-06-22,002803,30.7,31.45,32.06,29.9,6840,21222888.0,7.01,2.11,0.65,1.49
2018-06-25,002803,31.48,31.0,32.19,30.1,9447,29121867.0,6.65,-1.43,-0.45,2.05
2018-06-26,002803,30.7,31.3,31.3,30.03,8144,25105008.0,4.1,0.97,0.3,1.77
2018-06-27,002803,31.27,32.05,34.01,30.91,11459,36553855.0,9.9,2.4,0.75,2.49
2018-06-28,002803,32.04,32.06,32.4,31.2,6624,21009349.0,3.74,0.03,0.01,1.44
2018-06-29,002803,32.02,33.88,34.0,31.2,15750,51504403.0,8.73,5.68,1.82,3.42
2018-07-02,002803,33.6,33.1,33.6,32.41,14923,49070692.0,3.51,-2.3,-0.78,3.25
2018-07-03,002803,33.09,33.29,33.52,32.0,11762,38584694.0,4.59,0.57,0.19,2.56
2018-07-04,002803,33.29,32.4,33.29,31.5,11739,37775415.0,5.38,-2.67,-0.89,2.56
2018-07-05,002803,32.22,31.36,32.49,31.1,9019,28473228.0,4.29,-3.21,-1.04,1.96
2018-07-06,002803,31.33,32.4,32.49,30.15,14869,46857558.0,7.46,3.32,1.04,3.24
2018-07-09,002803,32.1,32.8,33.07,31.8,14501,46868318.0,3.92,1.23,0.4,3.16
2018-07-10,002803,32.61,32.22,32.95,32.1,10472,33993845.0,2.59,-1.77,-0.58,2.28
2018-07-11,002803,32.0,31.2,32.0,30.79,4559,14219046.0,3.76,-3.17,-1.02,0.99
2018-07-12,002803,31.2,31.76,32.0,31.0,8164,25798200.0,3.21,1.79,0.56,1.78
2018-07-13,002803,31.77,32.0,32.27,31.2,6989,22167016.0,3.37,0.76,0.24,1.52
2018-07-16,002803,31.9,31.65,31.98,31.34,4199,13279026.0,2.0,-1.09,-0.35,0.91
2018-07-17,002803,32.0,31.55,32.0,31.2,3499,11033356.0,2.53,-0.32,-0.1,0.76
2018-07-18,002803,31.3,31.4,31.73,31.07,4752,14938918.0,2.09,-0.48,-0.15,1.04
2018-07-19,002803,31.47,30.44,31.51,29.9,7432,22766126.0,5.13,-3.06,-0.96,1.62
2018-07-20,002803,30.64,31.75,31.9,29.99,9179,28366082.0,6.27,4.3,1.31,2.0
2018-07-23,002803,31.8,31.0,31.8,30.6,6491,20174791.0,3.78,-2.36,-0.75,1.41
2018-07-24,002803,30.5,31.09,31.35,30.5,5014,15535160.0,2.74,0.29,0.09,1.09
2018-07-25,002803,31.11,32.02,32.22,30.87,10065,31919911.0,4.34,2.99,0.93,2.19
2018-07-26,002803,32.3,32.23,33.78,31.5,10546,33984970.0,7.12,0.66,0.21,2.3
2018-07-27,002803,32.6,32.68,33.5,32.22,10359,33847389.0,3.97,1.4,0.45,2.26
2018-07-30,002803,32.3,31.23,32.3,30.61,6835,21284727.0,5.17,-4.44,-1.45,1.49
2018-07-31,002803,30.2,30.39,31.19,30.2,2799,8563447.0,3.17,-2.69,-0.84,0.61
2018-08-01,002803,30.29,30.19,30.74,29.9,3707,11222230.0,2.76,-0.66,-0.2,0.81
2018-08-02,002803,29.97,29.06,29.97,28.18,3361,9691023.0,5.93,-3.74,-1.13,0.73
2018-08-03,002803,28.2,28.59,28.65,28.2,2722,7738778.0,1.55,-1.62,-0.47,0.59
2018-08-06,002803,27.85,26.78,28.47,26.07,5853,15930352.0,8.39,-6.33,-1.81,1.28
2018-08-07,002803,26.78,26.83,27.3,26.2,3827,10277524.0,4.11,0.19,0.05,0.83
2018-08-08,002803,27.09,26.35,27.17,26.17,3001,7978722.0,3.73,-1.79,-0.48,0.65
2018-08-09,002803,26.46,26.55,26.94,26.32,6219,16565100.0,2.35,0.76,0.2,1.35
2018-08-10,002803,26.7,26.6,26.91,26.41,4981,13244113.0,1.88,0.19,0.05,1.09
2018-08-13,002803,26.55,26.39,26.55,26.0,5631,14775926.0,2.07,-0.79,-0.21,1.23
2018-08-14,002803,26.45,26.22,26.62,26.22,4191,11076445.0,1.52,-0.64,-0.17,0.91
2018-08-15,002803,26.27,25.27,26.53,25.25,7017,18211350.0,4.88,-3.62,-0.95,1.53
2018-08-16,002803,24.6,25.59,25.79,24.6,4591,11654319.0,4.71,1.27,0.32,1.0
2018-08-17,002803,25.67,24.06,25.92,23.94,4603,11435975.0,7.74,-5.98,-1.53,1.0
2018-08-20,002803,23.01,24.25,24.3,22.9,6311,15065607.0,5.82,0.79,0.19,1.37
2018-08-21,002803,24.24,25.15,25.99,23.85,6006,15174324.0,8.82,3.71,0.9,1.31
2018-08-22,002803,24.82,24.94,25.42,24.58,3947,9914435.0,3.34,-0.83,-0.21,0.86
2018-08-23,002803,24.48,25.56,25.68,24.48,4323,11014334.0,4.81,2.49,0.62,0.94
2018-08-24,002803,25.42,25.5,25.88,25.28,2643,6784291.0,2.35,-0.23,-0.06,0.58
2018-08-27,002803,25.53,27.04,27.2,25.53,7001,18631786.0,6.55,6.04,1.54,1.53
2018-08-28,002803,26.81,27.95,28.73,26.57,6914,19014603.0,7.99,3.37,0.91,1.51
2018-08-29,002803,27.95,28.11,28.28,27.4,7537,20921117.0,3.15,0.57,0.16,1.64
2018-08-30,002803,30.92,30.92,30.92,30.92,17522,54177745.0,0.0,10.0,2.81,3.82
2018-08-31,002803,31.0,32.13,33.14,30.74,48624,155252024.0,7.76,3.91,1.21,10.59
2018-09-03,002803,30.7,30.35,31.47,29.82,30300,92618964.0,5.14,-5.54,-1.78,6.6
2018-09-04,002803,29.68,29.94,30.29,29.13,20008,59608563.0,3.82,-1.35,-0.41,4.36
2018-09-05,002803,29.94,29.12,30.38,29.1,17772,52812484.0,4.28,-2.74,-0.82,3.87
2018-09-06,002803,29.3,29.13,30.0,29.0,15012,44235376.0,3.43,0.03,0.01,3.27
2018-09-07,002803,29.0,29.0,29.77,28.51,13605,39736440.0,4.33,-0.45,-0.13,2.96
2018-09-10,002803,28.64,28.7,29.6,28.58,11909,34715189.0,3.52,-1.03,-0.3,2.59
2018-09-11,002803,28.64,29.15,29.6,28.64,10124,29528270.0,3.34,1.57,0.45,2.21
2018-09-12,002803,29.06,28.74,29.56,28.6,8173,23639310.0,3.29,-1.41,-0.41,1.78
2018-09-13,002803,29.0,29.18,29.28,28.66,10284,29863484.0,2.16,1.53,0.44,2.24
2018-09-14,002803,29.19,26.75,29.19,26.45,18258,50751455.0,9.39,-8.33,-2.43,3.98
2018-09-17,002803,26.52,27.05,27.36,26.51,11204,30365541.0,3.18,1.12,0.3,2.44
2018-09-18,002803,27.45,27.1,27.45,26.82,9326,25264725.0,2.33,0.18,0.05,2.03
2018-09-19,002803,27.13,27.02,27.3,26.64,8805,23762771.0,2.44,-0.3,-0.08,1.92
2018-09-20,002803,27.14,26.77,27.14,26.62,7665,20573126.0,1.92,-0.93,-0.25,1.67
2018-09-21,002803,26.81,27.09,27.18,26.81,7607,20514129.0,1.38,1.2,0.32,1.66
2018-09-25,002803,27.03,26.39,27.06,26.01,9590,25534448.0,3.88,-2.58,-0.7,2.09
2018-09-26,002803,26.38,26.62,26.79,26.17,12139,32237628.0,2.35,0.87,0.23,2.64
2018-09-27,002803,26.86,25.79,26.86,25.55,9536,24980469.0,4.92,-3.12,-0.83,2.08
2018-09-28,002803,26.0,26.55,26.66,25.62,9679,25290343.0,4.03,2.95,0.76,2.11
2018-10-08,002803,26.4,26.76,27.96,26.2,18531,50239582.0,6.63,0.79,0.21,4.04
2018-10-09,002803,26.33,26.01,26.65,25.59,12572,32868633.0,3.96,-2.8,-0.75,2.74
2018-10-10,002803,25.98,25.53,26.17,25.34,12861,33124184.0,3.19,-1.85,-0.48,2.8
2018-10-11,002803,24.48,23.17,24.69,23.02,14040,33624737.0,6.54,-9.24,-2.36,3.06
2018-10-12,002803,23.18,24.16,24.48,23.09,11816,27910039.0,6.0,4.27,0.99,2.57
2018-10-15,002803,24.06,23.84,24.45,23.82,10792,25968238.0,2.61,-1.32,-0.32,2.35
2018-10-16,002803,23.62,23.98,24.29,23.62,8758,20973113.0,2.81,0.59,0.14,1.91
2018-10-17,002803,24.55,24.23,24.98,23.9,12224,29696708.0,4.5,1.04,0.25,2.66
2018-10-18,002803,24.0,23.39,24.4,23.0,7749,18246829.0,5.78,-3.47,-0.84,1.69
2018-10-19,002803,23.1,24.7,24.74,23.1,14217,33928724.0,7.01,5.6,1.31,3.1
2018-10-22,002803,24.7,25.75,26.37,24.55,29011,74273427.0,7.37,4.25,1.05,6.32
2018-10-23,002803,25.51,25.87,26.35,25.4,26199,67901984.0,3.69,0.47,0.12,5.71
2018-10-24,002803,25.95,28.46,28.46,25.76,46244,126473936.0,10.44,10.01,2.59,10.07
2018-10-25,002803,27.5,27.94,29.38,27.42,38503,108021394.0,6.89,-1.83,-0.52,8.39
2018-10-26,002803,27.78,27.59,28.29,27.51,27565,76687959.0,2.79,-1.25,-0.35,6.01
2018-10-29,002803,27.22,26.97,27.64,26.25,25490,68586600.0,5.04,-2.25,-0.62,5.55
2018-10-30,002803,27.04,28.71,28.95,26.88,32196,89688214.0,7.68,6.45,1.74,7.01
2018-10-31,002803,28.24,29.58,29.8,27.73,42723,121688815.0,7.21,3.03,0.87,9.31
2018-11-01,002803,29.11,29.06,29.77,29.0,30969,91001445.0,2.6,-1.76,-0.52,6.75
2018-11-02,002803,29.43,29.5,29.95,28.94,31895,93810901.0,3.48,1.51,0.44,6.95
2018-11-05,002803,29.6,29.98,32.45,29.25,45503,137522302.0,10.85,1.63,0.48,9.91
2018-11-06,002803,29.8,29.07,29.98,28.69,25197,73189787.0,4.3,-3.04,-0.91,5.49
2018-11-07,002803,29.4,29.15,29.66,28.84,21577,63206991.0,2.82,0.28,0.08,4.7
2018-11-08,002803,29.31,29.3,29.49,29.0,13181,38599651.0,1.68,0.51,0.15,2.87
2018-11-09,002803,29.23,30.45,30.48,29.01,27771,83053957.0,5.02,3.92,1.15,6.05
2018-11-12,002803,30.88,32.0,32.97,30.31,41296,131895493.0,8.74,5.09,1.55,9.0
2018-11-13,002803,31.2,32.0,32.8,31.2,31949,102459784.0,5.0,0.0,0.0,6.96
2018-11-14,002803,32.78,32.25,32.78,31.92,20350,65651698.0,2.69,0.78,0.25,4.43
2018-11-15,002803,35.48,34.47,35.48,33.01,47875,164642787.0,7.66,6.88,2.22,10.43
2018-11-16,002803,34.3,36.83,37.83,33.72,54255,195549413.0,11.92,6.85,2.36,11.82
2018-11-19,002803,36.52,36.5,38.58,36.13,47407,176142864.0,6.65,-0.9,-0.33,10.33
2018-11-20,002803,36.29,35.1,36.65,35.0,31095,111190796.0,4.52,-3.84,-1.4,6.77
2018-11-21,002803,34.2,33.72,34.52,32.47,41997,140938031.0,5.84,-3.93,-1.38,9.15
2018-11-22,002803,34.8,33.57,34.8,33.45,25203,86139240.0,4.0,-0.44,-0.15,5.49
2018-11-23,002803,33.73,31.63,33.93,31.58,31016,100630810.0,7.0,-5.78,-1.94,6.76
2018-11-26,002803,31.94,30.91,32.1,30.16,24640,76401462.0,6.13,-2.28,-0.72,5.37
2018-11-27,002803,31.18,31.55,32.25,31.0,23298,73602714.0,4.04,2.07,0.64,5.08
2018-11-28,002803,31.36,31.55,31.78,30.98,17442,54752000.0,2.54,0.0,0.0,3.8
2018-11-29,002803,31.5,29.73,31.85,29.18,27008,82580679.0,8.46,-5.77,-1.82,5.88
2018-11-30,002803,29.51,30.47,30.6,29.4,16358,49203767.0,4.04,2.49,0.74,3.56
2018-12-03,002803,31.48,32.2,32.54,31.01,27218,86623063.0,5.02,5.68,1.73,5.93
2018-12-04,002803,31.94,33.98,34.35,31.86,32098,106433677.0,7.73,5.53,1.78,6.99
2018-12-05,002803,33.26,33.5,33.73,32.75,22872,76365261.0,2.88,-1.41,-0.48,4.98
2018-12-06,002803,32.8,32.09,33.28,31.97,18975,61427890.0,3.91,-4.21,-1.41,4.13
2018-12-07,002803,32.36,33.58,33.8,32.11,21308,70593451.0,5.27,4.64,1.49,4.64
2018-12-10,002803,32.88,30.22,32.88,30.22,16954,52957641.0,7.92,-10.01,-3.36,3.69
2018-12-11,002803,29.1,29.53,29.98,28.6,32820,95880471.0,4.57,-2.28,-0.69,7.15
2018-12-12,002803,29.75,30.72,31.25,29.53,25302,77386161.0,5.82,4.03,1.19,5.51
2018-12-13,002803,31.2,30.71,31.67,30.6,25097,78279234.0,3.48,-0.03,-0.01,5.47
2018-12-14,002803,31.35,30.56,31.97,30.0,28610,89091129.0,6.41,-0.49,-0.15,6.23
2018-12-17,002803,30.61,29.76,31.25,28.79,28771,85327783.0,8.05,-2.62,-0.8,6.27
2018-12-18,002803,17.5,17.0,17.5,16.03,38019,63907814.0,4.94,-42.88,-12.76,4.87
2018-12-19,002803,16.88,16.45,17.11,16.05,32025,52700370.0,6.24,-3.24,-0.55,4.1
2018-12-20,002803,16.32,16.02,16.44,15.7,36609,58880808.0,4.5,-2.61,-0.43,4.69
2018-12-21,002803,15.99,16.43,17.48,15.81,57222,95792124.0,10.42,2.56,0.41,7.33
2018-12-24,002803,16.37,16.05,16.77,15.71,35745,57504069.0,6.45,-2.31,-0.38,4.58
2018-12-25,002803,15.8,15.26,15.93,14.75,51059,77555300.0,7.35,-4.92,-0.79,6.54
2018-12-26,002803,15.35,15.29,15.65,15.18,27127,41745546.0,3.08,0.2,0.03,3.48
2018-12-27,002803,15.54,14.74,15.78,14.74,25576,38652765.0,6.8,-3.6,-0.55,3.28
2018-12-28,002803,14.84,14.75,14.94,14.59,18877,27815443.0,2.37,0.07,0.01,2.42
2019-01-02,002803,14.97,14.76,14.97,14.52,17847,26180128.0,3.05,0.07,0.01,2.29
2019-01-03,002803,14.7,14.48,14.88,14.25,22499,32707288.0,4.27,-1.9,-0.28,2.88
2019-01-04,002803,14.4,14.85,14.99,14.07,30680,44888839.0,6.35,2.56,0.37,3.93
2019-01-07,002803,15.1,14.94,15.1,14.79,24188,36093034.0,2.09,0.61,0.09,3.1
2019-01-08,002803,14.92,14.63,15.0,14.55,19676,28899523.0,3.01,-2.07,-0.31,2.52
2019-01-09,002803,14.7,14.56,14.95,14.44,24681,36457043.0,3.49,-0.48,-0.07,3.16
2019-01-10,002803,14.55,14.36,14.69,14.29,19079,27620961.0,2.75,-1.37,-0.2,2.44
2019-01-11,002803,14.43,14.52,14.58,14.27,17458,25185586.0,2.16,1.11,0.16,2.24
2019-01-14,002803,14.61,14.19,14.69,14.18,18082,25909967.0,3.51,-2.27,-0.33,2.32
2019-01-15,002803,14.25,14.48,14.53,14.18,23343,33489908.0,2.47,2.04,0.29,2.99
2019-01-16,002803,14.4,14.32,14.54,14.18,22680,32550508.0,2.49,-1.1,-0.16,2.91
2019-01-17,002803,14.36,14.15,14.44,14.14,15876,22584604.0,2.09,-1.19,-0.17,2.03
2019-01-18,002803,14.1,14.21,14.25,13.9,21202,29898385.0,2.47,0.42,0.06,2.72
2019-01-21,002803,14.21,14.4,14.6,14.1,20422,29323266.0,3.52,1.34,0.19,2.62
2019-01-22,002803,14.4,14.34,14.53,14.17,17484,25010526.0,2.5,-0.42,-0.06,2.24
2019-01-23,002803,14.25,14.17,14.3,14.11,9468,13433105.0,1.32,-1.19,-0.17,1.21
2019-01-24,002803,14.17,14.19,14.4,14.14,13684,19475360.0,1.83,0.14,0.02,1.75
2019-01-25,002803,14.19,15.61,15.61,14.18,96290,146196897.0,10.08,10.01,1.42,12.34
2019-01-28,002803,16.2,17.17,17.17,15.71,160139,269945952.0,9.35,9.99,1.56,20.52
2019-01-29,002803,17.47,16.77,18.78,15.66,190563,339105920.0,18.17,-2.33,-0.4,24.42
2019-01-30,002803,15.33,15.85,16.5,15.21,125791,198012211.0,7.69,-5.49,-0.92,16.12
2019-01-31,002803,15.7,14.56,15.99,14.31,99774,150791874.0,10.6,-8.14,-1.29,12.79
2019-02-01,002803,14.64,14.95,15.31,14.42,61473,91470445.0,6.11,2.68,0.39,7.88
2019-02-11,002803,15.04,15.92,15.92,15.0,72596,113082883.0,6.15,6.49,0.97,9.3
2019-02-12,002803,15.8,16.07,16.18,15.6,79457,126126885.0,3.64,0.94,0.15,10.18
2019-02-13,002803,16.04,16.11,16.27,15.73,71837,115023970.0,3.36,0.25,0.04,9.21
2019-02-14,002803,16.1,15.97,16.26,15.79,53921,86408369.0,2.92,-0.87,-0.14,6.91
2019-02-15,002803,16.03,15.58,16.04,15.52,55271,86581452.0,3.26,-2.44,-0.39,7.08
2019-02-18,002803,15.82,16.36,16.44,15.72,70981,114431384.0,4.62,5.01,0.78,9.1
2019-02-19,002803,16.39,16.15,16.48,15.92,58312,94108496.0,3.42,-1.28,-0.21,7.47
2019-02-20,002803,16.3,17.77,17.77,16.15,103040,176521658.0,10.03,10.03,1.62,13.2
2019-02-21,002803,18.31,17.49,18.97,17.26,152844,277090880.0,9.62,-1.58,-0.28,19.59
2019-02-22,002803,17.31,17.56,17.64,16.71,95919,163932788.0,5.32,0.4,0.07,12.29
2019-02-25,002803,17.5,18.83,19.09,17.3,130797,238492787.0,10.19,7.23,1.27,16.76
2019-02-26,002803,18.51,18.2,18.92,17.44,103940,191331577.0,7.86,-3.35,-0.63,13.32
2019-02-27,002803,18.07,18.19,18.49,17.85,57858,105397913.0,3.52,-0.05,-0.01,7.41
2019-02-28,002803,18.07,18.19,18.4,17.98,33966,61771644.0,2.31,0.0,0.0,4.35
2019-03-01,002803,18.25,18.0,18.27,17.7,39832,71370621.0,3.13,-1.04,-0.19,5.1
2019-03-04,002803,18.18,18.05,18.5,17.7,61086,110705918.0,4.44,0.28,0.05,7.83
2019-03-05,002803,17.81,18.15,18.3,17.71,51954,93531862.0,3.27,0.55,0.1,6.66
2019-03-06,002803,18.28,18.48,18.57,17.7,85763,156604930.0,4.79,1.82,0.33,10.99
2019-03-07,002803,18.6,19.23,19.76,18.32,92221,176273778.0,7.79,4.06,0.75,11.82
2019-03-08,002803,18.67,17.68,18.84,17.4,76053,139236939.0,7.49,-8.06,-1.55,9.75
2019-03-11,002803,17.82,18.49,18.5,17.82,51992,94553827.0,3.85,4.58,0.81,6.66
2019-03-12,002803,18.68,18.49,18.87,18.08,66147,122869061.0,4.27,0.0,0.0,8.48
2019-03-13,002803,18.39,19.1,19.48,18.11,85512,161653443.0,7.41,3.3,0.61,10.96
2019-03-14,002803,18.95,18.4,19.03,18.02,42685,78898169.0,5.29,-3.66,-0.7,5.47
2019-03-15,002803,18.58,18.48,18.59,18.12,31521,57975671.0,2.55,0.43,0.08,4.04
2019-03-18,002803,18.39,19.2,19.4,18.39,62759,119328533.0,5.47,3.9,0.72,8.04
2019-03-19,002803,19.21,20.21,21.12,19.21,114485,231016345.0,9.95,5.26,1.01,14.67
2019-03-20,002803,20.3,20.4,20.41,19.49,59831,119228161.0,4.55,0.94,0.19,7.67
2019-03-21,002803,20.6,21.08,21.5,20.4,82987,174383484.0,5.39,3.33,0.68,10.63
2019-03-22,002803,20.88,22.07,22.24,20.6,91197,195390765.0,7.78,4.7,0.99,11.69
2019-03-25,002803,21.8,22.7,23.95,21.67,111328,255113590.0,10.33,2.85,0.63,14.27
2019-03-26,002803,23.13,22.0,23.7,21.05,79658,176091164.0,11.67,-3.08,-0.7,10.21
2019-03-27,002803,23.1,22.79,23.3,22.0,88110,200012724.0,5.91,3.59,0.79,11.29
2019-03-28,002803,22.56,22.56,22.85,21.86,55046,122994090.0,4.34,-1.01,-0.23,7.05
2019-03-29,002803,22.4,22.83,23.28,21.88,68038,154019028.0,6.21,1.2,0.27,8.72
2019-04-01,002803,22.84,25.11,25.11,22.84,104286,258960755.0,9.94,9.99,2.28,13.36
2019-04-02,002803,25.98,25.38,26.36,24.9,83535,213080977.0,5.81,1.08,0.27,10.7
2019-04-03,002803,25.09,26.83,27.19,24.5,66575,175222653.0,10.6,5.71,1.45,8.53
2019-04-04,002803,26.83,27.16,27.76,25.86,57738,154066249.0,7.08,1.23,0.33,7.4
2019-04-08,002803,27.0,26.39,27.94,25.85,55915,149349057.0,7.7,-2.84,-0.77,7.17
2019-04-09,002803,26.42,26.52,26.98,25.96,37359,98875644.0,3.87,0.49,0.13,4.79
2019-04-10,002803,26.38,26.55,26.77,25.88,37645,99132592.0,3.36,0.11,0.03,4.82
2019-04-11,002803,26.59,24.71,26.59,24.39,68452,172116762.0,8.29,-6.93,-1.84,8.77
2019-04-12,002803,24.87,24.99,25.63,24.59,56430,141204157.0,4.21,1.13,0.28,7.23
2019-04-15,002803,25.6,24.91,26.18,24.91,79612,203987415.0,5.08,-0.32,-0.08,10.2
2019-04-16,002803,24.97,26.15,26.17,24.8,48382,123658440.0,5.5,4.98,1.24,6.2
2019-04-17,002803,26.13,25.73,26.13,25.35,46979,120722602.0,2.98,-1.61,-0.42,6.02
2019-04-18,002803,25.59,25.95,26.56,25.58,41627,109176740.0,3.81,0.86,0.22,5.33
2019-04-19,002803,26.33,25.95,26.4,25.12,48577,123955229.0,4.93,0.0,0.0,6.23
2019-04-22,002803,25.89,25.3,26.04,25.17,30042,76480466.0,3.35,-2.5,-0.65,3.85
2019-04-23,002803,25.19,25.31,25.78,25.14,31553,80267919.0,2.53,0.04,0.01,4.04
2019-04-24,002803,25.31,25.19,25.59,24.8,26526,66687682.0,3.12,-0.47,-0.12,3.4
2019-04-25,002803,25.22,24.08,25.38,23.88,35956,88052115.0,5.95,-4.41,-1.11,4.61
2019-04-26,002803,24.06,23.79,24.49,23.4,29091,69633248.0,4.53,-1.2,-0.29,3.73
2019-04-29,002803,24.3,24.97,25.76,23.79,39037,96260037.0,8.28,4.96,1.18,5.0
2019-04-30,002803,24.91,24.5,25.08,24.11,37947,92899475.0,3.88,-1.88,-0.47,4.86
2019-05-06,002803,23.36,22.05,23.5,22.05,38927,87087057.0,5.92,-10.0,-2.45,4.99
2019-05-07,002803,22.09,21.67,22.31,20.96,39538,85426463.0,6.12,-1.72,-0.38,5.07
2019-05-08,002803,21.05,21.79,22.16,20.75,20171,43667578.0,6.51,0.55,0.12,2.58
2019-05-09,002803,21.32,22.1,22.4,21.32,21889,48236085.0,4.96,1.42,0.31,2.81
2019-05-10,002803,22.09,22.81,22.99,21.6,29554,66577863.0,6.29,3.21,0.71,3.79
2019-05-13,002803,22.03,22.43,23.28,22.03,27181,61694709.0,5.48,-1.67,-0.38,3.48
2019-05-14,002803,22.5,22.35,22.79,22.23,24424,54836298.0,2.5,-0.36,-0.08,3.13
2019-05-15,002803,22.37,22.32,22.68,21.9,25277,56375053.0,3.49,-0.13,-0.03,3.24
2019-05-16,002803,22.29,22.01,22.44,21.89,18577,40976101.0,2.46,-1.39,-0.31,2.38
2019-05-17,002803,22.02,21.2,22.22,20.78,25491,54510228.0,6.54,-3.68,-0.81,3.27
2019-05-20,002803,21.21,20.54,21.21,20.05,24855,50690293.0,5.47,-3.11,-0.66,3.19
2019-05-21,002803,20.65,22.09,22.45,20.64,34191,74234231.0,8.81,7.55,1.55,4.38
2019-05-22,002803,22.29,21.8,22.29,21.7,16415,36045218.0,2.67,-1.31,-0.29,2.1
2019-05-23,002803,21.82,21.1,21.83,20.76,22096,46967409.0,4.91,-3.21,-0.7,2.83
2019-05-24,002803,20.85,20.88,21.6,20.71,12757,26863094.0,4.22,-1.04,-0.22,1.63
2019-05-27,002803,20.79,22.24,22.49,20.79,26515,57939897.0,8.14,6.51,1.36,3.4
2019-05-28,002803,22.38,21.91,22.4,21.89,16612,36780204.0,2.29,-1.48,-0.33,2.13
2019-05-29,002803,22.02,22.5,22.83,21.7,17563,39394587.0,5.16,2.69,0.59,2.25
2019-05-30,002803,22.5,21.89,22.5,21.22,21783,47727363.0,5.69,-2.71,-0.61,2.79
2019-05-31,002803,21.89,22.3,22.8,21.71,18906,42261406.0,4.98,1.87,0.41,2.42
2019-06-03,002803,22.58,21.8,22.58,21.56,20837,45741611.0,4.57,-2.24,-0.5,2.67
2019-06-04,002803,21.78,21.65,21.98,21.48,13433,29213802.0,2.29,-0.69,-0.15,1.72
2019-06-05,002803,21.65,21.43,22.09,21.24,12615,27250270.0,3.93,-1.02,-0.22,1.62
2019-06-06,002803,21.43,20.83,21.66,20.51,18355,38359194.0,5.37,-2.8,-0.6,2.35
2019-06-10,002803,21.0,20.92,21.13,20.44,13801,28703973.0,3.31,0.43,0.09,1.77
2019-06-11,002803,21.06,21.51,21.63,20.51,21021,44763141.0,5.35,2.82,0.59,2.69
2019-06-12,002803,21.4,20.87,21.55,20.8,14919,31535651.0,3.49,-2.98,-0.64,1.91
2019-06-13,002803,20.78,20.92,21.05,20.66,10683,22272070.0,1.87,0.24,0.05,1.37
2019-06-14,002803,20.92,20.11,21.22,19.89,26658,54075400.0,6.36,-3.87,-0.81,3.42
2019-06-17,002803,20.1,19.87,20.4,19.69,15023,29985516.0,3.53,-1.19,-0.24,1.93
2019-06-18,002803,20.01,19.77,20.08,19.38,9403,18515839.0,3.52,-0.5,-0.1,1.2
2019-06-19,002803,20.27,20.08,20.52,20.01,17737,35946436.0,2.58,1.57,0.31,2.27
2019-06-20,002803,20.08,20.22,20.33,19.71,14160,28437894.0,3.09,0.7,0.14,1.81
2019-06-21,002803,20.25,20.62,20.68,20.22,17443,35753343.0,2.27,1.98,0.4,2.24
2019-06-24,002803,20.6,20.35,20.77,20.06,14188,28875141.0,3.44,-1.31,-0.27,1.82
2019-06-25,002803,20.49,20.87,20.93,20.09,21113,43342842.0,4.13,2.56,0.52,2.71
2019-06-26,002803,20.85,20.5,20.85,20.31,16390,33633145.0,2.59,-1.77,-0.37,2.1
2019-06-27,002803,20.75,20.59,20.75,20.3,17938,36864678.0,2.2,0.44,0.09,2.3
2019-06-28,002803,20.61,20.41,20.61,20.08,9888,20136845.0,2.57,-0.87,-0.18,1.27
2019-07-01,002803,20.71,21.48,21.51,20.56,32839,69057681.0,4.65,5.24,1.07,4.21
2019-07-02,002803,20.99,20.72,21.02,20.7,17811,37161031.0,1.49,-3.54,-0.76,2.28
2019-07-03,002803,20.64,20.76,21.13,20.64,18881,39372908.0,2.36,0.19,0.04,2.42
2019-07-04,002803,20.61,20.42,21.08,20.4,12200,25207522.0,3.28,-1.64,-0.34,1.56
2019-07-05,002803,20.41,20.83,20.92,20.41,17368,35876105.0,2.5,2.01,0.41,2.23
2019-07-08,002803,20.74,20.51,20.74,20.19,17548,35761079.0,2.64,-1.54,-0.32,2.25
2019-07-09,002803,20.6,20.89,20.89,20.06,21240,43733065.0,4.05,1.85,0.38,2.72
2019-07-10,002803,21.18,20.65,21.5,19.01,57743,118285661.0,11.92,-1.15,-0.24,7.4
2019-07-11,002803,20.66,20.35,20.89,20.01,34927,71366519.0,4.26,-1.45,-0.3,4.48
2019-07-12,002803,20.38,20.29,20.64,19.87,35979,72921657.0,3.78,-0.29,-0.06,1.83
2019-07-15,002803,20.4,19.97,20.63,19.97,23711,47845258.0,3.25,-1.58,-0.32,1.2
2019-07-16,002803,20.05,19.69,20.26,19.61,22092,43785731.0,3.25,-1.4,-0.28,1.12
2019-07-17,002803,19.69,19.43,19.87,19.18,39193,76452677.0,3.5,-1.32,-0.26,1.99
2019-07-18,002803,19.37,19.04,19.37,18.96,27276,52086897.0,2.11,-2.01,-0.39,1.38
2019-07-19,002803,19.15,19.21,19.56,19.04,18589,35896289.0,2.73,0.89,0.17,0.94
2019-07-22,002803,19.22,18.89,19.4,18.68,16906,32032197.0,3.75,-1.67,-0.32,0.86
2019-07-23,002803,19.15,19.43,19.6,18.8,20988,40492202.0,4.24,2.86,0.54,1.07
2019-07-24,002803,19.34,19.55,19.94,19.22,18009,35320542.0,3.71,0.62,0.12,0.91
2019-07-25,002803,19.59,19.42,19.59,19.33,10131,19695962.0,1.33,-0.66,-0.13,0.51
2019-07-26,002803,19.49,19.47,19.52,19.3,7010,13630408.0,1.13,0.26,0.05,0.36
2019-07-29,002803,19.59,19.55,19.67,19.38,12324,24060001.0,1.49,0.41,0.08,0.63
2019-07-30,002803,19.65,19.7,19.85,19.51,13652,26969811.0,1.74,0.77,0.15,0.69
2019-07-31,002803,19.63,19.7,19.73,19.44,11486,22477212.0,1.47,0.0,0.0,0.58
2019-08-01,002803,19.62,19.57,19.67,19.2,16353,31859785.0,2.39,-0.66,-0.13,0.83
2019-08-02,002803,19.15,19.63,19.76,19.01,20854,40749607.0,3.83,0.31,0.06,1.06
2019-08-05,002803,19.51,18.98,19.53,18.8,21259,40762976.0,3.72,-3.31,-0.65,1.08
2019-08-06,002803,18.85,18.39,18.85,17.98,22830,41976057.0,4.58,-3.11,-0.59,1.16
2019-08-07,002803,18.48,18.43,18.57,18.2,14283,26253634.0,2.01,0.22,0.04,0.72
2019-08-08,002803,18.43,18.37,18.53,18.23,11305,20779751.0,1.63,-0.33,-0.06,0.57
2019-08-09,002803,18.48,18.1,18.55,17.74,13641,24623439.0,4.41,-1.47,-0.27,0.69
2019-08-12,002803,18.12,18.41,18.77,18.02,18861,34694878.0,4.14,1.71,0.31,0.96
2019-08-13,002803,18.41,18.38,18.55,18.17,9173,16827875.0,2.06,-0.16,-0.03,0.47
2019-08-14,002803,18.55,18.64,18.95,18.52,17173,32205100.0,2.34,1.41,0.26,0.87
2019-08-15,002803,18.38,18.39,18.46,18.01,15993,29257303.0,2.41,-1.34,-0.25,0.81
2019-08-16,002803,18.45,18.45,18.58,18.32,10662,19684535.0,1.41,0.33,0.06,0.54
2019-08-19,002803,18.71,19.29,19.37,18.51,25302,48313224.0,4.66,4.55,0.84,1.28
2019-08-20,002803,19.46,19.54,19.78,19.14,20018,39171323.0,3.32,1.3,0.25,1.02
2019-08-21,002803,19.61,19.6,19.84,19.4,14682,28821995.0,2.25,0.31,0.06,0.75
2019-08-22,002803,19.76,19.61,19.77,19.41,12508,24526564.0,1.84,0.05,0.01,0.63
2019-08-23,002803,19.74,19.69,19.74,19.3,14224,27811142.0,2.24,0.41,0.08,0.72
2019-08-26,002803,19.2,19.45,19.65,19.2,13227,25663900.0,2.29,-1.22,-0.24,0.67
2019-08-27,002803,19.47,19.88,20.3,19.47,23786,47393379.0,4.27,2.21,0.43,1.21
2019-08-28,002803,19.43,19.39,19.88,19.22,34365,66780060.0,3.32,-2.46,-0.49,1.74
2019-08-29,002803,19.46,18.8,19.46,18.79,22769,43266212.0,3.46,-3.04,-0.59,1.16
2019-08-30,002803,19.02,18.4,19.03,18.1,19908,36874505.0,4.95,-2.13,-0.4,1.01
2019-09-02,002803,18.59,18.74,18.87,18.21,19251,35707824.0,3.59,1.85,0.34,0.98
2019-09-03,002803,18.74,19.06,19.3,18.7,20973,40015888.0,3.2,1.71,0.32,1.06
2019-09-04,002803,19.08,19.71,19.71,18.86,32574,63373990.0,4.46,3.41,0.65,1.65
2019-09-05,002803,19.98,19.84,20.04,19.71,27620,54992870.0,1.67,0.66,0.13,1.4
2019-09-06,002803,21.12,21.37,21.79,20.68,77129,163684324.0,5.59,7.71,1.53,3.91
2019-09-09,002803,21.6,23.12,23.35,21.48,85321,192947473.0,8.75,8.19,1.75,4.33
2019-09-10,002803,22.95,23.4,23.76,22.71,68002,159050676.0,4.54,1.21,0.28,3.45
2019-09-11,002803,23.46,23.33,23.66,23.05,38463,89733677.0,2.61,-0.3,-0.07,1.95
2019-09-12,002803,22.88,23.34,23.47,22.8,39011,90534163.0,2.87,0.04,0.01,1.98
2019-09-16,002803,23.5,23.32,24.13,23.0,51513,121124727.0,4.84,-0.09,-0.02,2.61
2019-09-17,002803,23.0,22.83,23.83,22.73,32971,76048837.0,4.72,-2.1,-0.49,1.67
2019-09-18,002803,23.13,23.06,23.34,22.83,21849,50454190.0,2.23,1.01,0.23,1.11
2019-09-19,002803,23.07,23.06,23.5,22.8,21252,49057128.0,3.04,0.0,0.0,1.08
2019-09-20,002803,23.1,22.79,23.47,22.71,21049,48366478.0,3.3,-1.17,-0.27,1.07
2019-09-23,002803,22.86,22.95,22.98,22.01,21247,48203389.0,4.26,0.7,0.16,1.08
2019-09-24,002803,23.15,22.9,23.25,22.39,29155,66649833.0,3.75,-0.22,-0.05,1.48
2019-09-25,002803,22.8,22.66,23.14,22.41,23238,52869974.0,3.19,-1.05,-0.24,1.18
2019-09-26,002803,22.48,22.0,22.83,21.7,24216,53869552.0,4.99,-2.91,-0.66,1.23
2019-09-27,002803,22.4,22.29,22.52,22.0,21506,47817388.0,2.36,1.32,0.29,1.09
2019-09-30,002803,22.3,22.46,23.1,22.22,22978,52108499.0,3.95,0.76,0.17,1.17
2019-10-08,002803,22.4,22.13,22.7,22.0,18731,41857077.0,3.12,-1.47,-0.33,0.95
2019-10-09,002803,22.11,22.26,22.38,21.6,25303,55880521.0,3.52,0.59,0.13,1.28
2019-10-10,002803,22.32,22.91,22.95,22.01,31169,70114586.0,4.22,2.92,0.65,1.58
2019-10-11,002803,22.95,22.15,23.16,22.05,34435,76859138.0,4.85,-3.32,-0.76,1.75
2019-10-14,002803,22.27,24.05,24.28,22.01,70397,166114475.0,10.25,8.58,1.9,3.57
2019-10-15,002803,23.91,23.59,24.04,23.4,44476,105301036.0,2.66,-1.91,-0.46,2.26
2019-10-16,002803,23.73,22.89,23.73,22.69,35340,81464926.0,4.41,-2.97,-0.7,1.79
2019-10-17,002803,22.96,22.74,23.15,22.52,20335,46369993.0,2.75,-0.66,-0.15,1.03
2019-10-18,002803,22.49,22.75,23.4,22.49,25806,59342941.0,4.0,0.04,0.01,1.31
2019-10-21,002803,22.74,22.06,22.74,21.88,23278,51661195.0,3.78,-3.03,-0.69,1.18
2019-10-22,002803,22.25,23.0,23.23,22.18,35552,81496633.0,4.76,4.26,0.94,1.8
2019-10-23,002803,22.94,22.69,23.36,22.69,18073,41475329.0,2.91,-1.35,-0.31,0.92
2019-10-24,002803,22.71,23.6,23.78,22.62,45856,106794520.0,5.11,4.01,0.91,2.33
2019-10-25,002803,23.55,23.02,23.55,22.85,42001,96798545.0,2.97,-2.46,-0.58,2.13
2019-10-28,002803,25.32,24.97,25.32,23.9,109665,272282048.0,6.17,8.47,1.95,5.57
2019-10-29,002803,24.18,23.29,24.39,23.15,70721,167442719.0,4.97,-6.73,-1.68,3.59
2019-10-30,002803,22.8,22.68,23.12,22.37,33850,76704858.0,3.22,-2.62,-0.61,1.72
2019-10-31,002803,22.68,22.35,22.84,21.91,32928,73416261.0,4.1,-1.46,-0.33,1.67
2019-11-01,002803,22.57,22.58,22.7,22.06,16900,37973400.0,2.86,1.03,0.23,0.86
2019-11-04,002803,22.59,22.69,23.25,22.58,30366,69662846.0,2.97,0.49,0.11,1.54
2019-11-05,002803,22.99,22.22,22.99,22.0,32495,72576243.0,4.36,-2.07,-0.47,1.65
2019-11-06,002803,22.28,22.26,22.63,22.17,18394,41040569.0,2.07,0.18,0.04,0.93
2019-11-07,002803,22.27,22.25,22.45,22.06,16937,37696730.0,1.75,-0.04,-0.01,0.86
2019-11-08,002803,22.36,22.32,22.93,22.28,20863,47067071.0,2.92,0.31,0.07,1.06
2019-11-11,002803,22.29,21.95,22.29,21.95,17590,38850742.0,1.52,-1.66,-0.37,0.89
2019-11-12,002803,21.95,21.66,22.14,21.08,28809,62028916.0,4.83,-1.32,-0.29,1.46
2019-11-13,002803,21.59,21.0,21.6,20.96,20226,42847880.0,2.95,-3.05,-0.66,1.03
2019-11-14,002803,21.05,21.57,21.93,21.05,24224,52127250.0,4.19,2.71,0.57,1.23
2019-11-15,002803,21.45,21.52,21.85,21.36,15603,33643613.0,2.27,-0.23,-0.05,0.79
2019-11-18,002803,21.56,21.95,22.05,21.24,15740,34227142.0,3.76,2.0,0.43,0.8
2019-11-19,002803,21.95,22.36,22.53,21.79,26076,58189689.0,3.37,1.87,0.41,1.32
2019-11-20,002803,22.41,22.18,22.75,22.14,19956,44733589.0,2.73,-0.81,-0.18,1.01
2019-11-21,002803,22.03,22.26,22.65,22.03,14638,32781268.0,2.8,0.36,0.08,0.74
2019-11-22,002803,22.43,22.0,22.54,21.8,18414,40738153.0,3.32,-1.17,-0.26,0.93
2019-11-25,002803,22.18,21.92,22.2,21.41,16140,35265753.0,3.59,-0.36,-0.08,0.82
2019-11-26,002803,22.12,21.87,22.16,21.72,9477,20764422.0,2.01,-0.23,-0.05,0.48
2019-11-27,002803,21.98,21.8,21.98,21.52,14963,32467474.0,2.1,-0.32,-0.07,0.76
2019-11-28,002803,21.85,21.8,21.93,21.59,8487,18502949.0,1.56,0.0,0.0,0.43
2019-11-29,002803,21.79,21.56,21.8,21.36,12390,26630843.0,2.02,-1.1,-0.24,0.63
2019-12-02,002803,21.43,21.48,21.77,21.38,9594,20697313.0,1.81,-0.37,-0.08,0.81
2019-12-03,002803,21.93,21.88,22.26,21.76,22910,50342499.0,2.33,1.86,0.4,1.94
2019-12-04,002803,21.6,22.06,22.18,21.35,19414,42262726.0,3.79,0.82,0.18,1.65
2019-12-05,002803,21.96,22.27,22.41,21.88,21873,48551398.0,2.4,0.95,0.21,1.85
2019-12-06,002803,22.18,22.8,22.85,22.18,27979,63304671.0,3.01,2.38,0.53,2.37
2019-12-09,002803,22.85,22.95,23.09,22.61,26234,60143621.0,2.11,0.66,0.15,2.22
2019-12-10,002803,22.9,23.09,23.15,22.84,36236,83431231.0,1.35,0.61,0.14,3.07
2019-12-11,002803,23.0,22.82,23.08,22.64,19230,43986149.0,1.91,-1.17,-0.27,1.63
2019-12-12,002803,22.89,23.06,23.55,22.72,27076,62806871.0,3.64,1.05,0.24,2.29
2019-12-13,002803,23.08,23.07,23.48,22.9,16810,38799109.0,2.52,0.04,0.01,1.42
2019-12-16,002803,23.1,23.41,23.62,22.98,25187,58895858.0,2.77,1.47,0.34,2.13
2019-12-17,002803,23.39,23.76,23.88,23.24,24006,56606934.0,2.73,1.5,0.35,2.03
2019-12-18,002803,23.8,23.53,23.89,23.41,19136,45105057.0,2.02,-0.97,-0.23,1.62
2019-12-19,002803,23.65,24.0,24.18,23.65,26497,63465152.0,2.25,2.0,0.47,2.25
2019-12-20,002803,23.88,23.49,23.99,23.28,27660,65016696.0,2.96,-2.13,-0.51,2.34
2019-12-23,002803,23.47,22.84,23.47,22.84,21591,49896095.0,2.68,-2.77,-0.65,1.83
2019-12-24,002803,23.17,23.17,23.26,22.92,14716,34012513.0,1.49,1.44,0.33,1.25
2019-12-25,002803,23.25,23.24,23.47,23.09,14792,34445160.0,1.64,0.3,0.07,1.25
2019-12-26,002803,23.25,25.0,25.35,23.25,75675,184826038.0,9.04,7.57,1.76,6.41
2019-12-27,002803,25.1,25.59,27.17,24.81,88784,230267516.0,9.44,2.36,0.59,7.52
2019-12-30,002803,25.55,26.26,26.65,25.24,56781,147611582.0,5.51,2.62,0.67,4.81
2019-12-31,002803,26.21,26.48,26.78,25.6,38108,100120871.0,4.49,0.84,0.22,3.23
2020-01-02,002803,26.4,28.1,28.1,26.3,76629,209981126.0,6.8,6.12,1.62,6.49
2020-01-03,002803,28.3,27.36,28.41,27.27,68279,189320776.0,4.06,-2.63,-0.74,5.79
2020-01-06,002803,27.61,28.1,28.83,27.04,61901,174286924.0,6.54,2.7,0.74,5.25
2020-01-07,002803,27.96,28.5,28.78,27.86,42929,121548268.0,3.27,1.42,0.4,3.64
2020-01-08,002803,28.03,28.16,28.62,27.74,36944,104091394.0,3.09,-1.19,-0.34,3.13
2020-01-09,002803,28.3,28.11,28.47,27.57,32427,90686655.0,3.2,-0.18,-0.05,2.75
2020-01-10,002803,28.41,28.33,29.65,27.99,44048,126323256.0,5.91,0.78,0.22,3.73
2020-01-13,002803,28.38,29.21,29.38,28.07,29012,83750901.0,4.62,3.11,0.88,2.46
2020-01-14,002803,29.85,32.13,32.13,29.47,76819,240685842.0,9.11,10.0,2.92,6.51
2020-01-15,002803,32.56,32.22,32.84,30.97,65080,209472174.0,5.82,0.28,0.09,5.51
2020-01-16,002803,32.44,35.44,35.44,32.44,80595,277422592.0,9.31,9.99,3.22,6.83
2020-01-17,002803,35.43,34.75,36.83,33.06,89990,312836944.0,10.64,-1.95,-0.69,7.63
2020-01-20,002803,35.6,37.38,37.8,33.81,83933,299575296.0,11.48,7.57,2.63,7.11
2020-01-21,002803,36.15,35.39,36.68,35.14,55101,197245858.0,4.12,-5.32,-1.99,4.67
2020-01-22,002803,34.9,35.82,36.53,33.3,49453,172634646.0,9.13,1.22,0.43,4.19
2020-01-23,002803,35.0,34.8,36.45,34.03,36442,128418563.0,6.76,-2.85,-1.02,3.09
2020-02-03,002803,31.32,31.32,31.32,31.32,8693,27226476.0,0.0,-10.0,-3.48,0.74
2020-02-04,002803,29.62,33.28,33.69,29.62,58256,186020167.0,12.99,6.26,1.96,4.94
2020-02-05,002803,33.2,33.01,34.0,32.06,61431,202945065.0,5.83,-0.81,-0.27,5.21
2020-02-06,002803,32.85,34.98,36.3,32.85,63197,219149441.0,10.45,5.97,1.97,5.36
2020-02-07,002803,34.69,36.5,37.73,33.99,52031,186156405.0,10.69,4.35,1.52,4.41
2020-02-10,002803,36.9,38.29,39.8,36.86,45989,177716283.0,8.05,4.9,1.79,3.9
2020-02-11,002803,38.49,38.14,40.2,36.85,51272,195607623.0,8.75,-0.39,-0.15,4.34
2020-02-12,002803,37.99,38.15,39.3,37.31,30691,116900666.0,5.22,0.03,0.01,2.6
2020-02-13,002803,38.82,37.0,38.82,36.58,34904,130135825.0,5.87,-3.01,-1.15,2.96
2020-02-14,002803,37.0,36.75,37.44,36.31,21011,77310762.0,3.05,-0.68,-0.25,1.78
2020-02-17,002803,36.96,37.64,38.25,36.53,32739,122651999.0,4.68,2.42,0.89,2.77
2020-02-18,002803,37.82,40.03,40.1,37.05,41017,159748269.0,8.1,6.35,2.39,3.48
2020-02-19,002803,39.7,41.62,42.48,39.05,54447,223336738.0,8.57,3.97,1.59,4.61
2020-02-20,002803,41.62,42.64,43.25,40.78,45012,188588878.0,5.93,2.45,1.02,3.81
2020-02-21,002803,41.85,42.01,43.89,41.85,44276,188406985.0,4.78,-1.48,-0.63,3.75
2020-02-24,002803,41.84,42.05,42.6,41.35,35959,151029862.0,2.98,0.1,0.04,3.05
2020-02-25,002803,41.05,41.7,41.95,39.6,55115,223909004.0,5.59,-0.83,-0.35,4.67
2020-02-26,002803,41.04,40.3,42.85,40.01,50098,207495408.0,6.81,-3.36,-1.4,4.25
2020-02-27,002803,43.03,42.44,43.12,41.45,65106,276743936.0,4.14,5.31,2.14,5.52
2020-02-28,002803,39.96,38.2,41.76,38.2,48957,196037082.0,8.39,-9.99,-4.24,4.15
2020-03-02,002803,38.99,39.0,39.8,38.27,36059,140774664.0,4.01,2.09,0.8,3.06
2020-03-03,002803,39.8,40.22,41.48,39.04,43460,176058862.0,6.26,3.13,1.22,3.68
2020-03-04,002803,41.15,40.62,41.28,39.4,28445,115404521.0,4.67,0.99,0.4,2.41
2020-03-05,002803,40.58,39.49,41.36,39.3,36064,144486758.0,5.07,-2.78,-1.13,3.06
2020-03-06,002803,38.84,39.67,40.56,38.21,34192,134604208.0,5.95,0.46,0.18,2.9
2020-03-09,002803,38.65,35.7,39.38,35.7,50963,189684002.0,9.28,-10.01,-3.97,4.32
2020-03-10,002803,35.7,36.0,36.49,33.77,44549,156764656.0,7.62,0.84,0.3,3.78
2020-03-11,002803,36.3,34.73,36.7,34.67,31979,113076605.0,5.64,-3.53,-1.27,2.71
2020-03-12,002803,34.5,34.49,35.29,33.72,32052,110899831.0,4.52,-0.69,-0.24,2.72
2020-03-13,002803,32.29,34.44,34.97,32.29,34785,116998824.0,7.77,-0.14,-0.05,2.95
2020-03-16,002803,34.45,31.56,34.88,31.15,40192,132891911.0,10.83,-8.36,-2.88,3.41
2020-03-17,002803,31.91,31.31,32.66,30.0,33053,103505061.0,8.43,-0.79,-0.25,2.8
2020-03-18,002803,31.58,30.46,32.64,30.4,36019,113522534.0,7.15,-2.71,-0.85,3.05
2020-03-19,002803,30.88,30.62,31.35,29.02,37653,114398389.0,7.65,0.53,0.16,3.19
2020-03-20,002803,31.2,30.62,31.41,30.0,27483,83887789.0,4.6,0.0,0.0,2.33
2020-03-23,002803,29.93,28.41,29.93,28.24,48117,139691776.0,5.52,-7.22,-2.21,4.08
2020-03-24,002803,29.22,29.03,30.38,28.2,55195,161351009.0,7.67,2.18,0.62,4.68
2020-03-25,002803,29.75,29.54,30.15,29.2,40526,120383706.0,3.27,1.76,0.51,3.43
2020-03-26,002803,29.8,29.98,30.8,29.0,64650,193877019.0,6.09,1.49,0.44,5.48
2020-03-27,002803,30.35,28.72,30.99,28.56,74020,218212475.0,8.11,-4.2,-1.26,6.27
2020-03-30,002803,27.89,27.11,27.9,26.26,53088,143736730.0,5.71,-5.61,-1.61,4.5
2020-03-31,002803,27.54,27.48,27.97,27.1,35855,98538710.0,3.21,1.36,0.37,3.04
2020-04-01,002803,27.0,27.12,27.69,26.9,38786,105978605.0,2.87,-1.31,-0.36,3.29
2020-04-02,002803,27.16,28.72,28.88,26.69,55555,155668849.0,8.08,5.9,1.6,4.71
2020-04-03,002803,28.51,29.21,29.89,28.51,49243,144075490.0,4.81,1.71,0.49,4.17
2020-04-07,002803,29.78,30.95,30.97,29.6,56551,170758179.0,4.69,5.96,1.74,4.79
2020-04-08,002803,31.5,30.26,31.5,29.88,61861,188447070.0,5.23,-2.23,-0.69,5.24
2020-04-09,002803,30.31,30.1,30.56,29.87,31170,93940107.0,2.28,-0.53,-0.16,2.64
2020-04-10,002803,30.23,29.42,30.34,29.18,28566,84452108.0,3.85,-2.26,-0.68,2.42
2020-04-13,002803,29.16,28.91,29.69,28.5,21226,61538702.0,4.04,-1.73,-0.51,1.8
2020-04-14,002803,29.29,29.73,29.84,28.97,29481,86677477.0,3.01,2.84,0.82,2.5
2020-04-15,002803,30.39,30.05,31.3,30.02,66677,204343178.0,4.31,1.08,0.32,5.65
2020-04-16,002803,30.05,31.67,32.64,29.84,80508,251691503.0,9.32,5.39,1.62,6.82
2020-04-17,002803,31.97,31.7,32.55,31.44,69639,222746392.0,3.5,0.09,0.03,5.9
2020-04-20,002803,31.61,31.11,31.68,30.5,51265,158282204.0,3.72,-1.86,-0.59,4.34
2020-04-21,002803,30.82,30.08,30.82,29.71,42391,128018941.0,3.57,-3.31,-1.03,3.59
2020-04-22,002803,29.81,30.71,30.84,29.79,34056,104033191.0,3.49,2.09,0.63,2.89
2020-04-23,002803,30.52,30.25,30.71,30.15,30988,94121263.0,1.82,-1.5,-0.46,2.63
2020-04-24,002803,30.49,28.86,30.54,28.77,32569,95730435.0,5.85,-4.6,-1.39,2.76
2020-04-27,002803,28.87,28.65,29.2,28.16,21073,60431744.0,3.6,-0.73,-0.21,1.79
2020-04-28,002803,28.75,27.65,28.76,26.8,33050,90773119.0,6.84,-3.49,-1.0,2.8
2020-04-29,002803,28.16,29.18,29.56,28.01,38147,110363497.0,5.61,5.53,1.53,3.23
2020-04-30,002803,29.2,30.11,30.18,29.2,32185,96366876.0,3.36,3.19,0.93,2.73
2020-05-06,002803,29.75,30.51,30.59,29.66,31085,93864608.0,3.09,1.33,0.4,2.63
2020-05-07,002803,30.7,30.68,31.14,30.02,30854,94383952.0,3.67,0.56,0.17,2.61
2020-05-08,002803,30.83,30.99,31.45,30.72,28145,87464053.0,2.38,1.01,0.31,2.39
2020-05-11,002803,31.02,30.5,31.56,30.3,29023,89500037.0,4.07,-1.58,-0.49,2.46
2020-05-12,002803,30.44,30.69,30.73,30.0,23903,72842224.0,2.39,0.62,0.19,2.03
2020-05-13,002803,30.52,31.71,32.28,30.3,52493,166090525.0,6.45,3.32,1.02,4.45
2020-05-14,002803,31.48,31.13,31.64,31.1,30791,96416743.0,1.7,-1.83,-0.58,2.61
2020-05-15,002803,31.33,31.58,31.85,30.67,35838,112451319.0,3.79,1.45,0.45,3.04
2020-05-18,002803,31.62,31.85,32.58,31.15,40924,130462723.0,4.53,0.85,0.27,2.85
2020-05-19,002803,32.18,32.74,32.88,32.03,40185,130850329.0,2.67,2.79,0.89,2.8
2020-05-20,002803,32.7,33.68,34.3,32.7,50643,170419059.0,4.89,2.87,0.94,3.53
2020-05-21,002803,33.49,34.0,34.54,33.3,45647,154652456.0,3.68,0.95,0.32,3.18
2020-05-22,002803,33.78,34.11,34.56,33.18,41622,140243503.0,4.06,0.32,0.11,2.9
2020-05-25,002803,33.44,33.03,33.8,32.51,36897,122125983.0,3.78,-3.17,-1.08,2.57
2020-05-26,002803,33.08,33.93,34.02,32.96,29737,100040147.0,3.21,2.72,0.9,2.07
2020-05-27,002803,33.93,34.21,34.5,33.47,29695,100776699.0,3.04,0.83,0.28,2.07
2020-05-28,002803,34.25,34.1,34.48,33.48,27502,93265248.0,2.92,-0.32,-0.11,1.92
2020-05-29,002803,33.99,34.8,34.99,33.7,33090,114416569.0,3.78,2.05,0.7,2.31
2020-06-01,002803,35.07,35.81,35.99,34.62,41363,146734061.0,3.94,2.9,1.01,2.88
2020-06-02,002803,35.81,35.51,35.97,35.15,30062,106564673.0,2.29,-0.84,-0.3,2.1
2020-06-03,002803,39.06,39.06,39.06,39.02,98544,384910224.0,0.11,10.0,3.55,6.03
2020-06-04,002803,40.96,42.97,42.97,40.18,134901,563550128.0,7.14,10.01,3.91,8.26
2020-06-05,002803,43.0,43.3,44.49,41.38,114261,490388304.0,7.24,0.77,0.33,7.0
2020-06-08,002803,43.81,43.0,44.1,41.77,67811,290610992.0,5.38,-0.69,-0.3,4.15
2020-06-09,002803,25.25,25.38,26.0,24.78,141333,360792224.0,2.84,-40.98,-17.62,5.09
2020-06-10,002803,25.12,25.4,27.02,24.79,158467,406578832.0,8.79,0.08,0.02,5.71
2020-06-11,002803,25.71,27.43,27.84,25.48,192952,514134912.0,9.29,7.99,2.03,6.95
2020-06-12,002803,26.81,28.63,28.8,26.11,179683,488817936.0,9.81,4.37,1.2,6.47
2020-06-15,002803,28.36,27.69,29.21,27.45,189968,532336080.0,6.15,-3.28,-0.94,6.84
2020-06-16,002803,28.5,27.96,28.52,27.21,110737,308491952.0,4.73,0.98,0.27,3.99
2020-06-17,002803,27.6,26.48,27.95,26.2,172491,462175536.0,6.26,-5.29,-1.48,6.21
2020-06-18,002803,26.43,26.3,27.11,26.16,123367,327322368.0,3.59,-0.68,-0.18,4.44
2020-06-19,002803,26.4,26.2,26.71,26.02,86292,227199415.0,2.62,-0.38,-0.1,3.11
2020-06-22,002803,26.21,26.54,26.79,26.04,81331,214882916.0,2.86,1.3,0.34,2.93
2020-06-23,002803,26.49,25.73,26.5,25.63,106407,275439968.0,3.28,-3.05,-0.81,3.83
2020-06-24,002803,25.66,26.59,26.74,25.28,114147,296331360.0,5.67,3.34,0.86,4.11
2020-06-29,002803,26.5,24.97,26.52,24.6,169413,428561648.0,7.22,-6.09,-1.62,6.1
2020-06-30,002803,25.2,24.94,25.35,24.73,88630,221580988.0,2.48,-0.12,-0.03,3.19
2020-07-01,002803,25.7,26.75,27.43,25.7,254020,679773712.0,6.94,7.26,1.81,9.15
2020-07-02,002803,26.15,25.91,26.45,25.2,151216,389587232.0,4.67,-3.14,-0.84,5.45
2020-07-03,002803,25.82,26.27,27.6,25.2,125368,325575344.0,9.26,1.39,0.36,4.52
2020-07-06,002803,26.38,28.43,28.75,26.15,182665,500351680.0,9.9,8.22,2.16,6.58
2020-07-07,002803,28.35,31.27,31.27,27.48,180495,534026848.0,13.33,9.99,2.84,6.5
2020-07-08,002803,31.88,32.56,33.7,30.4,215544,691945152.0,10.55,4.13,1.29,7.76
2020-07-09,002803,32.55,33.28,33.7,32.23,157745,517858288.0,4.51,2.21,0.72,5.68
2020-07-10,002803,32.75,32.65,33.15,32.01,95387,311631488.0,3.43,-1.89,-0.63,3.44
2020-07-13,002803,32.65,34.47,35.09,32.6,111379,377472016.0,7.63,5.57,1.82,4.01
2020-07-14,002803,34.01,33.06,34.17,32.2,101015,335400528.0,5.72,-4.09,-1.41,3.64
2020-07-15,002803,33.01,33.29,34.4,32.37,98133,327495808.0,6.14,0.7,0.23,3.53
2020-07-16,002803,33.61,31.65,34.68,30.79,123037,407754832.0,11.69,-4.93,-1.64,4.43
2020-07-17,002803,31.71,34.82,34.82,31.61,148109,496709536.0,10.14,10.02,3.17,5.33
2020-07-20,002803,36.1,38.3,38.3,35.3,166496,618056032.0,8.62,9.99,3.48,6.0
2020-07-21,002803,38.95,40.45,41.94,38.0,152299,610709232.0,10.29,5.61,2.15,5.49
2020-07-22,002803,40.79,39.99,41.44,39.15,126031,505724592.0,5.66,-1.14,-0.46,4.54
2020-07-23,002803,39.5,43.69,43.99,39.33,173822,720941968.0,11.65,9.25,3.7,6.26
2020-07-24,002803,42.9,39.32,43.44,39.32,111396,450634080.0,9.43,-10.0,-4.37,4.01
2020-07-27,002803,38.0,36.0,38.4,35.39,120022,439263040.0,7.66,-8.44,-3.32,4.32
2020-07-28,002803,36.7,37.11,38.13,36.4,84437,315077744.0,4.81,3.08,1.11,3.04
2020-07-29,002803,36.79,40.25,40.49,36.6,80643,312122880.0,10.48,8.46,3.14,2.9
2020-07-30,002803,39.89,39.28,43.28,36.95,193079,773346176.0,15.73,-2.41,-0.97,6.95
2020-07-31,002803,39.1,40.99,41.59,39.08,113353,460490352.0,6.39,4.35,1.71,4.08
2020-08-03,002803,40.59,42.07,42.66,40.05,98181,406390000.0,6.37,2.63,1.08,3.54
2020-08-04,002803,41.52,40.7,42.61,40.0,65904,270828592.0,6.2,-3.26,-1.37,2.37
2020-08-05,002803,40.9,42.63,42.88,40.01,65199,271044960.0,7.05,4.74,1.93,2.35
2020-08-06,002803,42.25,40.74,42.64,39.0,89569,360040064.0,8.54,-4.43,-1.89,3.23
2020-08-07,002803,40.73,42.71,43.99,40.0,74553,310693120.0,9.79,4.84,1.97,2.69
2020-08-10,002803,44.26,46.18,46.9,43.02,77893,355031264.0,9.08,8.12,3.47,2.81
2020-08-11,002803,45.91,42.59,46.45,42.18,71996,318807008.0,9.25,-7.77,-3.59,2.59
2020-08-12,002803,42.23,41.41,42.86,40.0,60480,247036110.0,6.72,-2.77,-1.18,2.18
2020-08-13,002803,41.41,40.94,41.84,40.01,47750,194856991.0,4.42,-1.13,-0.47,1.72
2020-08-14,002803,40.84,41.96,42.66,40.2,46514,192999634.0,6.01,2.49,1.02,1.68
2020-08-17,002803,42.29,42.11,43.1,41.77,40581,171633112.0,3.17,0.36,0.15,1.46
2020-08-18,002803,42.2,43.2,43.48,41.61,38125,162983185.0,4.44,2.59,1.09,1.37
2020-08-19,002803,43.22,40.88,43.55,40.58,50585,211367090.0,6.88,-5.37,-2.32,1.82
2020-08-20,002803,40.2,41.06,41.77,40.15,28454,116763165.0,3.96,0.44,0.18,1.02
2020-08-21,002803,41.56,43.51,43.66,41.33,61223,262533571.0,5.67,5.97,2.45,2.21
2020-08-24,002803,44.51,42.43,44.97,40.03,88272,369873024.0,11.35,-2.48,-1.08,3.18
2020-08-25,002803,42.46,45.02,45.87,42.46,76449,340396400.0,8.04,6.1,2.59,2.75
2020-08-26,002803,45.2,47.0,47.24,44.0,68832,314108432.0,7.2,4.4,1.98,2.48
2020-08-27,002803,47.77,46.72,48.0,45.18,58768,272242528.0,6.0,-0.6,-0.28,2.12
2020-08-28,002803,46.77,46.4,47.49,45.39,40883,188608083.0,4.49,-0.68,-0.32,1.47
2020-08-31,002803,46.4,48.22,49.34,46.02,60895,293292304.0,7.16,3.92,1.82,2.19
2020-09-01,002803,48.63,48.2,49.34,47.5,44564,215508953.0,3.82,-0.04,-0.02,1.61
2020-09-02,002803,48.6,47.37,49.28,45.21,64966,305956208.0,8.44,-1.72,-0.83,2.34
2020-09-03,002803,46.95,45.7,47.14,45.7,42469,196602667.0,3.04,-3.53,-1.67,1.53
2020-09-04,002803,44.8,44.55,45.96,43.22,54314,240279530.0,6.0,-2.52,-1.15,1.96
2020-09-07,002803,47.4,45.6,49.01,45.2,111644,530469584.0,8.55,2.36,1.05,4.02
2020-09-08,002803,45.0,45.5,45.94,43.42,68633,305418864.0,5.53,-0.22,-0.1,2.47
2020-09-09,002803,44.79,43.05,45.6,43.0,47840,209491583.0,5.71,-5.38,-2.45,1.72
2020-09-10,002803,43.4,41.01,43.97,41.01,49378,209700317.0,6.88,-4.74,-2.04,1.78
2020-09-11,002803,41.28,43.56,43.99,41.02,59584,256705135.0,7.24,6.22,2.55,2.15
2020-09-14,002803,44.45,42.06,44.45,41.79,54112,231680597.0,6.11,-3.44,-1.5,1.95
2020-09-15,002803,42.8,42.09,42.86,41.36,34779,145863462.0,3.57,0.07,0.03,1.25
2020-09-16,002803,41.86,41.93,42.65,41.64,34143,143681748.0,2.4,-0.38,-0.16,1.23
2020-09-17,002803,41.93,41.65,42.31,40.5,36438,151282549.0,4.32,-0.67,-0.28,1.31
2020-09-18,002803,41.87,42.5,42.59,41.31,28614,120242967.0,3.07,2.04,0.85,1.03
2020-09-21,002803,42.58,40.99,42.58,40.26,54728,225284021.0,5.46,-3.55,-1.51,1.97
2020-09-22,002803,41.34,41.5,42.33,40.66,47081,195984506.0,4.07,1.24,0.51,1.7
2020-09-23,002803,41.69,42.53,42.79,41.19,34696,145806800.0,3.86,2.48,1.03,1.25
2020-09-24,002803,41.58,41.15,42.53,40.8,29681,123505528.0,4.07,-3.24,-1.38,1.07
2020-09-25,002803,41.35,40.03,41.6,39.4,46743,188137694.0,5.35,-2.72,-1.12,1.68
2020-09-28,002803,40.3,41.24,42.35,39.5,58102,239512759.0,7.12,3.02,1.21,2.09
2020-09-29,002803,41.85,42.65,44.45,41.42,64236,278153904.0,7.35,3.42,1.41,2.31
2020-09-30,002803,43.22,41.72,43.55,41.28,32418,136423991.0,5.32,-2.18,-0.93,1.17
2020-10-09,002803,42.55,43.46,43.8,42.06,45274,195898558.0,4.17,4.17,1.74,1.63
2020-10-12,002803,43.71,43.93,44.8,43.54,45806,201962668.0,2.9,1.08,0.47,1.65
2020-10-13,002803,43.99,42.72,44.29,42.68,42579,183336489.0,3.66,-2.75,-1.21,1.53
2020-10-14,002803,42.9,42.41,43.18,41.7,46714,198019697.0,3.46,-0.73,-0.31,1.68
2020-10-15,002803,42.53,42.51,43.28,42.05,48470,208109197.0,2.9,0.24,0.1,1.75
2020-10-16,002803,42.94,42.85,44.19,42.52,41404,178731223.0,3.93,0.8,0.34,1.49
2020-10-19,002803,42.85,41.03,43.15,40.58,50310,207974963.0,6.0,-4.25,-1.82,1.81
2020-10-20,002803,41.24,41.02,41.38,40.5,28554,116951259.0,2.14,-0.02,-0.01,1.03
2020-10-21,002803,40.73,39.98,41.01,37.6,90934,356342848.0,8.31,-2.54,-1.04,3.28
2020-10-22,002803,39.17,39.69,40.27,38.61,34814,136738938.0,4.15,-0.73,-0.29,1.25
2020-10-23,002803,39.76,38.05,40.17,37.88,40344,156638324.0,5.77,-4.13,-1.64,1.45
2020-10-26,002803,37.63,37.36,38.13,36.46,50306,187180615.0,4.39,-1.81,-0.69,1.81
2020-10-27,002803,37.09,37.63,38.33,36.93,74659,280074096.0,3.75,0.72,0.27,2.69
2020-10-28,002803,37.92,38.45,39.26,37.21,52961,202546072.0,5.45,2.18,0.82,1.91
2020-10-29,002803,37.75,39.23,39.63,37.62,39954,155794662.0,5.23,2.03,0.78,1.44
2020-10-30,002803,39.25,37.59,39.59,37.32,43719,167119361.0,5.79,-4.18,-1.64,1.57
2020-11-02,002803,37.5,36.9,38.35,36.51,65816,243977380.0,4.89,-1.84,-0.69,2.37
2020-11-03,002803,37.3,37.28,38.32,36.98,42272,158108377.0,3.63,1.03,0.38,1.52
2020-11-04,002803,37.33,36.89,37.51,36.29,35040,129237384.0,3.27,-1.05,-0.39,1.26
2020-11-05,002803,37.53,38.53,39.12,36.73,74657,281817136.0,6.48,4.45,1.64,2.69
2020-11-06,002803,38.01,35.8,38.01,34.79,118512,424766928.0,8.36,-7.09,-2.73,4.27
2020-11-09,002803,35.81,37.6,37.8,35.23,94604,350749712.0,7.18,5.03,1.8,3.41
2020-11-10,002803,37.96,37.56,38.18,36.84,53504,200516645.0,3.56,-0.11,-0.04,1.93
2020-11-11,002803,37.89,36.6,38.48,36.6,51549,193362317.0,5.01,-2.56,-0.96,1.86
2020-11-12,002803,37.13,36.16,37.13,36.01,36735,133870417.0,3.06,-1.2,-0.44,1.32
2020-11-13,002803,36.36,37.36,38.2,35.99,63284,235483503.0,6.11,3.32,1.2,2.28
2020-11-16,002803,39.05,40.0,40.5,38.61,108952,432036864.0,5.06,7.07,2.64,3.92
2020-11-17,002803,39.98,38.13,39.98,37.12,108765,412957120.0,7.15,-4.68,-1.87,3.92
2020-11-18,002803,37.8,38.21,38.81,37.31,49797,191049478.0,3.93,0.21,0.08,1.79
2020-11-19,002803,38.08,38.2,38.25,36.8,53892,202006157.0,3.79,-0.03,-0.01,1.94
2020-11-20,002803,37.9,36.93,38.41,36.73,56137,208854681.0,4.4,-3.32,-1.27,2.02
2020-11-23,002803,36.72,35.39,36.85,34.88,84407,297674880.0,5.33,-4.17,-1.54,3.04
2020-11-24,002803,35.0,34.8,35.16,33.9,75008,258095848.0,3.56,-1.67,-0.59,2.7
2020-11-25,002803,34.68,33.54,34.74,33.38,61041,207215018.0,3.91,-3.62,-1.26,2.2
2020-11-26,002803,33.26,31.84,33.5,31.51,73303,235981278.0,5.93,-5.07,-1.7,2.64
2020-11-27,002803,31.81,31.57,32.26,31.41,48835,154709510.0,2.67,-0.85,-0.27,1.76
2020-11-30,002803,31.74,31.18,32.15,30.52,57099,179425868.0,5.16,-1.24,-0.39,2.06
2020-12-01,002803,31.36,31.85,31.85,31.36,53993,170975696.0,1.57,2.15,0.67,1.94
2020-12-02,002803,32.2,32.82,33.3,31.33,80607,260365442.0,6.19,3.05,0.97,2.9
2020-12-03,002803,32.99,33.03,33.47,32.14,47150,154756636.0,4.05,0.64,0.21,1.7
2020-12-04,002803,33.02,33.41,33.93,32.67,37337,125023062.0,3.81,1.15,0.38,1.34
2020-12-07,002803,33.88,33.5,33.88,32.95,35200,117354666.0,2.78,0.27,0.09,1.27
2020-12-08,002803,33.3,33.27,33.78,32.67,42108,139691147.0,3.31,-0.69,-0.23,1.52
2020-12-09,002803,33.27,32.8,33.54,32.69,31800,104964484.0,2.55,-1.41,-0.47,1.15
2020-12-10,002803,32.79,32.94,33.5,32.61,29081,96199108.0,2.71,0.43,0.14,1.05
2020-12-11,002803,33.2,32.51,33.2,32.07,33921,110516028.0,3.43,-1.31,-0.43,1.22
2020-12-14,002803,32.45,31.95,32.66,31.02,67401,215495297.0,5.04,-1.72,-0.56,2.43
2020-12-15,002803,32.43,32.38,32.95,31.98,37869,123051054.0,3.04,1.35,0.43,1.36
2020-12-16,002803,32.55,31.28,32.66,31.11,31127,98958519.0,4.79,-3.4,-1.1,1.12
2020-12-17,002803,31.28,31.54,32.15,30.63,49239,154471705.0,4.86,0.83,0.26,1.77
2020-12-18,002803,31.3,30.92,31.89,30.76,37684,117140044.0,3.58,-1.97,-0.62,1.36
2020-12-21,002803,30.92,31.25,31.38,30.53,35023,108776439.0,2.75,1.07,0.33,1.26
2020-12-22,002803,31.1,30.76,32.08,30.71,44265,138586315.0,4.38,-1.57,-0.49,1.59
2020-12-23,002803,31.0,30.76,31.18,30.34,30493,93658630.0,2.73,0.0,0.0,1.1
2020-12-24,002803,30.59,30.67,30.99,30.33,24808,76081630.0,2.15,-0.29,-0.09,0.89
2020-12-25,002803,30.49,29.72,30.56,29.72,34266,102620671.0,2.74,-3.1,-0.95,1.23
2020-12-28,002803,29.55,30.43,30.85,28.84,47918,143877408.0,6.76,2.39,0.71,1.73
2020-12-29,002803,30.57,31.3,31.94,30.57,45643,143286131.0,4.5,2.86,0.87,1.64
2020-12-30,002803,31.48,30.11,31.5,30.0,54763,166095749.0,4.79,-3.8,-1.19,1.97
2020-12-31,002803,30.31,32.24,32.32,30.28,74718,236116421.0,6.78,7.07,2.13,2.74
2021-01-04,002803,32.09,32.5,32.5,31.68,56872,182880594.0,2.54,0.81,0.26,2.08
2021-01-05,002803,32.51,32.12,32.8,31.01,62928,200309981.0,5.51,-1.17,-0.38,2.3
2021-01-06,002803,31.9,30.93,32.3,30.8,52146,162598136.0,4.67,-3.7,-1.19,1.91
2021-01-07,002803,31.0,29.1,31.3,28.0,79282,234823069.0,10.67,-5.92,-1.83,2.9
2021-01-08,002803,29.04,28.61,29.58,28.1,57594,165712013.0,5.09,-1.68,-0.49,2.11
2021-01-11,002803,28.7,28.53,29.24,28.39,40435,116425411.0,2.97,-0.28,-0.08,1.48
2021-01-12,002803,28.58,29.48,29.78,28.4,40243,117039234.0,4.84,3.33,0.95,1.47
2021-01-13,002803,30.0,28.71,30.02,28.12,72616,209455282.0,6.45,-2.61,-0.77,2.66
2021-01-14,002803,28.2,28.71,29.17,27.58,52409,148934290.0,5.54,0.0,0.0,1.92
2021-01-15,002803,29.15,29.75,29.8,28.72,46680,136890616.0,3.76,3.62,1.04,1.71
2021-01-18,002803,29.73,29.66,30.6,29.4,49541,147847338.0,4.03,-0.3,-0.09,1.81
2021-01-19,002803,29.56,28.96,29.99,28.96,40314,118876295.0,3.47,-2.36,-0.7,1.48
2021-01-20,002803,28.95,29.47,29.55,28.66,31801,92847709.0,3.07,1.76,0.51,1.16
2021-01-21,002803,29.54,29.93,30.36,29.52,44668,133938590.0,2.85,1.56,0.46,1.64
2021-01-22,002803,29.94,30.91,32.5,29.8,129908,404681408.0,9.02,3.27,0.98,4.76
2021-01-25,002803,30.81,32.37,32.48,30.0,118180,375813520.0,8.02,4.72,1.46,4.33
2021-01-26,002803,32.1,33.32,33.88,31.62,101702,335352352.0,6.98,2.93,0.95,3.72
2021-01-27,002803,33.53,32.85,33.96,32.23,99614,329501824.0,5.19,-1.41,-0.47,3.65
2021-01-28,002803,32.68,31.52,33.19,31.18,69397,223414428.0,6.12,-4.05,-1.33,2.54
2021-01-29,002803,31.61,30.49,31.88,29.98,69823,215328320.0,6.03,-3.27,-1.03,2.56
2021-02-01,002803,30.49,32.56,33.12,30.45,98329,315814176.0,8.76,6.79,2.07,3.6
2021-02-02,002803,32.79,33.29,33.44,31.01,116698,375810592.0,7.46,2.24,0.73,4.27
2021-02-03,002803,32.8,32.06,32.93,31.72,83356,268669968.0,3.63,-3.69,-1.23,3.05
2021-02-04,002803,32.06,31.88,32.75,31.03,54944,176072709.0,5.36,-0.56,-0.18,2.01
2021-02-05,002803,31.88,30.2,31.9,30.02,55660,171746718.0,5.9,-5.27,-1.68,2.04
2021-02-08,002803,30.95,29.94,30.95,29.3,34283,102192867.0,5.46,-0.86,-0.26,1.26
2021-02-09,002803,29.94,30.18,30.51,29.55,33684,101373269.0,3.21,0.8,0.24,1.23
2021-02-10,002803,30.25,31.99,32.53,29.0,74193,229745356.0,11.7,6.0,1.81,2.72
2021-02-18,002803,32.61,34.68,34.98,32.34,110077,373400992.0,8.25,8.41,2.69,4.03
2021-02-19,002803,34.68,35.88,36.3,34.3,97525,348346272.0,5.77,3.46,1.2,3.57
2021-02-22,002803,35.88,33.68,36.25,33.65,95784,333530560.0,7.25,-6.13,-2.2,3.51
2021-02-23,002803,33.71,34.31,34.91,33.43,71190,242536487.0,4.39,1.87,0.63,2.61
2021-02-24,002803,34.03,33.73,35.52,33.6,71589,247209309.0,5.6,-1.69,-0.58,2.62
2021-02-25,002803,34.14,34.72,34.94,33.03,58793,200319270.0,5.66,2.94,0.99,2.15
2021-02-26,002803,34.4,35.35,35.79,33.5,82951,290199728.0,6.6,1.81,0.63,3.04
2021-03-01,002803,34.61,37.65,37.69,34.61,92885,339871808.0,8.71,6.51,2.3,3.4
2021-03-02,002803,37.43,37.15,37.47,36.48,57641,213321235.0,2.63,-1.33,-0.5,2.11
2021-03-03,002803,37.0,37.11,38.2,36.54,49978,186410409.0,4.47,-0.11,-0.04,1.83
2021-03-04,002803,37.11,37.39,38.1,36.86,57603,215515703.0,3.34,0.75,0.28,2.11
2021-03-05,002803,37.28,35.24,37.28,34.9,84777,304669152.0,6.37,-5.75,-2.15,3.1
2021-03-08,002803,35.51,34.54,36.66,34.4,54065,191242895.0,6.41,-1.99,-0.7,1.98
2021-03-09,002803,34.38,32.79,34.81,32.09,65432,217849459.0,7.87,-5.07,-1.75,2.4
2021-03-10,002803,33.34,32.96,33.57,32.31,34359,112950953.0,3.84,0.52,0.17,1.26
2021-03-11,002803,32.8,33.25,33.58,32.55,40971,135872495.0,3.13,0.88,0.29,1.5
2021-03-12,002803,33.32,33.09,34.15,32.67,50342,168171594.0,4.45,-0.48,-0.16,1.84
2021-03-15,002803,32.5,32.0,33.21,31.6,59254,191327636.0,4.87,-3.29,-1.09,2.17
2021-03-16,002803,32.14,31.36,32.28,31.16,37126,117437704.0,3.5,-2.0,-0.64,1.36
2021-03-17,002803,31.4,31.8,31.85,30.81,32080,100779807.0,3.32,1.4,0.44,1.17
2021-03-18,002803,31.9,32.48,32.8,31.3,43573,140421975.0,4.72,2.14,0.68,1.6
2021-03-19,002803,32.09,32.05,32.72,31.6,38066,122386913.0,3.45,-1.32,-0.43,1.39
2021-03-22,002803,32.2,32.5,32.76,31.83,28293,91421410.0,2.9,1.4,0.45,1.04
2021-03-23,002803,32.88,32.08,33.15,31.85,30086,97288854.0,4.0,-1.29,-0.42,1.1
2021-03-24,002803,31.82,30.13,32.2,30.1,49736,153728060.0,6.55,-6.08,-1.95,1.82
2021-03-25,002803,29.89,30.0,30.4,28.68,39966,118447045.0,5.71,-0.43,-0.13,1.46
2021-03-26,002803,29.91,30.78,31.08,29.83,34070,103997079.0,4.17,2.6,0.78,1.25
2021-03-29,002803,31.2,30.59,31.2,30.33,24780,75927663.0,2.83,-0.62,-0.19,0.91
2021-03-30,002803,30.4,30.64,30.8,30.03,29983,91032649.0,2.52,0.16,0.05,1.1
2021-03-31,002803,30.42,30.0,30.42,29.57,34165,102197424.0,2.77,-2.09,-0.64,1.25
2021-04-01,002803,30.19,29.52,30.4,29.5,31128,92966897.0,3.0,-1.6,-0.48,1.14
2021-04-02,002803,29.7,29.6,30.23,29.32,30456,90761037.0,3.08,0.27,0.08,1.12
2021-04-06,002803,29.62,29.43,30.12,29.35,34461,102003556.0,2.6,-0.57,-0.17,1.26
2021-04-07,002803,29.4,29.05,29.44,28.8,40402,117304987.0,2.17,-1.29,-0.38,1.48
2021-04-08,002803,29.03,29.14,29.6,28.72,28223,82436994.0,3.03,0.31,0.09,1.03
2021-04-09,002803,28.99,29.15,29.3,28.7,21407,62126502.0,2.06,0.03,0.01,0.78
2021-04-12,002803,29.26,29.38,30.17,29.05,58113,171585652.0,3.84,0.79,0.23,2.13
2021-04-13,002803,29.25,26.44,29.4,26.44,118854,328223552.0,10.07,-10.01,-2.94,4.35
2021-04-14,002803,26.22,26.79,27.01,25.65,75213,198991436.0,5.14,1.32,0.35,2.75
2021-04-15,002803,26.74,26.98,27.34,26.4,41282,111404847.0,3.51,0.71,0.19,1.51
2021-04-16,002803,26.92,27.69,27.85,26.77,41529,113359911.0,4.0,2.63,0.71,1.52
2021-04-19,002803,27.57,28.2,28.35,27.4,63889,179208733.0,3.43,1.84,0.51,2.34
2021-04-20,002803,28.32,27.98,28.34,27.86,31739,89083131.0,1.7,-0.78,-0.22,1.16
2021-04-21,002803,27.9,29.7,29.76,27.57,72438,209416437.0,7.83,6.15,1.72,2.65
2021-04-22,002803,30.05,30.1,30.3,29.3,51819,154852823.0,3.37,1.35,0.4,1.9
2021-04-23,002803,29.4,28.87,29.57,28.01,102869,296184672.0,5.18,-4.09,-1.23,3.77
2021-04-26,002803,28.48,27.49,28.5,27.38,61659,171076660.0,3.88,-4.78,-1.38,2.26
2021-04-27,002803,27.07,27.25,27.64,26.81,30673,83281536.0,3.02,-0.87,-0.24,1.12
2021-04-28,002803,27.23,26.7,27.23,26.41,41871,111916606.0,3.01,-2.02,-0.55,1.53
2021-04-29,002803,26.6,26.6,26.89,26.5,29336,78272360.0,1.46,-0.37,-0.1,1.07
2021-04-30,002803,26.59,27.27,27.55,26.27,48936,130761337.0,4.81,2.52,0.67,1.79
2021-05-06,002803,26.87,26.3,27.39,26.13,52477,139121833.0,4.62,-3.56,-0.97,1.92
2021-05-07,002803,26.23,26.3,26.79,25.6,41894,109598515.0,4.52,0.0,0.0,1.53
2021-05-10,002803,26.06,25.08,26.2,24.8,56014,141005814.0,5.32,-4.64,-1.22,2.05
2021-05-11,002803,25.08,24.39,25.15,23.9,49975,121559836.0,4.98,-2.75,-0.69,1.83
2021-05-12,002803,24.3,24.99,25.18,24.2,31129,77562978.0,4.02,2.46,0.6,1.14
2021-05-13,002803,24.81,24.67,25.27,24.58,21543,53666228.0,2.76,-1.28,-0.32,0.79
2021-05-14,002803,24.8,25.21,25.36,24.39,40549,100991269.0,3.93,2.19,0.54,1.49
2021-05-17,002803,25.14,26.0,26.22,24.5,49743,127577530.0,6.82,3.13,0.79,1.82
2021-05-18,002803,25.9,25.8,25.9,25.33,24509,62651764.0,2.19,-0.77,-0.2,0.9
2021-05-19,002803,25.79,24.8,25.8,24.57,43731,109295252.0,4.77,-3.88,-1.0,1.6
2021-05-20,002803,24.78,25.72,25.76,24.24,49413,124547242.0,6.13,3.71,0.92,1.81
2021-05-21,002803,25.7,24.98,25.73,24.46,53340,132989399.0,4.94,-2.88,-0.74,1.95
2021-05-24,002803,24.88,25.4,25.6,24.68,41010,103398254.0,3.68,1.68,0.42,1.5
2021-05-25,002803,25.35,25.16,25.67,25.14,30259,76641315.0,2.09,-0.94,-0.24,1.11
2021-05-26,002803,25.27,25.69,26.12,25.2,43931,112504831.0,3.66,2.11,0.53,1.61
2021-05-27,002803,25.88,26.14,26.19,24.7,68981,177091154.0,5.8,1.75,0.45,2.53
2021-05-28,002803,26.17,24.98,26.2,24.9,54350,138210741.0,4.97,-4.44,-1.16,1.99
2021-05-31,002803,25.0,27.33,27.4,24.8,100043,263352660.0,10.41,9.41,2.35,3.66
2021-06-01,002803,27.1,27.33,27.6,26.7,57099,155581499.0,3.29,0.0,0.0,2.09
2021-06-02,002803,27.08,26.71,27.4,26.61,49653,133697531.0,2.89,-2.27,-0.62,1.82
2021-06-03,002803,26.75,27.0,27.4,26.55,44957,121204157.0,3.18,1.09,0.29,1.65
2021-06-04,002803,26.85,26.65,27.18,26.59,25352,67999511.0,2.19,-1.3,-0.35,0.93
2021-06-07,002803,26.9,26.66,26.98,26.34,26777,71253766.0,2.4,0.04,0.01,0.98
2021-06-08,002803,26.66,26.21,27.37,26.12,39145,104416922.0,4.69,-1.69,-0.45,1.43
2021-06-09,002803,26.19,25.63,26.19,25.32,43246,110912865.0,3.32,-2.21,-0.58,1.58
2021-06-10,002803,25.64,25.6,26.11,25.28,30425,78132144.0,3.24,-0.12,-0.03,1.11
2021-06-11,002803,25.6,25.02,25.78,25.0,26449,66440124.0,3.05,-2.27,-0.58,0.97
2021-06-15,002803,24.97,23.89,24.97,23.79,53499,129330838.0,4.72,-4.52,-1.13,1.96
2021-06-16,002803,23.9,23.4,24.01,23.33,45121,106641403.0,2.85,-2.05,-0.49,1.65
2021-06-17,002803,23.43,23.55,23.85,23.24,29927,70683091.0,2.61,0.64,0.15,1.1
2021-06-18,002803,23.7,24.25,24.5,23.55,39781,96071206.0,4.03,2.97,0.7,1.46
2021-06-21,002803,24.25,24.19,24.57,24.05,23128,56156066.0,2.14,-0.25,-0.06,0.85
2021-06-22,002803,24.2,23.68,24.37,23.45,40434,96269347.0,3.8,-2.11,-0.51,1.48
2021-06-23,002803,23.67,26.05,26.05,23.35,126511,319465872.0,11.4,10.01,2.37,4.63
2021-06-24,002803,26.06,27.53,28.25,25.77,136392,364872528.0,9.52,5.68,1.48,5.0
2021-06-25,002803,27.34,28.34,28.39,27.14,105355,294601856.0,4.54,2.94,0.81,3.86
2021-06-28,002803,28.29,31.17,31.17,28.11,128038,388324832.0,10.8,9.99,2.83,4.69
2021-06-29,002803,34.29,30.83,34.29,30.6,422363,1407962272.0,11.84,-1.09,-0.34,15.47
2021-06-30,002803,29.75,28.38,30.1,27.75,278276,796651760.0,7.62,-7.95,-2.45,9.81
2021-07-01,002803,28.24,26.8,28.24,26.7,176447,479778448.0,5.43,-5.57,-1.58,6.22
2021-07-02,002803,28.0,29.48,29.48,28.0,212764,618745200.0,5.52,10.0,2.68,7.5
2021-07-05,002803,30.0,27.55,30.61,27.5,271806,778844000.0,10.55,-6.55,-1.93,9.59
2021-07-06,002803,27.14,26.5,27.62,25.9,171156,456371760.0,6.24,-3.81,-1.05,6.04
2021-07-07,002803,26.1,27.19,27.34,25.85,119280,319680016.0,5.62,2.6,0.69,4.21
2021-07-08,002803,26.9,26.17,27.06,26.03,102325,270765632.0,3.79,-3.75,-1.02,3.61
2021-07-09,002803,25.76,25.7,26.06,25.08,84422,216072719.0,3.74,-1.8,-0.47,2.98
2021-07-12,002803,25.52,25.48,26.12,25.13,89701,228975046.0,3.85,-0.86,-0.22,3.16
2021-07-13,002803,25.5,25.85,26.15,25.25,87933,225735699.0,3.53,1.45,0.37,3.1
2021-07-14,002803,25.6,25.54,26.13,25.07,91806,234863506.0,4.1,-1.2,-0.31,3.24
2021-07-15,002803,25.1,24.78,25.34,24.38,102420,253532892.0,3.76,-2.98,-0.76,3.61
2021-07-16,002803,24.58,26.07,26.98,23.93,187889,477691232.0,12.31,5.21,1.29,6.63
2021-07-19,002803,26.1,26.12,26.75,25.74,94011,247000781.0,3.87,0.19,0.05,3.32
2021-07-20,002803,25.77,26.19,26.95,25.3,113155,297156832.0,6.32,0.27,0.07,3.99
2021-07-21,002803,26.0,25.9,26.56,25.66,80984,210674308.0,3.44,-1.11,-0.29,2.86
2021-07-22,002803,25.69,24.88,25.77,24.88,87674,220350285.0,3.44,-3.94,-1.02,3.09
2021-07-23,002803,24.57,24.17,24.87,24.09,83689,203985798.0,3.14,-2.85,-0.71,2.95
2021-07-26,002803,24.0,22.4,24.01,22.22,112495,259045428.0,7.41,-7.32,-1.77,3.97
2021-07-27,002803,22.42,21.01,22.65,20.9,94157,204956125.0,7.81,-6.21,-1.39,3.32
2021-07-28,002803,21.75,21.22,22.51,21.02,88467,191673206.0,7.09,1.0,0.21,3.12
2021-07-29,002803,21.45,21.23,21.66,21.01,72532,154364520.0,3.06,0.05,0.01,2.56
2021-07-30,002803,21.1,20.38,21.1,20.3,98649,203063393.0,3.77,-4.0,-0.85,3.48
2021-08-02,002803,20.0,21.02,21.33,19.92,84879,175401299.0,6.92,3.14,0.64,2.99
2021-08-03,002803,20.9,20.83,21.31,20.72,58740,123134596.0,2.81,-0.9,-0.19,2.07
2021-08-04,002803,20.8,20.5,20.94,20.42,53919,111024029.0,2.5,-1.58,-0.33,1.9
2021-08-05,002803,20.11,19.79,20.58,19.79,87490,175792026.0,3.85,-3.46,-0.71,3.09
2021-08-06,002803,19.6,19.05,19.93,19.0,108218,207849191.0,4.7,-3.74,-0.74,3.82
2021-08-09,002803,19.1,19.55,19.71,19.04,92362,180243575.0,3.52,2.62,0.5,3.26
2021-08-10,002803,19.62,20.0,20.35,19.42,85679,170599833.0,4.76,2.3,0.45,3.02
2021-08-11,002803,19.93,20.09,20.65,19.85,75696,152874741.0,4.0,0.45,0.09,2.67
2021-08-12,002803,19.98,19.81,20.36,19.81,64276,128681635.0,2.74,-1.39,-0.28,2.27
2021-08-13,002803,19.82,19.68,19.87,19.4,57120,111979395.0,2.37,-0.66,-0.13,2.01
2021-08-16,002803,19.72,20.27,20.8,19.58,90534,182644648.0,6.2,3.0,0.59,3.19
2021-08-17,002803,20.11,19.34,20.15,19.33,71220,140087770.0,4.05,-4.59,-0.93,2.51
2021-08-18,002803,19.29,19.2,19.45,19.1,45320,87190198.0,1.81,-0.72,-0.14,1.6
2021-08-19,002803,19.12,19.04,19.4,19.02,43028,82390687.0,1.98,-0.83,-0.16,1.52
2021-08-20,002803,19.05,18.41,19.07,18.25,68679,126416251.0,4.31,-3.31,-0.63,2.42
2021-08-23,002803,18.19,19.0,19.15,18.19,70216,131876427.0,5.21,3.2,0.59,2.48
2021-08-24,002803,18.94,18.72,19.25,18.72,54340,102759764.0,2.79,-1.47,-0.28,1.92
2021-08-25,002803,18.78,18.98,19.18,18.61,59201,112349142.0,3.04,1.39,0.26,2.09
2021-08-26,002803,18.93,18.29,19.15,18.19,79084,147502316.0,5.06,-3.64,-0.69,2.79
2021-08-27,002803,18.33,17.9,18.45,17.72,78256,141153276.0,3.99,-2.13,-0.39,2.76
2021-08-30,002803,17.89,17.28,17.89,17.13,90168,156437162.0,4.25,-3.46,-0.62,3.18
2021-08-31,002803,17.32,17.1,17.52,16.79,72313,123722345.0,4.22,-1.04,-0.18,2.55
2021-09-01,002803,17.1,17.68,17.8,16.99,86958,151971117.0,4.74,3.39,0.58,3.07
2021-09-02,002803,17.64,17.24,17.65,17.15,53159,92096176.0,2.83,-2.49,-0.44,1.87
2021-09-03,002803,17.25,18.04,18.5,17.2,105321,189579493.0,7.54,4.64,0.8,3.71
2021-09-06,002803,18.15,18.08,18.26,17.71,59936,107869219.0,3.05,0.22,0.04,2.11
2021-09-07,002803,17.9,18.12,18.24,17.9,48821,88366005.0,1.88,0.22,0.04,1.72
2021-09-08,002803,18.2,18.43,18.83,18.05,66287,122277630.0,4.3,1.71,0.31,2.34
2021-09-09,002803,18.29,17.98,18.38,17.96,51090,92334984.0,2.28,-2.44,-0.45,1.8
2021-09-10,002803,17.95,18.01,18.22,17.89,38495,69507783.0,1.84,0.17,0.03,1.36
2021-09-13,002803,18.0,17.66,18.02,17.66,35431,62903740.0,2.0,-1.94,-0.35,1.25
2021-09-14,002803,17.63,17.51,18.3,17.4,56196,100077369.0,5.1,-0.85,-0.15,1.98
2021-09-15,002803,17.46,17.25,17.46,17.0,35407,60890981.0,2.63,-1.48,-0.26,1.25
2021-09-16,002803,17.23,17.1,17.54,17.0,38441,66302238.0,3.13,-0.87,-0.15,1.36
2021-09-17,002803,17.15,17.1,17.34,16.79,40500,69081359.0,3.22,0.0,0.0,1.43
2021-09-22,002803,16.95,16.61,16.97,16.5,39325,65636021.0,2.75,-2.87,-0.49,1.39
2021-09-23,002803,16.69,17.2,17.32,16.65,61682,105628763.0,4.03,3.55,0.59,2.18
2021-09-24,002803,17.2,16.92,17.29,16.92,38946,66366686.0,2.15,-1.63,-0.28,1.37
2021-09-27,002803,16.94,17.18,17.71,16.94,73277,127187469.0,4.55,1.54,0.26,2.58
2021-09-28,002803,17.0,16.69,17.17,16.51,43178,72092886.0,3.84,-2.85,-0.49,1.52
2021-09-29,002803,16.58,16.07,16.58,16.07,39909,64900623.0,3.06,-3.71,-0.62,1.41
2021-09-30,002803,16.19,16.47,16.59,16.1,30868,50695115.0,3.05,2.49,0.4,1.09
2021-10-08,002803,16.71,17.2,17.48,16.53,61603,105643406.0,5.77,4.43,0.73,2.17
2021-10-11,002803,17.35,17.2,17.5,17.0,34472,59299269.0,2.91,0.0,0.0,1.22
2021-10-12,002803,17.2,16.91,17.2,16.75,30587,51783322.0,2.62,-1.69,-0.29,1.08
2021-10-13,002803,17.06,17.1,17.19,16.66,33285,56461122.0,3.13,1.12,0.19,1.17
2021-10-14,002803,17.19,17.3,17.37,17.06,36522,62914206.0,1.81,1.17,0.2,1.29
2021-10-15,002803,17.3,17.33,18.1,17.2,81294,142987831.0,5.2,0.17,0.03,2.87
2021-10-18,002803,17.2,16.7,17.2,16.67,50189,84262544.0,3.06,-3.64,-0.63,1.77
2021-10-19,002803,16.62,16.7,16.87,16.6,29773,49749364.0,1.62,0.0,0.0,1.05
2021-10-20,002803,16.0,16.22,16.3,15.54,58388,93871779.0,4.55,-2.87,-0.48,2.06
2021-10-21,002803,16.22,15.9,16.44,15.9,40674,65574133.0,3.33,-1.97,-0.32,1.43
2021-10-22,002803,16.0,16.01,16.3,15.66,44009,70277506.0,4.03,0.69,0.11,1.55
2021-10-25,002803,16.01,15.7,16.09,15.61,37851,59523768.0,3.0,-1.94,-0.31,1.33
2021-10-26,002803,15.71,15.6,15.92,15.54,32575,51058661.0,2.42,-0.64,-0.1,1.15
2021-10-27,002803,15.6,14.81,15.64,14.8,68763,103290231.0,5.38,-5.06,-0.79,2.43
2021-10-28,002803,14.88,14.52,14.94,14.41,45118,65843843.0,3.58,-1.96,-0.29,1.59
2021-10-29,002803,14.58,15.18,15.25,14.55,59595,89269498.0,4.82,4.55,0.66,2.1
2021-11-01,002803,15.01,14.96,15.4,14.75,61979,93447481.0,4.28,-1.45,-0.22,2.19
2021-11-02,002803,14.92,14.59,15.16,14.46,58121,85612941.0,4.68,-2.47,-0.37,2.05
2021-11-03,002803,14.69,16.05,16.05,14.63,107441,164849333.0,9.73,10.01,1.46,3.79
2021-11-04,002803,16.49,15.8,16.5,15.5,124593,196715233.0,6.23,-1.56,-0.25,4.39
2021-11-05,002803,15.66,16.28,16.56,15.54,112613,182609623.0,6.46,3.04,0.48,3.97
2021-11-08,002803,16.1,16.04,16.28,15.82,63258,101184156.0,2.83,-1.47,-0.24,2.23
2021-11-09,002803,16.06,16.06,16.18,15.85,44762,71728816.0,2.06,0.12,0.02,1.58
2021-11-10,002803,16.03,16.09,16.17,15.84,42097,67409807.0,2.05,0.19,0.03,1.48
2021-11-11,002803,16.09,16.19,16.32,15.92,42905,69100540.0,2.49,0.62,0.1,1.51
2021-11-12,002803,16.05,16.2,16.32,15.94,42646,68807800.0,2.35,0.06,0.01,1.5
2021-11-15,002803,16.23,16.87,17.29,16.23,101112,170750434.0,6.54,4.14,0.67,3.57
2021-11-16,002803,16.85,16.72,17.0,16.62,53940,90633550.0,2.25,-0.89,-0.15,1.9
2021-11-17,002803,16.73,16.92,16.93,16.58,45560,76423698.0,2.09,1.2,0.2,1.61
2021-11-18,002803,16.94,16.39,17.07,16.36,55298,92085046.0,4.2,-3.13,-0.53,1.95
2021-11-19,002803,16.48,16.59,16.7,16.31,35457,58541379.0,2.38,1.22,0.2,1.25
2021-11-22,002803,16.7,17.66,17.86,16.63,112025,195027006.0,7.41,6.45,1.07,3.95
2021-11-23,002803,17.78,17.55,18.08,17.52,74098,131555055.0,3.17,-0.62,-0.11,2.61
2021-11-24,002803,17.62,17.62,17.88,17.34,53289,93734788.0,3.08,0.4,0.07,1.88
2021-11-25,002803,17.61,17.35,17.82,17.33,38243,66867368.0,2.78,-1.53,-0.27,1.35
2021-11-26,002803,17.45,17.16,17.45,17.13,32277,55597911.0,1.84,-1.1,-0.19,1.14
2021-11-29,002803,17.01,16.99,17.24,16.62,44636,75514774.0,3.61,-0.99,-0.17,1.57
2021-11-30,002803,18.69,18.69,18.69,18.69,19558,36554088.0,0.0,10.01,1.7,0.69
2021-12-01,002803,20.56,20.56,20.56,19.87,307873,630530672.0,3.69,10.01,1.87,10.86
2021-12-02,002803,22.0,22.62,22.62,21.54,129391,287090768.0,5.25,10.02,2.06,4.56
2021-12-03,002803,24.88,21.45,24.88,21.45,537862,1248279392.0,15.16,-5.17,-1.17,18.97
2021-12-06,002803,21.08,19.54,21.45,19.4,377755,766181120.0,9.56,-8.9,-1.91,13.32
2021-12-07,002803,19.39,19.67,20.26,19.11,216268,423398128.0,5.89,0.67,0.13,7.63
2021-12-08,002803,19.33,19.37,20.0,18.9,179173,347209728.0,5.59,-1.53,-0.3,6.32
2021-12-09,002803,19.29,18.99,19.49,18.88,168690,321788944.0,3.15,-1.96,-0.38,5.95
2021-12-10,002803,19.0,19.1,19.49,18.79,129294,247929612.0,3.69,0.58,0.11,4.56
2021-12-13,002803,19.18,19.25,19.38,18.83,121255,231567396.0,2.88,0.79,0.15,4.28
2021-12-14,002803,19.14,20.4,21.04,18.91,255862,514925440.0,11.06,5.97,1.15,9.02
2021-12-15,002803,20.09,19.61,20.39,19.6,156989,312593696.0,3.87,-3.87,-0.79,5.54
2021-12-16,002803,19.54,19.41,19.68,19.32,89795,174669778.0,1.84,-1.02,-0.2,3.17
2021-12-17,002803,19.28,19.42,19.9,19.27,95059,185542711.0,3.25,0.05,0.01,3.35
2021-12-20,002803,19.63,19.62,20.39,19.41,158198,313779200.0,5.05,1.03,0.2,5.58
2021-12-21,002803,19.41,19.24,19.61,19.06,97106,187264886.0,2.8,-1.94,-0.38,3.42
2021-12-22,002803,19.28,19.85,20.1,19.05,141963,280042432.0,5.46,3.17,0.61,5.01
2021-12-23,002803,19.89,19.33,19.89,19.21,87337,169605375.0,3.43,-2.62,-0.52,3.08
2021-12-24,002803,19.35,18.19,19.46,18.0,125742,235135165.0,7.55,-5.9,-1.14,4.43
2021-12-27,002803,18.19,20.01,20.01,18.11,175899,345209216.0,10.45,10.01,1.82,6.2
2021-12-28,002803,20.45,20.3,21.15,19.75,299005,614569648.0,7.0,1.45,0.29,10.54
2021-12-29,002803,20.28,20.73,20.98,19.8,187267,382438864.0,5.81,2.12,0.43,6.6
2021-12-30,002803,20.66,21.75,22.17,20.25,288750,618308304.0,9.26,4.92,1.02,10.18
2021-12-31,002803,21.37,21.23,22.1,21.0,197224,421701760.0,5.06,-2.39,-0.52,6.95
2022-01-04,002803,21.45,23.35,23.35,21.04,239595,531129856.0,10.88,9.99,2.12,8.45
2022-01-05,002803,23.95,22.2,24.98,21.98,334377,782966080.0,12.85,-4.93,-1.15,11.79
2022-01-06,002803,22.0,21.27,22.17,21.13,179018,384725312.0,4.68,-4.19,-0.93,6.31
2022-01-07,002803,21.31,23.4,23.4,21.07,329254,746893680.0,10.95,10.01,2.13,11.61
2022-01-10,002803,23.25,25.24,25.74,22.9,460070,1120189040.0,12.14,7.86,1.84,16.22
2022-01-11,002803,24.68,22.9,24.78,22.82,323574,768090608.0,7.77,-9.27,-2.34,11.41
2022-01-12,002803,22.91,23.23,23.85,22.88,176826,413285504.0,4.24,1.44,0.33,6.24
2022-01-13,002803,23.01,23.07,23.7,22.86,145045,337418416.0,3.62,-0.69,-0.16,5.11
2022-01-14,002803,22.78,22.55,23.0,21.71,152631,343351216.0,5.59,-2.25,-0.52,5.38
2022-01-17,002803,22.44,22.03,22.89,21.95,128285,286095504.0,4.17,-2.31,-0.52,4.52
2022-01-18,002803,22.22,22.96,23.26,21.86,186375,423718480.0,6.35,4.22,0.93,6.57
2022-01-19,002803,22.61,22.19,22.77,21.87,113418,251728092.0,3.92,-3.35,-0.77,4.0
2022-01-20,002803,21.9,21.02,22.15,20.56,145422,306826336.0,7.17,-5.27,-1.17,5.13
2022-01-21,002803,20.65,20.3,21.08,20.25,79391,163478853.0,3.95,-3.43,-0.72,2.8
2022-01-24,002803,20.1,20.4,20.6,19.97,46174,93978351.0,3.1,0.49,0.1,1.63
2022-01-25,002803,20.36,19.06,20.36,19.05,92948,181646902.0,6.42,-6.57,-1.34,3.28
2022-01-26,002803,19.3,19.46,19.75,19.15,53226,103466544.0,3.15,2.1,0.4,1.88
2022-01-27,002803,19.8,18.85,19.91,18.82,72187,139893889.0,5.6,-3.13,-0.61,2.55
2022-01-28,002803,18.97,18.51,19.17,18.51,58462,110020311.0,3.5,-1.8,-0.34,2.06
2022-02-07,002803,18.36,18.04,18.5,17.8,84831,153377045.0,3.78,-2.54,-0.47,2.99
2022-02-08,002803,18.08,18.05,18.33,17.7,54362,97859476.0,3.49,0.06,0.01,1.92
2022-02-09,002803,18.12,18.44,18.94,18.05,73498,136080873.0,4.93,2.16,0.39,2.59
2022-02-10,002803,18.3,18.12,18.48,17.95,57483,104487886.0,2.87,-1.74,-0.32,2.03
2022-02-11,002803,18.19,17.4,18.28,17.4,63238,111858766.0,4.86,-3.97,-0.72,2.23
2022-02-14,002803,17.52,17.37,17.65,17.2,37639,65602007.0,2.59,-0.17,-0.03,1.33
2022-02-15,002803,17.38,17.56,17.77,17.24,35439,62004730.0,3.05,1.09,0.19,1.25
2022-02-16,002803,17.59,17.88,18.0,17.46,47540,84362683.0,3.08,1.82,0.32,1.68
2022-02-17,002803,16.09,16.09,16.09,16.09,29492,47452628.0,0.0,-10.01,-1.79,1.04
2022-02-18,002803,15.23,15.47,15.54,14.83,263201,396642192.0,4.41,-3.85,-0.62,9.28
2022-02-21,002803,15.25,15.35,15.64,15.16,162514,249534114.0,3.1,-0.78,-0.12,5.73
2022-02-22,002803,15.22,15.05,15.26,14.67,127187,190514174.0,3.84,-1.95,-0.3,4.49
2022-02-23,002803,15.13,15.28,15.33,14.94,102707,155787816.0,2.59,1.53,0.23,3.62
2022-02-24,002803,15.24,14.56,15.35,14.3,155302,229273878.0,6.87,-4.71,-0.72,5.48
2022-02-25,002803,14.7,14.81,15.06,14.64,101436,150780096.0,2.88,1.72,0.25,3.58
2022-02-28,002803,14.89,14.85,14.91,14.47,58603,86214301.0,2.97,0.27,0.04,2.07
2022-03-01,002803,14.87,14.87,15.02,14.76,52013,77329792.0,1.75,0.13,0.02,1.83
2022-03-02,002803,14.85,14.86,14.91,14.65,40889,60548729.0,1.75,-0.07,-0.01,1.44
2022-03-03,002803,14.99,14.65,14.99,14.5,68689,101023128.0,3.3,-1.41,-0.21,2.42
2022-03-04,002803,14.54,14.4,14.75,14.39,62488,90818318.0,2.46,-1.71,-0.25,2.2
2022-03-07,002803,14.34,14.03,14.48,13.9,73482,103743139.0,4.03,-2.57,-0.37,2.59
2022-03-08,002803,14.15,13.38,14.2,13.33,89090,121596939.0,6.2,-4.63,-0.65,3.14
2022-03-09,002803,13.42,13.06,13.56,12.5,94564,123195683.0,7.92,-2.39,-0.32,3.33
2022-03-10,002803,13.35,13.45,13.73,13.2,93918,126399725.0,4.06,2.99,0.39,3.31
2022-03-11,002803,13.44,13.68,13.7,13.07,65140,87084758.0,4.68,1.71,0.23,2.3
2022-03-14,002803,13.6,13.18,13.68,13.18,50210,67472055.0,3.65,-3.65,-0.5,1.77
2022-03-15,002803,13.26,12.65,13.35,12.64,59693,77469726.0,5.39,-4.02,-0.53,2.1
2022-03-16,002803,12.95,13.03,13.06,12.36,67076,85417631.0,5.53,3.0,0.38,2.37
2022-03-17,002803,13.2,13.42,13.81,13.14,93576,126012766.0,5.14,2.99,0.39,3.3
2022-03-18,002803,13.29,13.42,13.46,13.18,56059,74754081.0,2.09,0.0,0.0,1.98
2022-03-21,002803,13.44,13.58,13.79,13.37,60647,82145436.0,3.13,1.19,0.16,2.14
2022-03-22,002803,13.6,13.52,13.64,13.28,56550,76153634.0,2.65,-0.44,-0.06,1.99
2022-03-23,002803,13.61,13.59,13.68,13.47,52058,70581178.0,1.55,0.52,0.07,1.84
2022-03-24,002803,13.38,13.27,13.59,13.16,59482,79134967.0,3.16,-2.35,-0.32,2.1
2022-03-25,002803,13.46,14.6,14.6,13.35,176091,251726039.0,9.42,10.02,1.33,6.21
2022-03-28,002803,14.42,13.95,14.47,13.86,257326,363367632.0,4.18,-4.45,-0.65,9.07
2022-03-29,002803,14.1,15.35,15.35,14.1,237730,349351184.0,8.96,10.04,1.4,8.38
2022-03-30,002803,15.6,15.38,16.1,15.06,485511,763159952.0,6.78,0.2,0.03,17.12
2022-03-31,002803,14.83,14.9,15.24,14.6,291728,433508176.0,4.16,-3.12,-0.48,10.29
2022-04-01,002803,14.75,15.24,15.56,14.41,258309,388035056.0,7.72,2.28,0.34,9.11
2022-04-06,002803,14.99,14.88,15.66,14.86,176311,266195933.0,5.25,-2.36,-0.36,6.22
2022-04-07,002803,14.8,14.9,15.45,14.7,168211,253842508.0,5.04,0.13,0.02,5.93
2022-04-08,002803,14.67,13.72,14.71,13.71,198768,280225280.0,6.71,-7.92,-1.18,7.01
2022-04-11,002803,13.63,13.09,13.93,13.0,146383,196402514.0,6.78,-4.59,-0.63,5.16
2022-04-12,002803,13.13,13.33,13.36,12.66,112244,145998200.0,5.35,1.83,0.24,3.96
2022-04-13,002803,13.4,13.09,13.68,12.7,134048,176852926.0,7.35,-1.8,-0.24,4.73
2022-04-14,002803,13.07,13.24,13.57,13.03,100913,134304359.0,4.13,1.15,0.15,3.56
2022-04-15,002803,13.1,12.7,13.28,12.66,96223,123906869.0,4.68,-4.08,-0.54,3.39
2022-04-18,002803,12.58,12.67,12.85,12.21,69098,86823445.0,5.04,-0.24,-0.03,2.44
2022-04-19,002803,12.72,12.59,12.84,12.41,63953,80522115.0,3.39,-0.63,-0.08,2.26
2022-04-20,002803,12.68,12.4,13.05,12.34,98339,125242462.0,5.64,-1.51,-0.19,3.47
2022-04-21,002803,12.34,11.76,12.44,11.7,104584,126099799.0,5.97,-5.16,-0.64,3.69
2022-04-22,002803,11.64,11.48,11.8,11.23,74483,85667477.0,4.85,-2.38,-0.28,2.63
2022-04-25,002803,11.18,10.33,11.29,10.33,89315,96046180.0,8.36,-10.02,-1.15,3.15
2022-04-26,002803,10.31,10.03,10.53,9.96,93779,95959887.0,5.52,-2.9,-0.3,3.31
2022-04-27,002803,9.89,10.28,10.3,9.6,79311,78785601.0,6.98,2.49,0.25,2.8
2022-04-28,002803,10.18,9.93,10.29,9.79,54449,54567296.0,4.86,-3.4,-0.35,1.92
2022-04-29,002803,9.9,10.92,10.92,9.9,110944,117201414.0,10.27,9.97,0.99,3.91
2022-05-05,002803,11.01,11.21,11.41,10.8,116745,130159275.0,5.59,2.66,0.29,4.12
2022-05-06,002803,10.9,12.33,12.33,10.8,104425,122899481.0,13.65,9.99,1.12,3.68
2022-05-09,002803,12.75,12.63,13.56,12.15,324991,417902000.0,11.44,2.43,0.3,11.46
2022-05-10,002803,12.0,12.17,12.32,11.65,228174,273800064.0,5.3,-3.64,-0.46,8.05
2022-05-11,002803,12.41,12.11,12.61,12.11,168317,208370520.0,4.11,-0.49,-0.06,5.94
2022-05-12,002803,11.91,12.16,12.5,11.91,129382,157904762.0,4.87,0.41,0.05,4.56
2022-05-13,002803,12.11,12.38,12.68,11.89,161113,197720305.0,6.5,1.81,0.22,5.68
2022-05-16,002803,12.45,12.73,13.24,12.29,192606,244117282.0,7.67,2.83,0.35,6.79
2022-05-17,002803,12.6,12.83,12.97,12.2,148533,185806792.0,6.05,0.79,0.1,5.24
2022-05-18,002803,13.02,12.55,13.1,12.54,138487,176507001.0,4.36,-2.18,-0.28,4.88
2022-05-19,002803,12.28,12.33,12.45,12.0,93133,114578872.0,3.59,-1.75,-0.22,3.28
2022-05-20,002803,12.5,12.77,12.89,12.42,128881,163711477.0,3.81,3.57,0.44,4.54
2022-05-23,002803,12.6,12.77,13.0,12.5,110982,142298312.0,3.92,0.0,0.0,3.91
2022-05-24,002803,12.74,11.96,12.85,11.96,105243,130469239.0,6.97,-6.34,-0.81,3.71
2022-05-25,002803,11.99,12.34,12.36,11.99,62409,76071232.0,3.09,3.18,0.38,2.2
2022-05-26,002803,12.45,12.69,13.07,12.06,138103,174346577.0,8.18,2.84,0.35,4.87
2022-05-27,002803,12.84,12.27,12.93,12.1,105057,130849409.0,6.54,-3.31,-0.42,3.7
2022-05-30,002803,12.56,12.59,12.95,12.09,126076,157825158.0,7.01,2.61,0.32,4.45
2022-05-31,002803,12.3,12.39,12.45,12.13,78546,96720113.0,2.54,-1.59,-0.2,2.77
2022-06-01,002803,12.35,12.34,12.59,12.21,58774,72947500.0,3.07,-0.4,-0.05,2.07
2022-06-02,002803,12.26,12.32,12.4,11.91,81934,99697867.0,3.97,-0.16,-0.02,2.89
2022-06-06,002803,12.31,12.55,12.62,12.28,93502,116864558.0,2.76,1.87,0.23,3.3
2022-06-07,002803,12.61,12.26,12.88,12.15,134747,167636491.0,5.82,-2.31,-0.29,4.75
2022-06-08,002803,12.27,13.49,13.49,12.1,331945,435527648.0,11.34,10.03,1.23,11.71
2022-06-09,002803,13.59,14.0,14.49,13.2,461218,635566480.0,9.56,3.78,0.51,16.26
2022-06-10,002803,13.56,14.27,14.45,13.3,339754,472524736.0,8.21,1.93,0.27,11.98
2022-06-13,002803,13.92,13.78,14.09,13.56,208382,287041952.0,3.71,-3.43,-0.49,7.35
2022-06-14,002803,13.61,14.27,14.28,13.29,233414,324577088.0,7.18,3.56,0.49,8.23
2022-06-15,002803,14.3,13.94,14.8,13.85,196709,277518496.0,6.66,-2.31,-0.33,6.94
2022-06-16,002803,13.88,14.1,14.3,13.77,141299,198310641.0,3.8,1.15,0.16,4.98
2022-06-17,002803,13.92,13.86,13.95,13.54,125025,172150247.0,2.91,-1.7,-0.24,4.41
2022-06-20,002803,13.8,13.85,13.87,13.59,90534,124390210.0,2.02,-0.07,-0.01,3.19
2022-06-21,002803,13.89,13.45,13.99,13.3,107997,146159003.0,4.98,-2.89,-0.4,3.81
2022-06-22,002803,13.56,13.06,13.56,13.05,76478,101537628.0,3.79,-2.9,-0.39,2.7
2022-06-23,002803,13.05,13.12,13.2,12.78,91873,119004304.0,3.22,0.46,0.06,3.24
2022-06-24,002803,13.12,13.17,13.33,12.99,68267,89937830.0,2.59,0.38,0.05,2.41
2022-06-27,002803,13.26,13.31,13.58,13.14,79915,106606485.0,3.34,1.06,0.14,2.82
2022-06-28,002803,13.04,13.25,13.26,12.67,96721,126060315.0,4.43,-0.45,-0.06,3.41
2022-06-29,002803,13.15,13.2,13.75,13.08,126132,169297367.0,5.06,-0.38,-0.05,4.45
2022-06-30,002803,13.0,13.25,13.39,12.91,92495,121935177.0,3.64,0.38,0.05,3.26
2022-07-01,002803,13.33,13.13,13.36,13.04,64444,84951239.0,2.42,-0.91,-0.12,2.27
2022-07-04,002803,13.15,13.02,13.15,12.86,59657,77242415.0,2.21,-0.84,-0.11,2.1
2022-07-05,002803,13.02,12.76,13.21,12.66,65630,84210296.0,4.22,-2.0,-0.26,2.31
2022-07-06,002803,12.75,12.47,12.78,12.35,61578,77200259.0,3.37,-2.27,-0.29,2.17
2022-07-07,002803,12.48,12.42,12.6,12.41,37637,46979440.0,1.52,-0.4,-0.05,1.33
2022-07-08,002803,12.5,12.59,12.78,12.42,45629,57613190.0,2.9,1.37,0.17,1.61
2022-07-11,002803,12.68,12.17,12.68,12.13,42229,51873319.0,4.37,-3.34,-0.42,1.49
2022-07-12,002803,12.26,11.96,12.3,11.9,40516,48887830.0,3.29,-1.73,-0.21,1.43
2022-07-13,002803,12.0,12.14,12.21,11.96,28523,34577355.2,2.09,1.51,0.18,1.0
2022-07-14,002803,12.14,12.13,12.31,12.08,30573,37263552.0,1.89,-0.08,-0.01,1.08
2022-07-15,002803,12.2,11.96,12.38,11.89,50364,60951806.9,4.04,-1.4,-0.17,1.77
2022-07-18,002803,11.94,12.18,12.2,11.9,32790,39701459.0,2.51,1.84,0.22,1.16
2022-07-19,002803,12.1,12.35,12.42,12.1,35300,43352679.2,2.63,1.4,0.17,1.24
2022-07-20,002803,12.35,12.47,12.58,12.33,40290,50242891.9,2.02,0.97,0.12,1.42
2022-07-21,002803,12.45,12.54,12.77,12.38,59427,74833224.0,3.13,0.56,0.07,2.09
2022-07-22,002803,12.48,12.29,12.62,12.17,44781,55302075.1,3.59,-1.99,-0.25,1.58
2022-07-25,002803,12.31,12.14,12.49,12.14,29752,36496472.3,2.85,-1.22,-0.15,1.05
2022-07-26,002803,12.23,12.21,12.28,12.01,47376,57451413.3,2.22,0.58,0.07,1.67
2022-07-27,002803,12.17,12.15,12.35,12.11,32155,39234163.1,1.97,-0.49,-0.06,1.13
2022-07-28,002803,12.22,12.38,12.44,12.18,43916,54221458.9,2.14,1.89,0.23,1.55
2022-07-29,002803,12.4,12.02,12.44,12.0,49734,60410142.9,3.55,-2.91,-0.36,1.75
2022-08-01,002803,12.01,11.84,12.01,11.77,52858,62668487.8,2.0,-1.5,-0.18,1.86
2022-08-02,002803,11.75,10.95,11.75,10.7,94919,104559890.7,8.87,-7.52,-0.89,3.34
2022-08-03,002803,10.96,11.02,11.29,10.96,56214,62764592.0,3.01,0.64,0.07,1.98
2022-08-04,002803,11.12,11.26,11.31,11.05,36572,40921644.9,2.36,2.18,0.24,1.29
2022-08-05,002803,11.29,11.63,11.64,11.28,50052,57589656.6,3.2,3.29,0.37,1.76
2022-08-08,002803,11.68,11.68,11.75,11.54,27624,32138127.0,1.81,0.43,0.05,0.97
2022-08-09,002803,11.67,11.73,11.79,11.5,33441,38896593.1,2.48,0.43,0.05,1.18
2022-08-10,002803,11.68,11.78,11.85,11.61,30631,36014932.0,2.05,0.43,0.05,1.08
2022-08-11,002803,11.85,11.99,12.02,11.84,39421,47147527.7,1.53,1.78,0.21,1.39
2022-08-12,002803,12.04,12.24,12.33,11.85,51244,62534693.7,4.0,2.09,0.25,1.81
2022-08-15,002803,12.18,12.15,12.24,12.08,34809,42338754.9,1.31,-0.74,-0.09,1.23
2022-08-16,002803,12.2,12.18,12.25,12.07,30228,36710077.4,1.48,0.25,0.03,1.06
2022-08-17,002803,12.22,12.14,12.22,11.98,29307,35420950.1,1.97,-0.33,-0.04,1.03
2022-08-18,002803,12.12,12.12,12.28,11.92,42447,51165812.0,2.97,-0.16,-0.02,1.5
2022-08-19,002803,12.11,11.97,12.44,11.96,50839,62175301.8,3.96,-1.24,-0.15,1.79
2022-08-22,002803,11.97,12.1,12.3,11.85,42934,51829760.4,3.76,1.09,0.13,1.51
2022-08-23,002803,12.03,11.96,12.11,11.87,37337,44692381.3,1.98,-1.16,-0.14,1.32
2022-08-24,002803,11.98,11.63,12.08,11.63,36703,43256231.9,3.76,-2.76,-0.33,1.29
2022-08-25,002803,11.66,11.66,11.8,11.48,34621,40208965.5,2.75,0.26,0.03,1.22
2022-08-26,002803,11.89,12.33,12.83,11.87,178917,222504169.2,8.23,5.75,0.67,6.3
2022-08-29,002803,12.27,12.86,12.98,12.27,164342,209582357.5,5.76,4.3,0.53,5.79
2022-08-30,002803,12.67,13.74,14.15,12.63,335249,453104516.0,11.82,6.84,0.88,11.81
2022-08-31,002803,13.1,13.23,13.51,13.05,197582,261897015.5,3.35,-3.71,-0.51,6.96
2022-09-01,002803,13.17,13.57,13.88,13.11,188313,254109823.0,5.82,2.57,0.34,6.63
2022-09-02,002803,13.39,13.02,13.56,12.87,162462,213424064.0,5.08,-4.05,-0.55,5.72
2022-09-05,002803,13.12,13.42,13.55,12.76,153604,201708801.5,6.07,3.07,0.4,5.41
2022-09-06,002803,13.3,13.13,13.3,13.03,95844,125948563.7,2.01,-2.16,-0.29,3.38
2022-09-07,002803,13.07,13.14,13.31,12.85,101384,133074479.0,3.5,0.08,0.01,3.57
2022-09-08,002803,13.2,13.58,13.79,13.06,170828,229921933.7,5.56,3.35,0.44,6.02
2022-09-09,002803,13.45,13.19,13.99,13.15,174309,236306211.9,6.19,-2.87,-0.39,6.14
2022-09-13,002803,13.1,12.8,13.27,12.79,132227,171810544.1,3.64,-2.96,-0.39,4.66
2022-09-14,002803,12.67,12.76,12.96,12.56,86907,110795524.6,3.13,-0.31,-0.04,3.06
2022-09-15,002803,12.71,12.98,13.7,12.71,162591,214126085.8,7.76,1.72,0.22,5.73
2022-09-16,002803,12.85,13.75,14.28,12.82,437714,606641386.7,11.25,5.93,0.77,15.42
2022-09-19,002803,13.81,14.38,14.95,13.41,446404,632616064.9,11.2,4.58,0.63,15.73
2022-09-20,002803,13.88,14.18,14.24,13.72,273246,381756564.4,3.62,-1.39,-0.2,9.63
2022-09-21,002803,13.93,13.6,14.0,13.2,196720,266668117.7,5.64,-4.09,-0.58,6.93
2022-09-22,002803,13.5,13.84,13.96,13.3,183515,250984752.5,4.85,1.76,0.24,6.47
2022-09-23,002803,13.8,14.49,14.84,13.52,349309,499265715.3,9.54,4.7,0.65,12.31
2022-09-26,002803,14.22,14.26,14.88,14.12,223668,322250456.7,5.24,-1.59,-0.23,7.88
2022-09-27,002803,14.18,14.67,14.67,13.7,231941,328748569.3,6.8,2.88,0.41,8.17
2022-09-28,002803,14.48,13.57,14.66,13.54,220976,312964432.7,7.63,-7.5,-1.1,7.79
2022-09-29,002803,13.5,12.28,13.63,12.21,270355,346126704.5,10.46,-9.51,-1.29,9.52
2022-09-30,002803,12.2,11.53,12.3,11.45,180075,211942076.2,6.92,-6.11,-0.75,6.34
2022-10-10,002803,11.55,10.92,11.62,10.89,125646,140263911.5,6.33,-5.29,-0.61,4.43
2022-10-11,002803,10.92,11.3,11.31,10.72,107266,118281033.4,5.4,3.48,0.38,3.78
2022-10-12,002803,11.1,11.41,11.41,10.9,101325,113115702.1,4.51,0.97,0.11,3.57
2022-10-13,002803,11.2,11.32,11.54,11.2,94816,107842531.2,2.98,-0.79,-0.09,3.34
2022-10-14,002803,11.5,11.75,11.83,11.4,118442,138384285.7,3.8,3.8,0.43,4.17
2022-10-17,002803,11.69,11.78,11.98,11.6,97138,114555041.8,3.23,0.26,0.03,3.42
2022-10-18,002803,11.86,11.88,12.07,11.54,109903,129998450.1,4.5,0.85,0.1,3.87
2022-10-19,002803,11.89,11.78,12.13,11.76,99619,118604325.8,3.11,-0.84,-0.1,3.51
2022-10-20,002803,11.78,11.96,12.27,11.71,112187,135100057.8,4.75,1.53,0.18,3.95
2022-10-21,002803,11.77,11.6,12.18,11.6,92018,108471499.5,4.85,-3.01,-0.36,3.24
2022-10-24,002803,11.6,11.25,11.8,11.24,90580,104146729.1,4.83,-3.02,-0.35,3.19
2022-10-25,002803,11.32,11.44,11.46,11.1,79971,90422584.5,3.2,1.69,0.19,2.82
2022-10-26,002803,11.39,11.64,11.77,11.35,70761,82156534.2,3.67,1.75,0.2,2.49
2022-10-27,002803,11.87,12.8,12.8,11.87,121589,151025189.5,7.99,9.97,1.16,4.28
2022-10-28,002803,13.23,12.68,13.5,12.65,281345,367571163.5,6.64,-0.94,-0.12,9.91
2022-10-31,002803,12.59,12.59,12.85,12.35,162233,203705115.6,3.94,-0.71,-0.09,5.72
2022-11-01,002803,12.56,13.11,13.32,12.45,202497,260476176.9,6.91,4.13,0.52,7.13
2022-11-02,002803,13.05,13.06,13.21,12.89,167458,218311640.6,2.44,-0.38,-0.05,5.9
2022-11-03,002803,12.94,13.28,13.38,12.88,157157,207819140.2,3.83,1.68,0.22,5.54
2022-11-04,002803,13.14,13.2,13.36,13.08,128239,169375270.6,2.11,-0.6,-0.08,4.52
2022-11-07,002803,13.1,13.34,13.5,13.0,125377,166317927.3,3.79,1.06,0.14,4.42
2022-11-08,002803,13.34,13.62,13.9,13.26,166476,226192053.6,4.8,2.1,0.28,5.87
2022-11-09,002803,13.41,13.29,13.58,13.26,100497,134909974.2,2.35,-2.42,-0.33,3.54
2022-11-10,002803,13.2,14.15,14.62,13.16,400699,569030356.8,10.99,6.47,0.86,14.12
2022-11-11,002803,14.36,14.45,14.88,13.73,363402,517392501.1,8.13,2.12,0.3,12.8
2022-11-14,002803,14.0,14.54,14.7,13.9,275124,393384502.5,5.54,0.62,0.09,9.69
2022-11-15,002803,14.4,13.95,14.41,13.87,208584,293144325.1,3.71,-4.06,-0.59,7.35
2022-11-16,002803,13.99,15.35,15.35,13.99,310631,464819156.4,9.75,10.04,1.4,10.94
2022-11-17,002803,16.3,15.85,16.89,15.51,660406,1083334859.5,8.99,3.26,0.5,23.27
2022-11-18,002803,15.3,15.22,16.16,15.12,403321,627143554.1,6.56,-3.97,-0.63,14.21
2022-11-21,002803,15.05,15.35,15.43,14.76,255995,387878519.1,4.4,0.85,0.13,9.02
2022-11-22,002803,15.13,14.46,15.25,14.35,248944,367466888.3,5.86,-5.8,-0.89,8.77
2022-11-23,002803,14.65,13.95,14.69,13.77,170328,239578065.8,6.36,-3.53,-0.51,6.0
2022-11-24,002803,13.95,14.1,14.41,13.86,140980,199630899.0,3.94,1.08,0.15,4.97
2022-11-25,002803,14.46,14.2,14.77,14.12,159284,229929151.3,4.61,0.71,0.1,5.61
2022-11-28,002803,13.93,13.94,14.38,13.78,119198,167768022.3,4.23,-1.83,-0.26,4.2
2022-11-29,002803,13.78,14.3,14.44,13.78,138158,195920335.0,4.73,2.58,0.36,4.87
2022-11-30,002803,14.3,14.09,14.4,13.95,103461,146456916.0,3.15,-1.47,-0.21,3.65
2022-12-01,002803,14.15,14.18,14.39,14.1,94289,134230594.3,2.06,0.64,0.09,3.32
2022-12-02,002803,14.2,14.8,15.28,14.19,238113,351376961.3,7.69,4.37,0.62,8.39
2022-12-05,002803,14.66,14.9,14.94,14.63,163384,241888126.8,2.09,0.68,0.1,5.76
2022-12-06,002803,14.9,14.69,15.47,14.67,164520,246727056.7,5.37,-1.41,-0.21,5.8
2022-12-07,002803,14.52,14.98,15.34,14.41,164796,245838432.1,6.33,1.97,0.29,5.81
2022-12-08,002803,14.87,15.55,15.55,14.6,285210,433254902.1,6.34,3.81,0.57,10.05
2022-12-09,002803,15.35,14.75,15.35,14.68,240243,358720340.2,4.31,-5.14,-0.8,8.46
2022-12-12,002803,14.7,13.58,14.71,13.46,222008,307817085.4,8.47,-7.93,-1.17,7.82
2022-12-13,002803,13.48,13.74,13.87,13.37,118321,162428171.4,3.68,1.18,0.16,4.17
2022-12-14,002803,13.71,15.11,15.11,13.5,260747,382949864.2,11.72,9.97,1.37,9.19
2022-12-15,002803,15.49,15.29,16.0,15.11,493621,770631488.1,5.89,1.19,0.18,17.39
2022-12-16,002803,15.18,14.73,15.35,14.72,282930,424569185.0,4.12,-3.66,-0.56,9.97
2022-12-19,002803,15.04,14.75,15.33,14.73,233038,350085386.0,4.07,0.14,0.02,8.21
2022-12-20,002803,14.82,16.23,16.23,14.82,303495,470510429.9,9.56,10.03,1.48,10.69
2022-12-21,002803,15.89,15.74,16.33,15.55,358864,569977315.4,4.81,-3.02,-0.49,12.64
2022-12-22,002803,15.91,15.86,16.33,15.6,324035,517508308.4,4.64,0.76,0.12,11.42
2022-12-23,002803,15.7,16.46,17.11,15.36,524002,852866237.7,11.03,3.78,0.6,18.46
2022-12-26,002803,16.0,17.2,17.29,15.65,486400,814466298.8,9.96,4.5,0.74,17.14
2022-12-27,002803,17.0,16.53,17.18,16.35,379777,632758740.2,4.83,-3.9,-0.67,13.38
2022-12-28,002803,16.33,15.98,16.33,15.55,289913,460333073.9,4.72,-3.33,-0.55,10.21
2022-12-29,002803,15.55,15.73,16.42,15.55,233269,372059347.4,5.44,-1.56,-0.25,8.22
2022-12-30,002803,15.6,15.84,16.19,15.36,231207,367966642.0,5.28,0.7,0.11,8.15
2023-01-03,002803,15.84,16.55,16.65,15.63,275039,446826065.4,6.44,4.48,0.71,9.85
2023-01-04,002803,16.39,17.05,17.2,16.26,379855,635159800.7,5.68,3.02,0.5,13.6
2023-01-05,002803,17.25,16.55,17.25,16.4,282387,470695105.2,4.99,-2.93,-0.5,10.11
2023-01-06,002803,16.28,16.57,16.76,15.83,235558,382210423.6,5.62,0.12,0.02,8.43
2023-01-09,002803,16.49,16.18,16.5,16.13,135009,219727996.3,2.23,-2.35,-0.39,4.83
2023-01-10,002803,16.02,16.09,16.35,16.01,95664,154363186.4,2.1,-0.56,-0.09,3.42
2023-01-11,002803,16.09,15.08,16.18,15.01,204871,317375864.0,7.27,-6.28,-1.01,7.33
2023-01-12,002803,15.18,15.36,15.46,15.14,113426,173559495.5,2.12,1.86,0.28,4.06
2023-01-13,002803,15.5,15.17,15.54,15.11,93901,143362197.9,2.8,-1.24,-0.19,3.36
2023-01-16,002803,15.03,15.22,15.37,15.03,87907,133978313.4,2.24,0.33,0.05,3.15
2023-01-17,002803,15.2,14.97,15.3,14.93,86909,130945356.8,2.43,-1.64,-0.25,3.11
2023-01-18,002803,14.97,15.2,15.45,14.9,78653,119502878.5,3.67,1.54,0.23,2.82
2023-01-19,002803,15.2,15.29,15.37,15.07,73530,112282393.1,1.97,0.59,0.09,2.63
2023-01-20,002803,15.37,15.63,15.71,15.35,85487,133169243.7,2.35,2.22,0.34,3.06
2023-01-30,002803,15.88,15.89,15.94,15.51,127665,201037628.6,2.75,1.66,0.26,4.57
2023-01-31,002803,15.98,15.88,16.05,15.73,108573,172244780.2,2.01,-0.06,-0.01,3.89
2023-02-01,002803,15.86,16.29,16.29,15.81,149359,241461325.6,3.02,2.58,0.41,5.35
2023-02-02,002803,16.29,16.15,16.45,16.09,144072,234272380.2,2.21,-0.86,-0.14,5.16
2023-02-03,002803,16.16,16.86,17.17,16.16,336642,561697291.2,6.25,4.4,0.71,12.05
2023-02-06,002803,16.8,17.49,17.64,16.53,313893,540920600.5,6.58,3.74,0.63,11.24
2023-02-07,002803,17.28,18.42,19.24,16.98,454739,826722566.4,12.92,5.32,0.93,16.28
2023-02-08,002803,19.05,17.89,19.05,17.81,473770,875522663.5,6.73,-2.88,-0.53,16.96
2023-02-09,002803,17.58,17.98,17.99,17.19,271508,475581060.1,4.47,0.5,0.09,9.72
2023-02-10,002803,17.7,17.55,18.15,17.46,208025,369350329.3,3.84,-2.39,-0.43,7.45
2023-02-13,002803,17.55,17.63,17.78,17.41,143464,252385666.4,2.11,0.46,0.08,5.14
2023-02-14,002803,17.69,17.25,17.86,17.25,149570,261605258.0,3.46,-2.16,-0.38,5.35
2023-02-15,002803,17.12,17.37,17.51,17.07,150280,260290135.4,2.55,0.7,0.12,5.38
2023-02-16,002803,17.33,17.14,17.71,17.0,198994,347652623.1,4.09,-1.32,-0.23,7.12
2023-02-17,002803,17.14,16.78,17.33,16.73,122530,207777816.9,3.5,-2.1,-0.36,4.39
2023-02-20,002803,16.79,17.55,17.59,16.79,166222,288076171.2,4.77,4.59,0.77,5.95
2023-02-21,002803,17.73,17.72,18.09,17.5,195413,347579852.4,3.36,0.97,0.17,7.0
2023-02-22,002803,17.5,18.44,18.58,17.43,273781,497821268.0,6.49,4.06,0.72,9.8
2023-02-23,002803,18.16,18.22,18.65,18.09,171745,314550335.8,3.04,-1.19,-0.22,6.15
2023-02-24,002803,18.22,18.15,18.3,17.83,114064,206127162.9,2.58,-0.38,-0.07,4.08
2023-02-27,002803,17.95,17.49,17.95,17.38,104510,183973937.3,3.14,-3.64,-0.66,3.74
2023-02-28,002803,17.77,17.3,17.83,17.0,136957,237640234.5,4.75,-1.09,-0.19,4.9
2023-03-01,002803,17.21,17.76,17.83,17.13,118845,208572038.9,4.05,2.66,0.46,4.25
2023-03-02,002803,17.7,17.6,17.83,17.29,94656,165602542.0,3.04,-0.9,-0.16,3.39
2023-03-03,002803,17.54,17.43,17.82,17.31,75096,131659176.1,2.9,-0.97,-0.17,2.69
2023-03-06,002803,17.5,16.88,17.5,16.68,137694,232862090.6,4.7,-3.16,-0.55,4.93
2023-03-07,002803,16.88,16.45,16.96,16.41,96368,159844836.6,3.26,-2.55,-0.43,3.45
2023-03-08,002803,16.39,16.94,16.95,16.39,80250,134738401.7,3.4,2.98,0.49,2.87
2023-03-09,002803,16.95,17.01,17.58,16.74,91987,157034380.4,4.96,0.41,0.07,3.29
2023-03-10,002803,16.74,16.95,17.44,16.45,138503,234807810.6,5.82,-0.35,-0.06,4.96
2023-03-13,002803,16.67,16.41,16.76,15.95,135699,220809174.8,4.78,-3.19,-0.54,4.86
2023-03-14,002803,16.41,16.12,16.69,16.05,93120,152173474.4,3.9,-1.77,-0.29,3.33
2023-03-15,002803,16.22,16.16,16.39,16.02,70883,114834494.0,2.3,0.25,0.04,2.54
2023-03-16,002803,16.05,15.68,16.08,15.6,91204,144013319.6,2.97,-2.97,-0.48,3.27
2023-03-17,002803,15.9,17.2,17.25,15.9,340111,575365497.2,8.61,9.69,1.52,12.18
2023-03-20,002803,18.92,18.92,18.92,18.62,242965,459623351.3,1.74,10.0,1.72,8.7
2023-03-21,002803,19.0,20.81,20.81,18.55,742871,1470198022.8,11.95,9.99,1.89,26.59
2023-03-22,002803,21.01,22.3,22.88,20.41,700137,1515946906.2,11.87,7.16,1.49,25.06
2023-03-23,002803,21.84,23.88,24.26,21.8,562784,1290933400.6,11.03,7.09,1.58,20.15
2023-03-24,002803,23.28,24.29,24.97,23.28,497972,1210119398.4,7.08,1.72,0.41,17.83
2023-03-27,002803,23.58,24.42,24.87,23.4,351394,850988605.3,6.05,0.54,0.13,12.58
2023-03-28,002803,23.9,22.1,24.04,21.98,417512,953002920.8,8.44,-9.5,-2.32,14.95
2023-03-29,002803,23.0,23.37,24.2,22.62,358523,841161798.7,7.15,5.75,1.27,12.83
2023-03-30,002803,23.55,22.01,23.67,21.4,351264,778659042.9,9.71,-5.82,-1.36,12.57
2023-03-31,002803,21.88,22.49,22.65,21.22,287781,631884256.8,6.5,2.18,0.48,10.3
2023-04-03,002803,22.45,21.68,22.46,20.71,384637,823865928.9,7.78,-3.6,-0.81,13.77
2023-04-04,002803,21.7,21.31,22.05,21.19,298686,645119599.8,3.97,-1.71,-0.37,10.69
2023-04-06,002803,20.35,19.64,20.67,19.3,298614,593281481.8,6.43,-7.84,-1.67,10.69
2023-04-07,002803,19.78,20.08,20.28,19.46,225737,449481776.2,4.18,2.24,0.44,8.08
2023-04-10,002803,19.73,18.46,20.12,18.35,307853,585409080.4,8.81,-8.07,-1.62,11.02
2023-04-11,002803,18.5,19.04,19.58,18.37,311091,589496576.5,6.55,3.14,0.58,11.14
2023-04-12,002803,19.1,19.2,19.36,18.56,281489,535847702.3,4.2,0.84,0.16,10.08
2023-04-13,002803,20.5,21.12,21.12,20.36,115604,241476725.5,3.96,10.0,1.92,4.14
2023-04-14,002803,21.99,20.17,22.19,19.18,804326,1630891638.5,14.25,-4.5,-0.95,28.79
2023-04-17,002803,19.3,19.12,19.46,18.68,380673,724131497.8,3.87,-5.21,-1.05,13.63
2023-04-18,002803,19.06,19.34,19.68,18.96,309917,600169790.6,3.77,1.15,0.22,11.09
2023-04-19,002803,19.01,19.82,20.71,19.01,371015,740436987.9,8.79,2.48,0.48,13.28
2023-04-20,002803,19.89,20.26,20.48,19.7,309566,621319064.6,3.94,2.22,0.44,11.08
2023-04-21,002803,20.1,19.0,20.1,18.81,269611,522476201.0,6.37,-6.22,-1.26,9.65
2023-04-24,002803,19.2,19.62,19.7,19.13,209012,407257328.6,3.0,3.26,0.62,7.48
2023-04-25,002803,20.52,21.41,21.5,18.82,638326,1301848414.3,13.66,9.12,1.79,22.85
2023-04-26,002803,22.02,21.65,23.55,20.82,704660,1565898833.7,12.75,1.12,0.24,25.23
2023-04-27,002803,20.81,19.49,21.44,19.49,473174,963992364.7,9.01,-9.98,-2.16,16.94
2023-04-28,002803,19.53,21.14,21.36,19.53,426662,886589714.7,9.39,8.47,1.65,15.27
2023-05-04,002803,21.06,22.35,22.6,20.9,514935,1128894204.5,8.04,5.72,1.21,18.43
2023-05-05,002803,21.9,22.23,23.0,21.4,433902,966439621.3,7.16,-0.54,-0.12,15.53
2023-05-08,002803,21.86,21.52,21.96,21.0,344118,740556286.4,4.32,-3.19,-0.71,12.32
2023-05-09,002803,21.39,22.92,23.67,21.0,632120,1440388169.2,12.41,6.51,1.4,22.63
2023-05-10,002803,22.7,21.87,23.0,20.96,505680,1111468225.6,8.9,-4.58,-1.05,18.1
2023-05-11,002803,21.7,22.95,23.4,21.3,445053,994633962.6,9.6,4.94,1.08,15.93
2023-05-12,002803,22.5,21.8,23.59,21.71,365661,823331474.0,8.19,-5.01,-1.15,13.09
2023-05-15,002803,21.5,21.33,22.78,19.82,460707,989001431.8,13.58,-2.16,-0.47,16.49
2023-05-16,002803,20.82,19.68,20.97,19.56,363938,730396835.4,6.61,-7.74,-1.65,13.03
2023-05-17,002803,19.51,21.65,21.65,19.51,428397,911685157.8,10.87,10.01,1.97,15.34
2023-05-18,002803,21.5,22.76,23.08,21.5,596516,1332762901.1,7.3,5.13,1.11,21.35
2023-05-19,002803,22.78,22.4,23.06,22.02,341368,764828926.6,4.57,-1.58,-0.36,12.22
2023-05-22,002803,21.96,21.72,22.24,21.3,262323,567811599.0,4.2,-3.04,-0.68,9.39
2023-05-23,002803,21.9,21.6,22.25,20.94,359312,781754607.4,6.03,-0.55,-0.12,12.86
2023-05-24,002803,21.44,21.35,21.84,20.77,283292,604201358.3,4.95,-1.16,-0.25,10.14
2023-05-25,002803,21.39,20.88,21.74,20.21,258539,538180350.2,7.17,-2.2,-0.47,9.26
2023-05-26,002803,21.02,21.9,22.34,20.39,339095,728379438.9,9.34,4.89,1.02,12.14
2023-05-29,002803,21.9,21.27,22.32,20.4,390250,845767191.4,8.77,-2.88,-0.63,13.97
2023-05-30,002803,21.36,21.65,21.69,20.45,268808,571468040.9,5.83,1.79,0.38,9.62
2023-05-31,002803,21.7,21.7,22.52,21.4,333403,728103328.0,5.17,0.23,0.05,11.94
2023-06-01,002803,21.51,22.22,22.55,21.1,419039,926392976.8,6.68,2.4,0.52,15.0
2023-06-02,002803,22.28,22.85,23.3,22.07,458233,1044427761.8,5.54,2.84,0.63,16.4
2023-06-05,002803,23.0,22.48,23.0,22.31,311860,703542432.7,3.02,-1.62,-0.37,11.16
2023-06-06,002803,22.38,21.4,22.38,21.23,276241,601458932.2,5.12,-4.8,-1.08,9.89
2023-06-07,002803,21.22,21.79,22.03,21.04,193468,419364155.8,4.63,1.82,0.39,6.93
2023-06-08,002803,21.73,21.05,21.73,20.5,213018,448967046.3,5.64,-3.4,-0.74,7.63
2023-06-09,002803,20.86,23.16,23.16,20.86,555307,1255453199.0,10.93,10.02,2.11,19.88
2023-06-12,002803,23.16,24.02,24.56,22.91,618275,1467807690.2,7.12,3.71,0.86,22.13
2023-06-13,002803,23.9,23.86,26.0,23.4,487354,1183246888.8,10.82,-0.67,-0.16,17.45
2023-06-14,002803,24.2,23.18,24.43,22.81,406639,951646829.0,6.79,-2.85,-0.68,14.56
2023-06-15,002803,23.29,22.96,23.57,22.88,280968,651756372.4,2.98,-0.95,-0.22,10.06
2023-06-16,002803,22.79,22.99,23.17,22.35,256532,585688888.8,3.57,0.13,0.03,9.18
2023-06-19,002803,22.85,22.99,23.11,22.53,229842,525536213.0,2.52,0.0,0.0,8.23
2023-06-20,002803,22.9,23.91,23.97,22.58,394807,928908872.8,6.05,4.0,0.92,14.13
2023-06-21,002803,23.71,22.4,24.18,22.1,301482,694124917.6,8.7,-6.32,-1.51,10.79
2023-06-26,002803,21.83,20.79,22.0,20.68,235833,497812523.0,5.89,-7.19,-1.61,8.44
2023-06-27,002803,20.74,21.24,21.29,20.61,127194,267713996.0,3.27,2.16,0.45,4.55
2023-06-28,002803,21.04,20.33,21.14,19.75,173072,350064513.8,6.54,-4.28,-0.91,6.2
2023-06-29,002803,20.15,20.48,20.59,20.1,100646,205829759.8,2.41,0.74,0.15,3.6
2023-06-30,002803,20.36,20.46,20.6,20.08,111127,226489531.8,2.54,-0.1,-0.02,3.91
2023-07-03,002803,21.0,20.53,21.07,20.23,128139,264436351.6,4.11,0.34,0.07,4.5
2023-07-04,002803,20.64,20.7,20.74,20.32,105448,216782483.3,2.05,0.83,0.17,3.71
2023-07-05,002803,20.51,20.0,20.69,19.91,145146,294275092.4,3.77,-3.38,-0.7,5.1
2023-07-06,002803,19.94,20.0,20.3,19.77,102960,206166669.3,2.65,0.0,0.0,3.62
2023-07-07,002803,19.9,19.53,19.9,19.14,138185,268772338.3,3.8,-2.35,-0.47,4.86
2023-07-10,002803,19.58,19.62,19.68,19.38,69122,135079785.4,1.54,0.46,0.09,2.43
2023-07-11,002803,19.66,19.44,19.69,19.33,72560,141325473.0,1.83,-0.92,-0.18,2.55
2023-07-12,002803,19.42,18.87,19.52,18.85,116945,223861519.8,3.45,-2.93,-0.57,4.11
2023-07-13,002803,19.01,19.4,19.46,18.84,103132,198145039.0,3.29,2.81,0.53,3.63
2023-07-14,002803,20.0,20.28,20.78,19.66,247881,500553672.1,5.77,4.54,0.88,8.71
2023-07-17,002803,20.08,20.05,20.2,19.78,103160,205729199.1,2.07,-1.13,-0.23,3.63
2023-07-18,002803,20.0,19.66,20.15,19.5,85621,169589394.1,3.24,-1.95,-0.39,3.01
2023-07-19,002803,19.8,19.84,20.08,19.61,81161,161362452.5,2.39,0.92,0.18,2.85
2023-07-20,002803,19.97,20.23,20.5,19.84,174709,353600146.7,3.33,1.97,0.39,6.14
2023-07-21,002803,20.23,19.22,20.23,19.18,151510,294517702.8,5.19,-4.99,-1.01,5.33
2023-07-24,002803,18.91,19.35,19.5,18.63,85153,163193332.7,4.53,0.68,0.13,2.99
2023-07-25,002803,19.51,19.59,19.88,19.4,96490,189447785.4,2.48,1.24,0.24,3.39
2023-07-26,002803,19.4,18.99,19.45,18.89,91845,175762561.5,2.86,-3.06,-0.6,3.23
2023-07-27,002803,19.0,18.72,19.15,18.37,93958,176200410.1,4.11,-1.42,-0.27,3.3
2023-07-28,002803,18.52,18.56,18.56,18.2,87711,161381819.2,1.92,-0.85,-0.16,3.08
2023-07-31,002803,18.5,18.76,18.92,18.33,72963,136559563.0,3.18,1.08,0.2,2.56
2023-08-01,002803,18.74,18.32,18.74,18.28,96650,178061810.9,2.45,-2.35,-0.44,3.4
2023-08-02,002803,18.25,18.42,18.44,18.17,57559,105289862.9,1.47,0.55,0.1,2.02
2023-08-03,002803,18.3,18.27,18.5,18.24,47419,86868180.9,1.41,-0.81,-0.15,1.67
2023-08-04,002803,18.37,18.67,18.75,18.32,88357,164431266.5,2.35,2.19,0.4,3.11
2023-08-07,002803,18.59,18.87,19.05,18.59,78331,147602500.6,2.46,1.07,0.2,2.75
2023-08-08,002803,18.72,18.84,18.99,18.67,58486,110266067.8,1.7,-0.16,-0.03,2.06
2023-08-09,002803,18.7,18.47,18.84,18.4,47337,87933037.5,2.34,-1.96,-0.37,1.66
2023-08-10,002803,18.43,18.39,18.57,18.34,34026,62726098.6,1.25,-0.43,-0.08,1.2
2023-08-11,002803,18.35,17.99,18.5,17.98,50456,91783455.4,2.83,-2.18,-0.4,1.77
2023-08-14,002803,17.9,18.39,18.44,17.8,56739,103021370.9,3.56,2.22,0.4,1.99
2023-08-15,002803,18.4,18.28,18.52,18.14,51240,93692437.2,2.07,-0.6,-0.11,1.8
2023-08-16,002803,18.17,17.76,18.24,17.55,64032,114529342.1,3.77,-2.84,-0.52,2.25
2023-08-17,002803,17.64,18.2,18.3,17.6,75095,135699673.1,3.94,2.48,0.44,2.64
2023-08-18,002803,18.16,17.48,18.32,17.3,86989,154251843.6,5.6,-3.96,-0.72,3.06
2023-08-21,002803,17.45,17.48,17.86,17.35,50584,89212063.3,2.92,0.0,0.0,1.78
2023-08-22,002803,17.7,17.99,18.08,17.48,81395,144819770.8,3.43,2.92,0.51,2.86
2023-08-23,002803,17.91,17.6,18.14,17.6,61396,109590147.5,3.0,-2.17,-0.39,2.16
2023-08-24,002803,17.6,17.93,18.2,17.59,80616,144949476.6,3.47,1.88,0.33,2.83
2023-08-25,002803,17.89,17.16,17.9,17.04,93332,161894841.9,4.8,-4.29,-0.77,3.28
2023-08-28,002803,18.04,17.31,18.12,17.26,76780,135690220.1,5.01,0.87,0.15,2.7
2023-08-29,002803,17.33,18.35,18.41,17.21,127479,230062943.9,6.93,6.01,1.04,4.48
2023-08-30,002803,18.35,18.54,18.75,18.26,102920,190336775.2,2.67,1.04,0.19,3.62
2023-08-31,002803,18.85,18.56,19.05,18.36,166922,312448814.2,3.72,0.11,0.02,5.87
2023-09-01,002803,18.74,18.43,18.79,18.32,90103,166748368.7,2.53,-0.7,-0.13,3.17
2023-09-04,002803,18.55,18.7,18.72,18.39,76429,141999789.3,1.79,1.47,0.27,2.69
2023-09-05,002803,18.66,18.51,18.73,18.49,64476,119783011.2,1.28,-1.02,-0.19,2.27
2023-09-06,002803,18.4,18.37,18.48,18.17,53680,98414370.4,1.67,-0.76,-0.14,1.89
2023-09-07,002803,18.38,18.05,18.6,18.05,59749,109404295.9,2.99,-1.74,-0.32,2.1
2023-09-08,002803,18.05,17.76,18.19,17.52,56355,100133491.2,3.71,-1.61,-0.29,1.98
2023-09-11,002803,17.89,18.21,18.38,17.81,68367,123628346.9,3.21,2.53,0.45,2.4
2023-09-12,002803,18.15,17.96,18.21,17.93,41431,74721173.1,1.54,-1.37,-0.25,1.46
2023-09-13,002803,18.11,17.69,18.32,17.5,91739,163400966.8,4.57,-1.5,-0.27,3.22
2023-09-14,002803,17.51,17.13,17.67,16.95,89870,154691513.2,4.07,-3.17,-0.56,3.16
2023-09-15,002803,17.19,17.0,17.21,16.95,50287,85801810.2,1.52,-0.76,-0.13,1.77
2023-09-18,002803,16.96,17.1,17.37,16.83,47566,81617042.0,3.18,0.59,0.1,1.67
2023-09-19,002803,17.09,16.67,17.17,16.61,58428,98219531.1,3.27,-2.51,-0.43,2.05
2023-09-20,002803,16.63,16.66,16.86,16.6,46598,77946177.8,1.56,-0.06,-0.01,1.64
2023-09-21,002803,16.6,16.59,16.84,16.59,37080,61906983.8,1.5,-0.42,-0.07,1.3
2023-09-22,002803,16.59,17.3,17.33,16.46,73911,126047538.7,5.24,4.28,0.71,2.6
2023-09-25,002803,17.92,18.03,18.29,17.7,174781,314360390.4,3.41,4.22,0.73,6.14
2023-09-26,002803,18.19,18.21,18.42,17.84,171662,312694440.8,3.22,1.0,0.18,6.03
2023-09-27,002803,18.21,18.54,18.7,18.06,136571,251586781.5,3.51,1.81,0.33,4.8
2023-09-28,002803,18.6,18.31,18.7,18.28,112096,206356235.0,2.27,-1.24,-0.23,3.94
2023-10-09,002803,18.05,18.29,18.37,18.01,88632,161627419.8,1.97,-0.11,-0.02,3.12
2023-10-10,002803,18.39,18.21,18.42,18.18,60712,111100362.0,1.31,-0.44,-0.08,2.13
2023-10-11,002803,18.31,18.4,18.57,18.09,70776,130211775.3,2.64,1.04,0.19,2.49
2023-10-12,002803,18.35,18.26,18.48,18.18,55396,101314941.9,1.63,-0.76,-0.14,1.95
2023-10-13,002803,18.11,17.93,18.19,17.86,67726,121854806.2,1.81,-1.81,-0.33,2.38
2023-10-16,002803,17.86,17.74,17.98,17.64,55579,98754590.9,1.9,-1.06,-0.19,1.95
2023-10-17,002803,17.7,18.1,18.24,17.65,93453,168064757.0,3.33,2.03,0.36,3.28
2023-10-18,002803,17.83,17.8,17.99,17.37,75097,133067410.5,3.43,-1.66,-0.3,2.64
2023-10-19,002803,17.88,18.5,18.62,17.7,207370,379860000.2,5.17,3.93,0.7,7.29
2023-10-20,002803,18.39,19.5,19.5,18.2,352353,668483389.4,7.03,5.41,1.0,12.39
2023-10-23,002803,19.0,19.19,19.83,18.88,249410,481931271.7,4.87,-1.59,-0.31,8.77
2023-10-24,002803,19.31,20.34,20.95,18.99,283848,567254595.0,10.21,5.99,1.15,9.98
2023-10-25,002803,20.07,20.98,20.98,19.92,309126,635548586.7,5.21,3.15,0.64,10.87
2023-10-26,002803,20.7,20.32,21.0,20.01,273677,561667519.9,4.72,-3.15,-0.66,9.62
2023-10-27,002803,20.19,20.28,20.69,20.13,171875,350365036.7,2.76,-0.2,-0.04,6.04
2023-10-30,002803,20.29,20.48,20.65,19.95,157869,321328898.3,3.45,0.99,0.2,5.55
2023-10-31,002803,20.5,20.41,20.68,20.08,117876,239366595.1,2.93,-0.34,-0.07,4.14
2023-11-01,002803,20.5,20.69,21.29,20.35,170116,354393006.5,4.61,1.37,0.28,5.98
2023-11-02,002803,20.56,20.51,20.98,20.4,105193,217320283.8,2.8,-0.87,-0.18,3.7
2023-11-03,002803,20.51,20.88,21.15,20.46,164185,343455766.6,3.36,1.8,0.37,5.77
2023-11-06,002803,20.99,22.12,22.18,20.98,220873,481483913.2,5.75,5.94,1.24,7.76
2023-11-07,002803,21.92,22.39,22.95,21.86,217408,485808275.5,4.93,1.22,0.27,7.64
2023-11-08,002803,22.4,23.11,23.42,22.2,207776,477972276.1,5.45,3.22,0.72,7.3
2023-11-09,002803,23.11,22.8,23.48,22.71,160028,367744593.2,3.33,-1.34,-0.31,5.62
2023-11-10,002803,22.61,23.45,23.7,22.61,201811,467749004.4,4.78,2.85,0.65,7.09
2023-11-13,002803,23.65,23.43,23.88,23.2,137131,322231742.1,2.9,-0.09,-0.02,4.82
2023-11-14,002803,23.43,23.64,23.64,23.26,112231,262708880.6,1.62,0.9,0.21,3.94
2023-11-15,002803,23.89,23.52,23.98,23.35,103400,244005282.1,2.66,-0.51,-0.12,3.63
2023-11-16,002803,23.45,23.53,23.95,23.4,114568,271139088.0,2.34,0.04,0.01,4.03
2023-11-17,002803,23.38,23.62,23.8,23.37,96554,227188261.6,1.83,0.38,0.09,3.39
2023-11-20,002803,23.61,23.87,24.17,23.45,109234,260384273.5,3.05,1.06,0.25,3.84
2023-11-21,002803,23.89,24.91,24.98,23.81,179564,440946658.1,4.9,4.36,1.04,6.31
2023-11-22,002803,24.79,24.1,24.89,24.1,140713,344040051.5,3.17,-3.25,-0.81,4.95
2023-11-23,002803,23.88,23.71,24.23,23.61,119176,284639809.2,2.57,-1.62,-0.39,4.19
2023-11-24,002803,23.75,23.21,23.9,23.14,129381,303566013.7,3.21,-2.11,-0.5,4.55
2023-11-27,002803,23.19,23.23,23.45,22.89,85073,197164325.2,2.41,0.09,0.02,2.99
2023-11-28,002803,23.33,22.9,23.36,22.73,107305,246559544.9,2.71,-1.42,-0.33,3.77
2023-11-29,002803,22.93,23.18,23.68,22.93,85634,199190293.2,3.28,1.22,0.28,3.01
2023-11-30,002803,23.0,23.35,23.7,22.91,87673,205238484.9,3.41,0.73,0.17,3.08
2023-12-01,002803,23.36,24.01,24.04,23.36,127821,303912288.1,2.91,2.83,0.66,4.49
2023-12-04,002803,24.15,23.92,24.15,23.75,79592,190444958.2,1.67,-0.37,-0.09,2.8
2023-12-05,002803,23.91,22.91,23.91,22.84,132368,308444228.2,4.47,-4.22,-1.01,4.65
2023-12-06,002803,22.88,23.42,23.76,22.44,124474,287921502.3,5.76,2.23,0.51,4.38
2023-12-07,002803,23.4,23.68,23.75,23.19,72786,170731168.5,2.39,1.11,0.26,2.56
2023-12-08,002803,23.67,23.26,23.68,23.16,96942,226229646.4,2.2,-1.77,-0.42,3.41
2023-12-11,002803,23.33,23.63,23.75,23.03,98081,229974797.8,3.1,1.59,0.37,3.45
2023-12-12,002803,23.8,23.33,23.85,23.16,97654,228640085.3,2.92,-1.27,-0.3,3.43
2023-12-13,002803,23.13,21.8,23.54,21.7,235973,528068390.8,7.89,-6.56,-1.53,8.29
2023-12-14,002803,21.76,21.66,22.43,21.61,138117,304124431.8,3.76,-0.64,-0.14,4.85
2023-12-15,002803,21.85,21.42,21.93,21.4,98958,213750700.5,2.45,-1.11,-0.24,3.48
2023-12-18,002803,21.63,22.12,22.73,21.57,159736,353833007.3,5.42,3.27,0.7,5.61
2023-12-19,002803,22.05,21.95,22.28,21.74,81627,178938950.0,2.44,-0.77,-0.17,2.87
2023-12-20,002803,21.95,21.18,22.14,21.12,71848,154360950.3,4.65,-3.51,-0.77,2.53
2023-12-21,002803,21.17,21.64,21.8,21.0,81988,175608872.9,3.78,2.17,0.46,2.88
2023-12-22,002803,21.68,20.62,21.68,20.51,117956,246904686.0,5.41,-4.71,-1.02,4.15
2023-12-25,002803,20.79,20.62,20.87,20.2,93888,192921559.0,3.25,0.0,0.0,3.3
2023-12-26,002803,20.41,19.65,20.7,19.5,96438,191280973.6,5.82,-4.7,-0.97,3.39
2023-12-27,002803,19.62,20.22,20.5,19.42,96148,191939055.2,5.5,2.9,0.57,3.38
2023-12-28,002803,20.05,20.36,20.57,19.84,82391,167059502.0,3.61,0.69,0.14,2.9
2023-12-29,002803,20.37,20.56,20.63,20.16,65262,133779766.0,2.31,0.98,0.2,2.29
2024-01-02,002803,20.58,20.36,20.85,20.35,78844,161993087.0,2.43,-0.97,-0.2,2.77
2024-01-03,002803,20.3,20.35,20.5,20.0,56150,114003094.0,2.46,-0.05,-0.01,1.97
2024-01-04,002803,20.33,20.58,20.75,20.05,75662,155180896.4,3.44,1.13,0.23,2.66
2024-01-05,002803,20.53,20.08,20.58,19.98,64395,130586136.0,2.92,-2.43,-0.5,2.26
2024-01-08,002803,19.97,19.92,20.35,19.8,63174,126851330.0,2.74,-0.8,-0.16,2.22
2024-01-09,002803,19.79,19.84,20.24,19.72,66777,132937798.0,2.61,-0.4,-0.08,2.35
2024-01-10,002803,19.62,19.46,19.84,19.29,79739,155710341.7,2.77,-1.92,-0.38,2.8
2024-01-11,002803,19.48,19.95,20.05,19.48,72348,143587485.0,2.93,2.52,0.49,2.54
2024-01-12,002803,20.07,19.19,20.1,19.1,129762,251741226.5,5.01,-3.81,-0.76,4.56
2024-01-15,002803,19.17,19.33,19.61,19.1,91202,176662069.2,2.66,0.73,0.14,3.21
2024-01-16,002803,19.39,19.12,19.43,18.88,63849,121896921.2,2.85,-1.09,-0.21,2.24
2024-01-17,002803,19.11,18.71,19.27,18.71,58931,112095548.0,2.93,-2.14,-0.41,2.07
2024-01-18,002803,18.65,18.48,18.87,18.1,127709,234426803.1,4.12,-1.23,-0.23,4.49
2024-01-19,002803,18.46,18.64,19.2,18.45,88256,166068982.2,4.06,0.87,0.16,3.1
2024-01-22,002803,18.56,16.91,18.64,16.78,143481,252257298.0,9.98,-9.28,-1.73,5.04
2024-01-23,002803,16.97,17.12,17.27,16.77,105878,180392644.7,2.96,1.24,0.21,3.72
2024-01-24,002803,17.25,17.23,17.5,16.5,81334,138679436.2,5.84,0.64,0.11,2.86
2024-01-25,002803,17.25,16.97,17.39,16.04,210585,352306346.1,7.84,-1.51,-0.26,7.4
2024-01-26,002803,16.91,16.38,17.0,16.26,171218,283661682.2,4.36,-3.48,-0.59,6.02
2024-01-29,002803,16.48,15.79,16.48,15.72,126996,202487414.8,4.64,-3.6,-0.59,4.46
2024-01-30,002803,15.67,15.18,15.8,15.06,104235,160678800.6,4.69,-3.86,-0.61,3.66
2024-01-31,002803,15.17,14.57,15.44,14.48,128953,192869092.9,6.32,-4.02,-0.61,4.53
2024-02-01,002803,14.57,14.49,14.9,14.18,119261,173282449.5,4.94,-0.55,-0.08,4.19
2024-02-02,002803,14.48,13.78,14.88,13.16,142930,200896687.2,11.87,-4.9,-0.71,5.02
2024-02-05,002803,13.55,12.4,13.76,12.4,173951,221103747.0,9.87,-10.01,-1.38,6.11
2024-02-06,002803,12.4,13.31,13.63,11.81,198765,252746522.2,14.68,7.34,0.91,6.99
2024-02-07,002803,13.41,13.02,13.67,12.83,189478,251221367.0,6.31,-2.18,-0.29,6.66
2024-02-08,002803,13.3,14.3,14.32,12.66,261376,352805173.5,12.75,9.83,1.28,9.19
2024-02-19,002803,14.99,15.11,15.18,14.52,237465,353499843.5,4.62,5.66,0.81,8.35
2024-02-20,002803,14.99,15.04,15.08,14.67,154382,229687147.5,2.71,-0.46,-0.07,5.43
2024-02-21,002803,14.8,15.22,15.66,14.73,203803,312454128.3,6.18,1.2,0.18,7.16
2024-02-22,002803,15.27,15.85,16.12,15.26,179527,283191238.0,5.65,4.14,0.63,6.31
2024-02-23,002803,15.9,16.05,16.1,15.58,164214,260378698.7,3.28,1.26,0.2,5.77
2024-02-26,002803,16.01,16.02,16.21,15.78,166479,266048671.4,2.68,-0.19,-0.03,5.85
2024-02-27,002803,15.94,16.68,16.68,15.76,137137,223499411.9,5.74,4.12,0.66,4.82
2024-02-28,002803,16.8,15.3,17.01,15.21,207229,336628614.7,10.79,-8.27,-1.38,7.28
2024-02-29,002803,15.32,16.09,16.1,15.32,130815,207217257.6,5.1,5.16,0.79,4.6
2024-03-01,002803,16.09,16.62,16.62,16.01,140825,229929453.0,3.79,3.29,0.53,4.95
2024-03-04,002803,16.62,16.46,16.78,15.88,131807,214056073.9,5.42,-0.96,-0.16,4.63
2024-03-05,002803,16.18,15.95,16.28,15.83,134237,215504081.4,2.73,-3.1,-0.51,4.72
2024-03-06,002803,15.8,15.84,16.08,15.51,116327,183831070.0,3.57,-0.69,-0.11,4.09
2024-03-07,002803,15.99,15.67,16.12,15.54,144261,228312867.2,3.66,-1.07,-0.17,5.07
2024-03-08,002803,15.62,15.98,16.02,15.59,111190,176293854.0,2.74,1.98,0.31,3.91
2024-03-11,002803,15.87,16.11,16.11,15.83,124412,198945056.2,1.75,0.81,0.13,4.37
2024-03-12,002803,16.13,16.44,16.46,16.08,156709,255343462.9,2.36,2.05,0.33,5.51
2024-03-13,002803,16.45,16.56,16.73,16.29,149237,246256270.5,2.68,0.73,0.12,5.25
2024-03-14,002803,16.4,16.17,16.61,15.96,126994,206403575.8,3.93,-2.36,-0.39,4.46
2024-03-15,002803,16.12,16.27,16.28,15.99,84953,136958872.7,1.79,0.62,0.1,2.99
2024-03-18,002803,16.37,17.1,17.38,16.22,263594,444734330.2,7.13,5.1,0.83,9.27
2024-03-19,002803,16.98,17.12,17.3,16.93,177961,305369048.2,2.16,0.12,0.02,6.26
2024-03-20,002803,17.06,17.42,17.44,17.02,158540,273589457.0,2.45,1.75,0.3,5.57
2024-03-21,002803,17.56,17.64,17.95,17.43,218575,385780667.2,2.99,1.26,0.22,7.68
2024-03-22,002803,17.64,18.19,18.31,17.3,296646,529998466.5,5.73,3.12,0.55,10.43
2024-03-25,002803,18.01,17.23,18.06,17.22,241251,426423778.0,4.62,-5.28,-0.96,8.48
2024-03-26,002803,17.2,17.46,17.46,16.68,174595,299057476.7,4.53,1.33,0.23,6.14
2024-03-27,002803,17.38,16.4,17.47,16.4,167596,283330918.4,6.13,-6.07,-1.06,5.89
2024-03-28,002803,16.4,16.83,17.1,16.35,148725,250151955.2,4.57,2.62,0.43,5.23
2024-03-29,002803,16.79,17.35,17.36,16.69,139145,238110331.5,3.98,3.09,0.52,4.89
2024-04-01,002803,17.33,17.59,17.65,17.16,162864,284942345.1,2.82,1.38,0.24,5.72
2024-04-02,002803,17.58,17.25,17.58,17.1,133364,230372279.5,2.73,-1.93,-0.34,4.69
2024-04-03,002803,17.3,16.71,17.3,16.6,110005,185287858.3,4.06,-3.13,-0.54,3.87
2024-04-08,002803,16.71,15.89,16.72,15.85,136049,219316253.7,5.21,-4.91,-0.82,4.78
2024-04-09,002803,15.89,15.95,16.18,15.81,77762,123950128.3,2.33,0.38,0.06,2.73
2024-04-10,002803,15.88,15.17,15.95,15.0,138080,211833747.5,5.96,-4.89,-0.78,4.85
2024-04-11,002803,15.08,15.54,15.84,15.0,107347,166920837.5,5.54,2.44,0.37,3.77
2024-04-12,002803,15.58,15.37,15.69,15.35,57570,89198752.1,2.19,-1.09,-0.17,2.02
2024-04-15,002803,15.45,15.23,15.65,14.98,107249,163939759.0,4.36,-0.91,-0.14,3.77
2024-04-16,002803,15.0,14.39,15.21,14.3,133927,195749172.3,5.98,-5.52,-0.84,4.71
2024-04-17,002803,14.62,15.46,15.5,14.62,129662,196757324.8,6.12,7.44,1.07,4.56
2024-04-18,002803,15.46,15.47,15.94,15.25,111399,174304505.6,4.46,0.06,0.01,3.92
2024-04-19,002803,15.4,15.32,15.64,15.22,80507,123662966.8,2.71,-0.97,-0.15,2.83
2024-04-22,002803,15.14,15.2,15.34,14.8,61521,93091372.7,3.52,-0.78,-0.12,2.16
2024-04-23,002803,15.33,15.33,15.62,15.31,68864,106375814.8,2.04,0.86,0.13,2.42
2024-04-24,002803,15.35,15.78,15.8,15.35,88627,138291275.9,2.94,2.94,0.45,3.12
2024-04-25,002803,15.67,15.59,15.82,15.5,69942,109460346.2,2.03,-1.2,-0.19,2.46
2024-04-26,002803,15.63,16.0,16.14,15.6,104436,166140838.2,3.46,2.63,0.41,3.67
2024-04-29,002803,15.23,15.7,15.72,14.9,228489,350187432.3,5.13,-1.88,-0.3,8.03
2024-04-30,002803,15.39,15.12,15.39,14.94,123959,187689959.9,2.87,-3.69,-0.58,4.36
2024-05-06,002803,15.29,15.37,15.75,15.29,114214,176610164.3,3.04,1.65,0.25,4.01
2024-05-07,002803,15.44,15.34,15.65,15.3,97902,151182278.3,2.28,-0.2,-0.03,3.44
2024-05-08,002803,15.23,14.72,15.23,14.7,106979,159260469.0,3.46,-4.04,-0.62,3.76
2024-05-09,002803,14.73,14.81,14.94,14.72,59992,89056522.1,1.49,0.61,0.09,2.11
2024-05-10,002803,14.83,14.4,14.95,14.32,81934,118987885.5,4.25,-2.77,-0.41,2.88
2024-05-13,002803,14.25,13.85,14.25,13.78,82923,115562156.0,3.26,-3.82,-0.55,2.91
2024-05-14,002803,14.0,14.22,14.4,13.96,74870,105985435.9,3.18,2.67,0.37,2.63
2024-05-15,002803,14.18,14.09,14.28,14.0,48500,68619985.7,1.97,-0.91,-0.13,1.69
2024-05-16,002803,14.1,14.27,14.52,14.02,74892,107634766.8,3.55,1.28,0.18,2.61
2024-05-17,002803,14.23,14.16,14.28,13.98,70642,99518822.7,2.1,-0.77,-0.11,2.46
2024-05-20,002803,14.13,13.92,14.26,13.81,93994,131622501.2,3.18,-1.69,-0.24,3.28
2024-05-21,002803,13.94,14.23,14.75,13.83,143282,205444926.0,6.61,2.23,0.31,5.0
2024-05-22,002803,14.15,14.17,14.27,14.0,63444,89650361.3,1.9,-0.42,-0.06,2.21
2024-05-23,002803,14.15,13.74,14.15,13.73,78990,109546668.7,2.96,-3.03,-0.43,2.75
2024-05-24,002803,13.75,13.58,13.86,13.49,57713,78579480.1,2.69,-1.16,-0.16,2.01
2024-05-27,002803,13.88,13.96,14.15,13.55,125784,174239164.9,4.42,2.8,0.38,4.39
2024-05-28,002803,13.7,13.41,13.71,13.33,101240,136697273.4,2.72,-3.94,-0.55,3.53
2024-05-29,002803,13.41,13.37,13.5,13.3,50901,68176337.9,1.49,-0.3,-0.04,1.77
2024-05-30,002803,13.35,13.2,13.45,13.16,46213,61231939.2,2.17,-1.27,-0.17,1.61
2024-05-31,002803,13.25,13.35,13.41,13.2,44984,59880406.0,1.59,1.14,0.15,1.57
2024-06-03,002803,13.33,13.17,13.35,13.0,56132,73775559.4,2.62,-1.35,-0.18,1.96
2024-06-04,002803,13.1,13.11,13.15,12.78,42557,55317821.0,2.81,-0.46,-0.06,1.48
2024-06-05,002803,12.98,12.85,13.13,12.85,37411,48654246.2,2.14,-1.98,-0.26,1.3
2024-06-06,002803,12.86,12.27,13.01,12.05,95073,118045763.5,7.47,-4.51,-0.58,3.32
2024-06-07,002803,12.39,12.37,12.58,12.19,53758,66402822.6,3.18,0.81,0.1,1.87
2024-06-11,002803,12.23,12.43,12.52,12.05,46057,56785459.8,3.8,0.49,0.06,1.61
2024-06-12,002803,12.6,12.68,12.78,12.54,59029,74843484.0,1.93,2.01,0.25,2.06
2024-06-13,002803,12.64,12.5,12.77,12.45,42143,52923926.0,2.52,-1.42,-0.18,1.47
2024-06-14,002803,12.5,12.45,12.52,12.34,37789,46947347.4,1.44,-0.4,-0.05,1.32
2024-06-17,002803,12.44,12.21,12.44,12.19,41677,51141620.6,2.01,-1.93,-0.24,1.45
2024-06-18,002803,12.23,12.3,12.34,12.18,45398,55630924.6,1.31,0.74,0.09,1.58
2024-06-19,002803,12.3,12.01,12.36,12.01,42899,52032129.5,2.85,-2.36,-0.29,1.5
2024-06-20,002803,11.99,11.68,12.04,11.68,49488,58498248.6,3.0,-2.75,-0.33,1.73
2024-06-21,002803,11.7,11.59,11.74,11.5,37382,43443289.0,2.05,-0.77,-0.09,1.3
2024-06-24,002803,11.55,10.99,11.55,10.98,66526,74150901.4,4.92,-5.18,-0.6,2.32
2024-06-25,002803,10.97,11.0,11.13,10.81,50000,54916862.8,2.91,0.09,0.01,1.74
2024-06-26,002803,11.0,11.31,11.35,10.88,117410,130313019.2,4.27,2.82,0.31,4.09
2024-06-27,002803,11.25,11.18,11.48,11.15,77151,87459513.3,2.92,-1.15,-0.13,2.69
2024-06-28,002803,11.17,11.13,11.34,11.1,54996,61771369.2,2.15,-0.45,-0.05,1.92
2024-07-01,002803,11.1,11.15,11.22,10.93,41846,46373731.0,2.61,0.18,0.02,1.46
2024-07-02,002803,11.16,11.19,11.32,11.12,42777,48041586.0,1.79,0.36,0.04,1.49
2024-07-03,002803,11.19,11.13,11.28,11.11,40336,45158583.9,1.52,-0.54,-0.06,1.41
2024-07-04,002803,11.1,10.8,11.16,10.75,49561,54124377.7,3.68,-2.96,-0.33,1.73
2024-07-05,002803,10.8,11.07,11.12,10.65,50118,54711767.0,4.35,2.5,0.27,1.75
2024-07-08,002803,11.0,10.58,11.04,10.56,48785,52431872.4,4.34,-4.43,-0.49,1.7
2024-07-09,002803,10.65,10.66,10.74,10.28,60308,63564235.2,4.35,0.76,0.08,2.1
2024-07-10,002803,10.35,10.12,10.43,9.97,110492,112116243.1,4.32,-5.07,-0.54,3.85
2024-07-11,002803,10.26,10.47,10.54,10.26,77497,80713968.6,2.77,3.46,0.35,2.7
2024-07-12,002803,10.48,10.28,10.57,10.23,55344,57529016.2,3.25,-1.81,-0.19,1.93
2024-07-15,002803,10.32,10.12,10.32,10.09,38643,39251173.3,2.24,-1.56,-0.16,1.35
2024-07-16,002803,10.09,10.08,10.2,9.99,43836,44105265.0,2.08,-0.4,-0.04,1.53
2024-07-17,002803,10.08,10.04,10.2,10.03,39632,40053333.9,1.69,-0.4,-0.04,1.38
2024-07-18,002803,10.01,10.03,10.07,9.8,43572,43206676.7,2.69,-0.1,-0.01,1.52
2024-07-19,002803,10.04,9.99,10.12,9.9,45908,46042309.0,2.19,-0.4,-0.04,1.6
2024-07-22,002803,9.99,10.14,10.23,9.87,58989,59468569.0,3.6,1.5,0.15,2.06
2024-07-23,002803,10.09,9.91,10.2,9.91,40221,40427374.7,2.86,-2.27,-0.23,1.4
2024-07-24,002803,9.87,9.69,9.94,9.66,45337,44253218.1,2.83,-2.22,-0.22,1.58
2024-07-25,002803,9.65,9.81,9.93,9.6,36339,35637639.0,3.41,1.24,0.12,1.27
2024-07-26,002803,9.81,9.94,9.96,9.81,30317,30033910.1,1.53,1.33,0.13,1.06
2024-07-29,002803,9.97,9.93,9.99,9.79,36003,35653477.0,2.01,-0.1,-0.01,1.26
2024-07-30,002803,9.93,10.05,10.1,9.88,33751,33805905.0,2.22,1.21,0.12,1.18
2024-07-31,002803,10.24,10.58,10.59,10.09,75316,78360264.3,4.98,5.27,0.53,2.63
2024-08-01,002803,10.6,10.6,10.75,10.53,57179,60726643.6,2.08,0.19,0.02,1.99
2024-08-02,002803,10.51,10.45,10.7,10.44,49977,52906219.4,2.45,-1.42,-0.15,1.74
2024-08-05,002803,10.35,10.36,10.73,10.32,59901,63124825.6,3.92,-0.86,-0.09,2.09
2024-08-06,002803,10.37,10.62,10.68,10.37,54185,57258915.0,2.99,2.51,0.26,1.89
2024-08-07,002803,10.6,10.58,10.68,10.51,33329,35227481.2,1.6,-0.38,-0.04,1.16
2024-08-08,002803,10.51,10.64,10.72,10.41,43745,46295140.0,2.93,0.57,0.06,1.53
2024-08-09,002803,10.66,10.5,10.74,10.5,33762,35795208.4,2.26,-1.32,-0.14,1.18
2024-08-12,002803,10.48,10.38,10.53,10.31,25470,26456746.6,2.1,-1.14,-0.12,0.89
2024-08-13,002803,10.35,10.37,10.4,10.25,28452,29378948.0,1.45,-0.1,-0.01,0.99
2024-08-14,002803,10.37,10.4,10.53,10.32,29455,30693765.7,2.03,0.29,0.03,1.03
2024-08-15,002803,10.4,10.57,10.73,10.26,52897,55746727.1,4.52,1.63,0.17,1.84
2024-08-16,002803,10.57,10.4,10.65,10.36,31891,33374640.5,2.74,-1.61,-0.17,1.11
2024-08-19,002803,10.25,10.21,10.39,10.16,52270,53521663.0,2.21,-1.83,-0.19,1.82
2024-08-20,002803,10.15,10.32,10.49,9.99,86276,88592175.7,4.9,1.08,0.11,3.01
2024-08-21,002803,10.2,10.01,10.5,9.98,66159,67311712.9,5.04,-3.0,-0.31,2.31
2024-08-22,002803,9.94,9.77,10.22,9.75,45644,45294336.7,4.7,-2.4,-0.24,1.59
2024-08-23,002803,9.78,9.63,9.8,9.52,37935,36584185.1,2.87,-1.43,-0.14,1.32
2024-08-26,002803,9.68,9.71,9.8,9.58,23840,23145567.4,2.28,0.83,0.08,0.83
2024-08-27,002803,9.78,9.47,9.78,9.45,27559,26342548.0,3.4,-2.47,-0.24,0.96
2024-08-28,002803,9.51,9.66,9.73,9.36,33984,32562255.2,3.91,2.01,0.19,1.19
2024-08-29,002803,9.55,9.89,9.9,9.53,36160,35349181.3,3.83,2.38,0.23,1.26
2024-08-30,002803,9.88,10.24,10.34,9.84,53594,54540149.0,5.06,3.54,0.35,1.87
2024-09-02,002803,10.24,9.96,10.28,9.94,32702,32986656.0,3.32,-2.73,-0.28,1.14
2024-09-03,002803,10.07,10.18,10.44,10.04,50683,51771714.8,4.02,2.21,0.22,1.77
2024-09-04,002803,10.07,10.02,10.18,10.01,29283,29529656.0,1.67,-1.57,-0.16,1.02
2024-09-05,002803,10.02,10.26,10.28,9.99,48896,49913285.8,2.89,2.4,0.24,1.71
2024-09-06,002803,10.24,10.04,10.33,10.02,33478,33980210.0,3.02,-2.14,-0.22,1.17
2024-09-09,002803,9.97,9.99,10.11,9.87,26315,26303707.0,2.39,-0.5,-0.05,0.92
2024-09-10,002803,10.02,10.19,10.26,9.92,47764,48197666.2,3.4,2.0,0.2,1.67
2024-09-11,002803,10.23,9.97,10.23,9.93,36060,36103301.2,2.94,-2.16,-0.22,1.26
2024-09-12,002803,9.97,9.9,10.13,9.9,24902,24936473.0,2.31,-0.7,-0.07,0.87
2024-09-13,002803,9.89,9.67,9.97,9.67,25974,25416714.0,3.03,-2.32,-0.23,0.91
2024-09-18,002803,9.67,9.52,9.71,9.37,27600,26201401.0,3.52,-1.55,-0.15,0.96
2024-09-19,002803,9.6,9.96,10.02,9.55,50868,50162567.0,4.94,4.62,0.44,1.77
2024-09-20,002803,10.01,10.96,10.96,9.94,139763,146979612.3,10.24,10.04,1.0,4.87
2024-09-23,002803,11.36,11.17,11.73,10.82,358578,403038050.2,8.3,1.92,0.21,12.5
2024-09-24,002803,11.17,11.21,11.29,10.78,256536,283950715.8,4.57,0.36,0.04,8.95
2024-09-25,002803,11.18,11.67,11.99,11.11,331212,381112675.6,7.85,4.1,0.46,11.55
2024-09-26,002803,11.56,11.8,11.91,11.5,287985,336611187.5,3.51,1.11,0.13,10.04
2024-09-27,002803,11.76,12.4,12.54,11.69,290607,351618808.8,7.2,5.08,0.6,10.13
2024-09-30,002803,13.25,13.56,13.59,12.67,362599,475914988.4,7.42,9.35,1.16,12.64
2024-10-08,002803,14.9,14.01,14.9,13.11,398322,561071629.7,13.2,3.32,0.45,13.89
2024-10-09,002803,13.55,12.61,13.55,12.61,240723,311183303.5,6.71,-9.99,-1.4,8.39
2024-10-10,002803,12.61,12.22,12.89,12.05,145029,179752472.4,6.66,-3.09,-0.39,5.06
2024-10-11,002803,12.11,12.09,12.54,11.8,120806,147555948.8,6.06,-1.06,-0.13,4.21
2024-10-14,002803,12.1,12.26,12.33,11.76,98848,119585847.9,4.71,1.41,0.17,3.45
2024-10-15,002803,12.11,12.25,12.64,12.08,133225,165163366.2,4.57,-0.08,-0.01,4.65
2024-10-16,002803,12.0,11.99,12.24,11.88,88404,106544419.0,2.94,-2.12,-0.26,3.08
2024-10-17,002803,12.07,11.95,12.28,11.92,87895,106402596.4,3.0,-0.33,-0.04,3.06
2024-10-18,002803,11.85,12.17,12.37,11.78,126580,153097327.8,4.94,1.84,0.22,4.41
2024-10-21,002803,12.22,12.31,12.48,12.18,129029,159125747.5,2.47,1.15,0.14,4.5
2024-10-22,002803,12.22,12.73,12.87,12.22,187865,237462855.0,5.28,3.41,0.42,6.55
2024-10-23,002803,12.72,12.47,12.72,12.4,128255,160810474.0,2.51,-2.04,-0.26,4.47
2024-10-24,002803,12.48,12.29,12.49,12.21,73826,90807603.8,2.25,-1.44,-0.18,2.57
2024-10-25,002803,12.25,12.34,12.45,12.19,109427,134693288.6,2.12,0.41,0.05,3.82
2024-10-28,002803,12.32,12.71,12.73,12.28,139768,175347769.9,3.65,3.0,0.37,4.84
2024-10-29,002803,12.78,12.5,12.85,12.45,127750,160823166.1,3.15,-1.65,-0.21,4.42
2024-10-30,002803,12.4,12.27,12.53,12.12,93225,114769782.8,3.28,-1.84,-0.23,3.23
2024-10-31,002803,12.19,12.6,12.66,12.15,135777,169465364.7,4.16,2.69,0.33,4.7
2024-11-01,002803,12.6,12.9,13.0,12.18,244924,310713002.0,6.51,2.38,0.3,8.47
2024-11-04,002803,12.98,14.19,14.19,12.96,387436,532395885.7,9.53,10.0,1.29,13.41
2024-11-05,002803,14.41,14.46,14.64,14.0,442431,635921066.0,4.51,1.9,0.27,15.31
2024-11-06,002803,14.39,14.59,14.86,14.25,309345,449651785.2,4.22,0.9,0.13,10.72
2024-11-07,002803,14.52,15.32,16.0,14.34,396925,603713455.7,11.38,5.0,0.73,13.76
2024-11-08,002803,15.35,14.96,15.73,14.88,307588,467589889.7,5.55,-2.35,-0.36,10.66
2024-11-11,002803,14.7,15.05,15.17,14.49,261720,385478737.8,4.55,0.6,0.09,9.07
2024-11-12,002803,14.88,14.66,15.2,14.56,171574,255421574.7,4.25,-2.59,-0.39,5.95
2024-11-13,002803,14.53,14.93,15.15,14.49,193693,288161216.0,4.5,1.84,0.27,6.71
2024-11-14,002803,14.8,14.51,15.26,14.46,194914,290643526.9,5.36,-2.81,-0.42,6.76
2024-11-15,002803,14.49,14.52,15.03,14.35,158080,233329669.0,4.69,0.07,0.01,5.48
2024-11-18,002803,14.69,13.99,14.74,13.7,137133,192272536.4,7.16,-3.65,-0.53,4.75
2024-11-19,002803,14.04,15.2,15.27,14.04,285981,425903660.5,8.79,8.65,1.21,9.91
2024-11-20,002803,15.05,15.5,15.69,14.86,286707,438836740.2,5.46,1.97,0.3,9.94
2024-11-21,002803,15.45,15.55,15.82,15.13,243864,376537497.5,4.45,0.32,0.05,8.45
2024-11-22,002803,15.86,15.21,15.95,15.2,284177,442447853.2,4.82,-2.19,-0.34,9.85
2024-11-25,002803,15.18,15.43,15.49,14.85,162007,246938956.3,4.21,1.45,0.22,5.61
2024-11-26,002803,15.41,14.81,15.75,14.79,163802,249139119.4,6.22,-4.02,-0.62,5.68
2024-11-27,002803,14.54,15.47,15.47,14.35,151171,225617424.8,7.56,4.46,0.66,5.24
2024-11-28,002803,15.5,15.75,15.85,15.21,227141,353443895.0,4.14,1.81,0.28,7.87
2024-11-29,002803,15.72,16.34,16.67,15.61,382232,616810345.8,6.73,3.75,0.59,13.25
2024-12-02,002803,16.31,16.47,16.53,16.0,271442,441431095.9,3.24,0.8,0.13,9.41
2024-12-03,002803,16.89,15.75,16.89,15.68,335522,542622090.7,7.35,-4.37,-0.72,11.63
2024-12-04,002803,15.5,15.28,15.71,15.13,196176,301776662.9,3.68,-2.98,-0.47,6.8
2024-12-05,002803,15.29,15.87,15.88,15.11,201174,316499256.1,5.04,3.86,0.59,6.97
2024-12-06,002803,15.99,15.58,15.99,15.5,162912,255316459.8,3.09,-1.83,-0.29,5.65
2024-12-09,002803,15.51,15.41,15.56,15.19,124280,190884904.2,2.37,-1.09,-0.17,4.31
2024-12-10,002803,15.72,16.25,16.29,15.45,305129,486274580.6,5.45,5.45,0.84,10.57
2024-12-11,002803,16.09,16.03,16.4,15.7,175520,280066248.0,4.31,-1.35,-0.22,6.08
2024-12-12,002803,15.99,15.98,16.06,15.63,130542,206830506.4,2.68,-0.31,-0.05,4.52
2024-12-13,002803,15.82,15.99,16.33,15.76,229519,370224431.5,3.57,0.06,0.01,7.95
2024-12-16,002803,15.9,15.43,15.96,15.25,146153,226913584.5,4.44,-3.5,-0.56,5.07
2024-12-17,002803,15.3,14.47,15.38,14.33,150013,222584016.3,6.8,-6.22,-0.96,5.2
2024-12-18,002803,14.54,14.64,14.86,14.21,89319,130620685.0,4.49,1.17,0.17,3.1
2024-12-19,002803,14.44,14.87,14.88,14.22,87402,127302148.2,4.51,1.57,0.23,3.03
2024-12-20,002803,15.0,15.59,16.36,15.0,370739,592666284.4,9.15,4.84,0.72,12.85
2024-12-23,002803,15.08,14.03,15.38,14.03,279373,406731854.4,8.66,-10.01,-1.56,9.68
2024-12-24,002803,14.1,14.29,14.35,13.81,143225,201833091.0,3.85,1.85,0.26,4.96
2024-12-25,002803,14.14,13.6,14.22,13.42,112640,154094819.0,5.6,-4.83,-0.69,3.9
2024-12-26,002803,13.63,13.75,14.18,13.58,98390,137033043.6,4.41,1.1,0.15,3.41
2024-12-27,002803,13.78,13.6,13.84,13.49,103540,141415231.1,2.55,-1.09,-0.15,3.59
2024-12-30,002803,13.52,13.4,13.72,13.31,63106,84983453.3,3.01,-1.47,-0.2,2.19
2024-12-31,002803,13.3,12.68,13.45,12.68,115637,150440743.2,5.75,-5.37,-0.72,4.0
2025-01-02,002803,12.8,12.72,13.18,12.58,103357,133199649.4,4.73,0.32,0.04,3.58
2025-01-03,002803,12.68,12.05,12.89,12.0,91669,112845693.6,7.0,-5.27,-0.67,3.17
2025-01-06,002803,12.01,11.89,12.05,11.53,79538,94162365.1,4.32,-1.33,-0.16,2.75
2025-01-07,002803,11.88,12.21,12.23,11.87,63801,76694633.0,3.03,2.69,0.32,2.21
2025-01-08,002803,12.12,12.45,12.53,11.98,81241,99677899.0,4.5,1.97,0.24,2.81
2025-01-09,002803,12.35,12.48,12.58,12.25,55233,68843454.0,2.65,0.24,0.03,1.91
2025-01-10,002803,12.35,11.92,12.52,11.9,57083,69614262.0,4.97,-4.49,-0.56,1.98
2025-01-13,002803,11.81,11.82,11.94,11.48,53266,62564198.0,3.86,-0.84,-0.1,1.84
2025-01-14,002803,11.9,12.57,12.57,11.9,96678,118966267.0,5.67,6.35,0.75,3.35
2025-01-15,002803,12.7,12.71,12.88,12.57,90495,115210894.0,2.47,1.11,0.14,3.13
2025-01-16,002803,12.74,12.89,13.1,12.71,85747,110443096.4,3.07,1.42,0.18,2.97
2025-01-17,002803,12.83,12.75,12.9,12.67,49171,62863423.2,1.78,-1.09,-0.14,1.7
2025-01-20,002803,12.91,12.79,12.99,12.6,59468,76098062.0,3.06,0.31,0.04,2.06
2025-01-21,002803,12.86,12.72,12.94,12.62,44272,56346214.3,2.5,-0.55,-0.07,1.53
2025-01-22,002803,12.66,12.49,12.68,12.47,42240,53065520.0,1.65,-1.81,-0.23,1.46
2025-01-23,002803,12.61,12.5,12.87,12.49,60192,76500461.3,3.04,0.08,0.01,2.08
2025-01-24,002803,12.43,13.01,13.03,12.4,95442,122065754.2,5.04,4.08,0.51,3.31
2025-01-27,002803,13.11,12.86,13.26,12.86,64478,84082489.0,3.07,-1.15,-0.15,2.23
2025-02-05,002803,13.06,13.37,13.51,13.01,114650,152247966.3,3.89,3.97,0.51,3.97
2025-02-06,002803,13.2,13.76,13.98,13.0,159341,216938276.0,7.33,2.92,0.39,5.52
2025-02-07,002803,13.65,13.85,14.2,13.55,170929,237017700.8,4.72,0.65,0.09,5.92
2025-02-10,002803,13.76,14.05,14.07,13.66,119257,166182320.3,2.96,1.44,0.2,4.13
2025-02-11,002803,14.02,13.95,14.12,13.88,93730,130843274.0,1.71,-0.71,-0.1,3.25
2025-02-12,002803,13.87,13.89,14.05,13.8,98345,136675089.6,1.79,-0.43,-0.06,3.41
2025-02-13,002803,13.9,13.73,14.03,13.7,84324,116854530.3,2.38,-1.15,-0.16,2.92
2025-02-14,002803,13.7,13.79,13.84,13.46,85243,116678477.5,2.77,0.44,0.06,2.95
2025-02-17,002803,13.8,13.88,14.0,13.75,74536,103584673.1,1.81,0.65,0.09,2.58
2025-02-18,002803,13.85,13.32,13.88,13.29,95416,129522814.1,4.25,-4.03,-0.56,3.3
2025-02-19,002803,13.33,13.8,13.84,13.28,89536,122310177.2,4.2,3.6,0.48,3.1
2025-02-20,002803,13.74,13.98,14.03,13.74,90801,126561294.6,2.1,1.3,0.18,3.14
2025-02-21,002803,14.11,13.9,14.12,13.65,94468,130817210.3,3.36,-0.57,-0.08,3.27
2025-02-24,002803,13.88,13.79,13.94,13.63,87549,120600695.2,2.23,-0.79,-0.11,3.03
2025-02-25,002803,13.69,13.7,13.85,13.55,66739,91557655.4,2.18,-0.65,-0.09,2.31
2025-02-26,002803,13.7,13.78,13.93,13.64,105183,144930364.9,2.12,0.58,0.08,3.64
2025-02-27,002803,13.78,13.67,13.94,13.4,92866,127054727.5,3.92,-0.8,-0.11,3.22
2025-02-28,002803,13.55,12.85,13.59,12.82,93997,123844726.5,5.63,-6.0,-0.82,3.26
2025-03-03,002803,12.91,12.97,13.28,12.77,88967,116466518.4,3.97,0.93,0.12,3.08
2025-03-04,002803,12.91,13.09,13.2,12.86,51538,67254646.0,2.62,0.93,0.12,1.78
2025-03-05,002803,13.08,13.16,13.29,12.83,62599,81514504.0,3.51,0.53,0.07,2.17
2025-03-06,002803,13.26,13.73,13.79,13.23,120160,163805760.6,4.26,4.33,0.57,4.16
2025-03-07,002803,13.64,13.46,13.77,13.35,83798,113740128.9,3.06,-1.97,-0.27,2.9
2025-03-10,002803,13.47,13.26,13.48,13.19,60714,80830729.0,2.15,-1.49,-0.2,2.1
2025-03-11,002803,13.14,13.29,13.31,13.04,50098,65966117.0,2.04,0.23,0.03,1.73
2025-03-12,002803,13.39,13.36,13.49,13.26,65232,87227408.9,1.73,0.53,0.07,2.26
2025-03-13,002803,13.35,13.07,13.35,12.92,65031,85002443.0,3.22,-2.17,-0.29,2.25
2025-03-14,002803,13.08,13.36,13.43,13.0,72348,96057338.0,3.29,2.22,0.29,2.51
2025-03-17,002803,13.39,13.31,13.45,13.27,58084,77411058.8,1.35,-0.37,-0.05,2.01
2025-03-18,002803,13.3,13.38,13.45,13.23,52817,70554116.9,1.65,0.53,0.07,1.83
2025-03-19,002803,13.37,13.16,13.37,13.13,47408,62604185.0,1.79,-1.64,-0.22,1.64
2025-03-20,002803,13.18,13.07,13.26,13.03,41316,54309017.4,1.75,-0.68,-0.09,1.43
2025-03-21,002803,13.08,12.88,13.12,12.86,50384,65205162.1,1.99,-1.45,-0.19,1.74
2025-03-24,002803,12.88,12.69,13.02,12.42,77156,97694828.0,4.66,-1.48,-0.19,2.67
2025-03-25,002803,12.66,12.59,12.71,12.41,48097,60446850.5,2.36,-0.79,-0.1,1.67
2025-03-26,002803,12.63,12.69,12.77,12.57,32750,41585720.0,1.59,0.79,0.1,1.13
2025-03-27,002803,12.65,12.78,12.95,12.5,47648,60871712.3,3.55,0.71,0.09,1.65
2025-03-28,002803,12.83,13.03,13.29,12.77,129631,168998769.3,4.07,1.96,0.25,4.49
2025-03-31,002803,13.0,12.63,13.0,12.35,122897,154563948.6,4.99,-3.07,-0.4,4.26
2025-04-01,002803,12.67,12.93,13.0,12.56,96160,123376697.3,3.48,2.38,0.3,3.33
2025-04-02,002803,12.83,12.52,13.01,12.49,96760,122950388.0,4.02,-3.17,-0.41,3.35
2025-04-03,002803,12.45,12.63,12.88,12.4,71505,90545995.0,3.83,0.88,0.11,2.48
2025-04-07,002803,11.72,11.37,12.09,11.37,63910,73419684.6,5.7,-9.98,-1.26,2.21
2025-04-08,002803,10.97,10.82,11.37,10.56,110201,119966893.7,7.12,-4.84,-0.55,3.82
2025-04-09,002803,10.5,11.26,11.3,9.93,105825,112714458.5,12.66,4.07,0.44,3.66
2025-04-10,002803,11.33,12.39,12.39,11.33,139572,168664074.2,9.41,10.04,1.13,4.83
2025-04-11,002803,12.51,12.94,12.97,12.13,291994,366566606.1,6.78,4.44,0.55,10.11
2025-04-14,002803,12.93,13.09,13.8,12.71,354360,468635910.8,8.42,1.16,0.15,12.27
2025-04-15,002803,12.89,12.87,13.14,12.54,236427,302209448.4,4.58,-1.68,-0.22,8.19
2025-04-16,002803,13.21,12.59,13.5,12.51,204316,265119768.1,7.69,-2.18,-0.28,7.08
2025-04-17,002803,12.69,12.64,12.99,12.43,158168,201367988.3,4.45,0.4,0.05,5.48
2025-04-18,002803,13.22,13.36,13.75,13.0,331047,440148182.6,5.93,5.7,0.72,11.46
2025-04-21,002803,13.03,14.18,14.5,13.03,416531,583080594.9,11.0,6.14,0.82,14.42
2025-04-22,002803,14.07,14.09,14.59,14.01,354145,503956030.2,4.09,-0.63,-0.09,12.26
2025-04-23,002803,14.12,13.89,14.75,13.85,261216,369245323.8,6.39,-1.42,-0.2,9.05
2025-04-24,002803,14.09,13.79,14.15,13.66,155090,214058089.1,3.53,-0.72,-0.1,5.37
2025-04-25,002803,13.88,13.71,14.03,13.69,159504,221077469.9,2.47,-0.58,-0.08,5.52
2025-04-28,002803,13.98,13.75,14.25,13.71,188894,263722651.4,3.94,0.29,0.04,6.54
2025-04-29,002803,13.77,13.84,13.95,13.55,124408,171882015.0,2.91,0.65,0.09,4.31
2025-04-30,002803,13.91,13.76,14.05,13.75,133218,185174795.9,2.17,-0.58,-0.08,4.61
2025-05-06,002803,13.74,13.99,14.02,13.74,126643,176309253.0,2.03,1.67,0.23,4.39
2025-05-07,002803,14.0,13.91,14.2,13.75,115335,160240505.0,3.22,-0.57,-0.08,3.99
2025-05-08,002803,13.87,14.12,14.17,13.76,189000,265756917.4,2.95,1.51,0.21,6.54
2025-05-09,002803,14.22,13.96,14.22,13.8,104717,145829494.5,2.97,-1.13,-0.16,3.63
2025-05-12,002803,14.15,14.01,14.19,13.88,106679,149124340.5,2.22,0.36,0.05,3.69
2025-05-13,002803,14.18,13.97,14.4,13.95,180059,255507081.0,3.21,-0.29,-0.04,6.24
2025-05-14,002803,13.9,14.25,14.25,13.83,150329,211088414.0,3.01,2.0,0.28,5.21
2025-05-15,002803,14.21,14.03,14.68,14.01,194044,277762991.2,4.7,-1.54,-0.22,6.72
2025-05-16,002803,13.82,13.92,14.07,13.63,113584,158056883.7,3.14,-0.78,-0.11,3.93
2025-05-19,002803,13.85,14.25,14.28,13.66,123471,172593937.5,4.45,2.37,0.33,4.28
2025-05-20,002803,14.18,14.63,14.77,14.1,204282,297521108.3,4.7,2.67,0.38,7.07
2025-05-21,002803,14.64,14.66,14.76,14.3,160140,232660088.1,3.14,0.21,0.03,5.55
2025-05-22,002803,14.86,14.23,14.89,14.21,170335,247110769.4,4.64,-2.93,-0.43,5.9
2025-05-23,002803,14.28,14.61,15.5,14.22,330831,490982385.5,9.0,2.67,0.38,11.46
2025-05-26,002803,14.28,14.5,14.79,14.16,207874,299557702.0,4.31,-0.75,-0.11,7.2
2025-05-27,002803,14.6,14.04,14.7,13.98,248208,352991398.0,4.97,-3.17,-0.46,8.6
2025-05-28,002803,13.69,13.27,13.83,13.13,250660,334248829.2,4.99,-5.48,-0.77,8.68
2025-05-29,002803,13.22,13.56,13.6,13.13,158736,213505999.5,3.54,2.19,0.29,5.5
2025-05-30,002803,13.5,13.22,13.6,13.2,104867,140022175.0,2.95,-2.51,-0.34,3.63
2025-06-03,002803,13.2,13.32,13.67,13.18,111928,150839818.7,3.71,0.76,0.1,3.88
2025-06-04,002803,13.25,13.53,13.62,13.19,87625,117657038.0,3.23,1.58,0.21,3.03
2025-06-05,002803,13.52,13.48,13.7,13.35,71426,96227668.2,2.59,-0.37,-0.05,2.47
2025-06-06,002803,13.44,13.27,13.52,13.24,75372,100587252.0,2.08,-1.56,-0.21,2.61
2025-06-09,002803,13.29,13.69,13.74,13.28,102042,138523949.9,3.47,3.17,0.42,3.53
2025-06-10,002803,13.65,13.42,13.77,13.25,77192,104023954.0,3.8,-1.97,-0.27,2.67
2025-06-11,002803,13.4,13.54,13.65,13.3,57333,77791241.0,2.61,0.89,0.12,1.99
2025-06-12,002803,13.55,13.63,13.65,13.44,55046,74610297.6,1.55,0.66,0.09,1.91
2025-06-13,002803,13.61,13.2,13.65,13.15,85519,114126071.6,3.67,-3.15,-0.43,2.96
2025-06-16,002803,13.21,13.58,13.74,13.01,104554,141650542.0,5.53,2.88,0.38,3.62
2025-06-17,002803,13.62,13.36,13.7,13.28,65849,88188221.4,3.09,-1.62,-0.22,2.28
2025-06-18,002803,13.27,13.28,13.34,13.16,57538,76177860.0,1.35,-0.6,-0.08,1.99
2025-06-19,002803,13.27,13.06,13.32,13.02,53184,70016405.0,2.26,-1.66,-0.22,1.84
2025-06-20,002803,13.05,12.83,13.12,12.8,47308,61166444.0,2.45,-1.76,-0.23,1.64
2025-06-23,002803,12.8,13.0,13.02,12.71,47494,61407853.0,2.42,1.33,0.17,1.64
2025-06-24,002803,13.01,13.26,13.28,12.98,48935,64552041.0,2.31,2.0,0.26,1.69
2025-06-25,002803,13.26,13.35,13.37,13.16,49088,65229095.0,1.58,0.68,0.09,1.7
2025-06-26,002803,13.35,14.04,14.69,13.22,344498,487457779.9,11.01,5.17,0.69,11.93
2025-06-27,002803,14.01,13.96,14.29,13.9,241228,338763682.4,2.78,-0.57,-0.08,8.35
2025-06-30,002803,14.02,14.26,14.28,13.8,180037,254046775.4,3.44,2.15,0.3,6.23
2025-07-01,002803,14.22,14.2,14.35,14.08,101516,143995106.5,1.89,-0.42,-0.06,3.52
2025-07-02,002803,14.17,14.16,14.31,14.0,92499,130895365.0,2.18,-0.28,-0.04,3.2
2025-07-03,002803,14.75,14.57,14.97,14.21,324631,469843262.2,5.37,2.9,0.41,11.24
2025-07-04,002803,14.48,14.6,14.88,14.45,261217,382345599.0,2.95,0.21,0.03,9.05
2025-07-07,002803,14.77,16.06,16.06,14.7,319000,496906069.0,9.32,10.0,1.46,11.05
2025-07-08,002803,16.7,16.28,17.45,16.11,786329,1304178285.9,8.34,1.37,0.22,27.23
2025-07-09,002803,16.15,16.12,16.83,16.01,551838,903240887.1,5.04,-0.98,-0.16,19.11
2025-07-10,002803,15.94,15.82,16.09,15.56,450407,711187846.5,3.29,-1.86,-0.3,15.6
2025-07-11,002803,15.79,15.51,15.9,15.45,267513,415841506.5,2.84,-1.96,-0.31,9.26
2025-07-14,002803,15.58,15.43,15.72,15.36,172607,266741643.2,2.32,-0.52,-0.08,5.98
2025-07-15,002803,15.38,15.39,15.46,15.2,168522,258548820.8,1.69,-0.26,-0.04,5.84
2025-07-16,002803,15.38,15.49,15.6,15.36,192963,299144249.3,1.56,0.65,0.1,6.68
2025-07-17,002803,15.47,15.63,15.67,15.35,210880,326945311.8,2.07,0.9,0.14,7.3
2025-07-18,002803,15.68,15.6,15.8,15.48,179176,279714350.1,2.05,-0.19,-0.03,6.2
2025-07-21,002803,15.56,15.44,15.62,15.39,138528,214062490.7,1.47,-1.03,-0.16,4.8
2025-07-22,002803,15.53,15.29,15.53,15.22,122745,188236039.0,2.01,-0.97,-0.15,4.25
2025-07-23,002803,15.26,15.14,15.33,15.1,97684,148614620.4,1.5,-0.98,-0.15,3.38
2025-07-24,002803,15.16,15.32,15.32,15.1,93780,142707282.0,1.45,1.19,0.18,3.25
2025-07-25,002803,15.37,16.16,16.5,15.28,477229,763395708.2,7.96,5.48,0.84,16.53
2025-07-28,002803,16.38,16.7,16.94,16.2,393209,652695296.9,4.58,3.34,0.54,13.62
2025-07-29,002803,16.66,16.75,16.87,16.46,205300,341603717.1,2.46,0.3,0.05,7.11
2025-07-30,002803,16.66,16.6,17.27,16.12,201488,333522171.8,6.87,-0.9,-0.15,6.98
2025-07-31,002803,16.5,16.85,17.28,16.41,281419,472372890.2,5.24,1.51,0.25,9.75
2025-08-01,002803,16.78,16.51,16.89,16.36,166687,276359203.8,3.15,-2.02,-0.34,5.77
2025-08-04,002803,16.48,16.7,16.76,16.16,131537,216132014.5,3.63,1.15,0.19,4.56
2025-08-05,002803,16.41,16.72,16.83,16.36,158082,261972282.8,2.81,0.12,0.02,5.47
2025-08-06,002803,16.7,16.66,17.13,16.62,148926,250275182.2,3.05,-0.36,-0.06,5.16
2025-08-07,002803,16.71,16.78,17.28,16.67,122223,205923716.0,3.66,0.72,0.12,4.23
2025-08-08,002803,16.78,16.62,16.95,16.57,106916,179049993.7,2.26,-0.95,-0.16,3.7
2025-08-11,002803,16.61,16.76,17.02,16.59,102263,172071560.2,2.59,0.84,0.14,3.54
2025-08-12,002803,16.78,16.76,17.07,16.65,111626,187900079.4,2.51,0.0,0.0,3.87
2025-08-13,002803,16.7,16.76,16.84,16.46,110297,183546109.5,2.27,0.0,0.0,3.82
2025-08-14,002803,16.77,16.34,16.86,16.32,99538,164495715.1,3.22,-2.51,-0.42,3.45
2025-08-15,002803,16.52,16.5,16.58,16.31,87295,143529917.0,1.65,0.98,0.16,3.02
2025-08-18,002803,16.6,16.73,16.92,16.57,103307,172840287.9,2.12,1.39,0.23,3.58
2025-08-19,002803,16.79,16.73,16.8,16.52,73911,123177757.0,1.67,0.0,0.0,2.56
2025-08-20,002803,16.66,16.97,16.97,16.61,123921,208621217.0,2.15,1.43,0.24,4.29
2025-08-21,002803,17.22,17.57,18.6,17.22,395828,702709209.7,8.13,3.54,0.6,13.71
2025-08-22,002803,17.46,17.5,17.6,17.25,220275,383752660.3,1.99,-0.4,-0.07,7.63
2025-08-25,002803,17.63,18.04,18.1,17.29,315182,561301217.5,4.63,3.09,0.54,10.91
2025-08-26,002803,18.14,18.78,19.5,17.83,419492,783505890.7,9.26,4.1,0.74,14.53
2025-08-27,002803,18.94,18.21,19.2,18.19,343020,641984771.6,5.38,-3.04,-0.57,11.88
2025-08-28,002803,18.1,18.48,18.52,17.5,245821,441763168.0,5.6,1.48,0.27,8.51
2025-08-29,002803,18.47,17.93,18.47,17.73,183029,329418382.6,4.0,-2.98,-0.55,6.34
2025-09-01,002803,17.76,17.56,18.06,17.51,137391,243191999.5,3.07,-2.06,-0.37,4.76
2025-09-02,002803,17.56,17.43,17.77,17.2,130151,227080032.9,3.25,-0.74,-0.13,4.51
2025-09-03,002803,17.48,16.97,17.76,16.94,117436,203949349.9,4.7,-2.64,-0.46,4.07
2025-09-04,002803,17.09,16.66,17.29,16.35,140768,237401048.2,5.54,-1.83,-0.31,4.87
2025-09-05,002803,16.61,16.93,16.94,16.38,98315,164172900.2,3.36,1.62,0.27,3.4
2025-09-08,002803,16.93,16.95,17.13,16.8,82684,140192970.1,1.95,0.12,0.02,2.86
2025-09-09,002803,16.97,16.94,17.29,16.87,129071,219843384.0,2.48,-0.06,-0.01,4.47
2025-09-10,002803,16.87,16.86,17.2,16.81,79956,135706899.0,2.3,-0.47,-0.08,2.77
2025-09-11,002803,16.86,16.89,16.93,16.53,91918,153717767.3,2.37,0.18,0.03,3.18
2025-09-12,002803,16.98,16.66,17.06,16.66,90822,153028965.9,2.37,-1.36,-0.23,3.15
2025-09-15,002803,16.61,16.67,16.9,16.53,72255,120591230.3,2.22,0.06,0.01,2.5
2025-09-16,002803,16.92,17.01,17.26,16.81,141140,240906010.3,2.7,2.04,0.34,4.89
2025-09-17,002803,17.0,17.7,18.1,16.86,222364,394474431.5,7.29,4.06,0.69,7.7
2025-09-18,002803,17.73,18.15,19.19,17.7,332414,613525369.7,8.42,2.54,0.45,11.51
2025-09-19,002803,18.2,17.85,18.38,17.78,152230,273877479.8,3.31,-1.65,-0.3,5.27
2025-09-22,002803,18.07,18.43,18.98,18.03,159088,294755867.8,5.32,3.25,0.58,5.51
2025-09-23,002803,18.29,18.35,18.49,17.61,178851,323117832.8,4.77,-0.43,-0.08,6.19
2025-09-24,002803,18.03,19.04,19.1,18.03,198225,373232676.9,5.83,3.76,0.69,6.86
2025-09-25,002803,18.88,18.94,19.25,18.83,147166,280174841.0,2.21,-0.53,-0.1,5.1
2025-09-26,002803,20.83,20.83,20.83,20.42,236004,491297249.3,2.16,9.98,1.89,8.17
2025-09-29,002803,19.38,18.76,20.0,18.75,590516,1119943303.5,6.0,-9.94,-2.07,20.45
2025-09-30,002803,18.77,18.58,19.02,18.36,332591,620293314.2,3.52,-0.96,-0.18,11.52
2025-10-09,002803,19.21,19.07,19.56,18.41,399143,756502867.4,6.19,2.64,0.49,13.82
2025-10-10,002803,18.74,18.97,19.6,18.74,254859,486398238.2,4.51,-0.52,-0.1,8.83
2025-10-13,002803,17.96,18.59,18.65,17.81,186625,343503468.1,4.43,-2.0,-0.38,6.46
2025-10-14,002803,18.61,17.95,18.82,17.85,170818,312702665.9,5.22,-3.44,-0.64,5.92
2025-10-15,002803,17.87,18.46,18.74,17.77,166378,305168079.8,5.4,2.84,0.51,5.76
2025-10-16,002803,18.35,18.09,18.45,18.07,83626,152335466.0,2.06,-2.0,-0.37,2.9
2025-10-17,002803,18.04,17.54,18.34,17.53,90386,161085416.1,4.48,-3.04,-0.55,3.13
2025-10-20,002803,17.87,18.15,18.28,17.73,119416,215760221.3,3.14,3.48,0.61,4.14
2025-10-21,002803,18.1,18.17,18.3,18.0,85041,154428544.1,1.65,0.11,0.02,2.94
2025-10-22,002803,18.11,17.96,18.23,17.89,59162,106430408.9,1.87,-1.16,-0.21,2.05
2025-10-23,002803,17.89,18.0,18.12,17.7,60851,108609732.9,2.34,0.22,0.04,2.11
2025-10-24,002803,18.05,18.22,18.44,17.82,103161,188000090.4,3.44,1.22,0.22,3.57
2025-10-27,002803,18.52,18.33,18.8,18.23,113587,209022651.5,3.13,0.6,0.11,3.93
2025-10-28,002803,18.22,18.48,18.68,17.92,186455,340951921.0,4.15,0.82,0.15,6.46
2025-10-29,002803,18.37,18.33,18.51,17.74,145090,263441834.5,4.17,-0.81,-0.15,5.02
2025-10-30,002803,18.37,18.1,18.45,17.97,128887,234363901.0,2.62,-1.25,-0.23,4.46
2025-10-31,002803,18.2,18.63,18.98,18.1,183799,340914267.0,4.86,2.93,0.53,6.36
2025-11-03,002803,18.64,18.05,18.65,17.82,176698,319228439.0,4.46,-3.11,-0.58,6.12
2025-11-04,002803,17.97,17.0,18.0,16.8,239036,409007372.6,6.65,-5.82,-1.05,8.28
2025-11-05,002803,16.78,16.66,16.92,16.54,127204,212601556.2,2.24,-2.0,-0.34,4.41
2025-11-06,002803,16.7,16.53,16.72,16.43,95312,157726851.4,1.74,-0.78,-0.13,3.3
2025-11-07,002803,16.55,16.4,16.59,16.38,77008,126504028.3,1.27,-0.79,-0.13,2.67
2025-11-10,002803,16.47,16.44,16.55,16.39,83626,137508630.9,0.98,0.24,0.04,2.9
2025-11-11,002803,16.47,16.38,16.55,16.28,84484,138457543.7,1.64,-0.36,-0.06,2.93
2025-11-12,002803,16.39,16.32,16.47,16.13,70788,115570298.9,2.08,-0.37,-0.06,2.45
2025-11-13,002803,16.32,16.42,16.42,16.19,65260,106387988.0,1.41,0.61,0.1,2.26
2025-11-14,002803,16.3,16.23,16.41,16.23,78959,128808776.2,1.1,-1.16,-0.19,2.73
2025-11-17,002803,16.2,16.03,16.27,15.94,95454,153079428.7,2.03,-1.23,-0.2,3.31
2025-11-18,002803,16.06,16.25,16.48,15.91,121730,198171723.6,3.56,1.37,0.22,4.22
2025-11-19,002803,16.2,15.77,16.2,15.77,103660,165124548.1,2.65,-2.95,-0.48,3.59
2025-11-20,002803,15.86,15.61,15.96,15.61,66465,104476492.0,2.22,-1.01,-0.16,2.3
2025-11-21,002803,15.6,15.55,15.95,15.3,107694,167910570.9,4.16,-0.38,-0.06,3.73
2025-11-24,002803,15.59,16.07,16.27,15.36,109072,172874877.8,5.85,3.34,0.52,3.78
2025-11-25,002803,16.11,16.52,16.85,16.11,167089,275565715.0,4.6,2.8,0.45,5.79
2025-11-26,002803,16.32,16.49,16.84,16.32,137576,227915763.4,3.15,-0.18,-0.03,4.76
2025-11-27,002803,16.49,16.26,16.58,16.24,89871,147416881.0,2.06,-1.39,-0.23,3.11
2025-11-28,002803,16.23,16.16,16.35,16.05,65433,105782422.0,1.85,-0.62,-0.1,2.27
2025-12-01,002803,15.66,15.88,16.06,15.55,117467,186119719.4,3.16,-1.73,-0.28,4.07
2025-12-02,002803,15.86,16.47,16.64,15.67,176490,287607948.4,6.11,3.72,0.59,6.11
2025-12-03,002803,16.5,16.4,16.85,16.38,131756,218949650.3,2.85,-0.43,-0.07,4.56
2025-12-04,002803,16.4,15.97,16.48,15.92,77967,125182752.0,3.41,-2.62,-0.43,2.7
2025-12-05,002803,16.01,16.45,16.54,15.87,95267,155289624.8,4.2,3.01,0.48,3.3
2025-12-08,002803,16.45,16.78,16.95,16.39,130779,217963857.7,3.4,2.01,0.33,4.53
2025-12-09,002803,16.7,16.88,16.97,16.5,149137,250486222.7,2.8,0.6,0.1,5.16
2025-12-10,002803,16.94,16.81,17.49,16.8,242989,415144555.6,4.09,-0.41,-0.07,8.41
2025-12-11,002803,16.84,16.08,16.89,16.08,162666,264672741.3,4.82,-4.34,-0.73,5.63
2025-12-12,002803,16.02,15.79,16.09,15.78,100771,160362841.5,1.93,-1.8,-0.29,3.49
2025-12-15,002803,15.76,16.11,16.4,15.69,113517,182770705.3,4.5,2.03,0.32,3.93
2025-12-16,002803,15.99,15.62,16.1,15.62,85285,134654890.3,2.98,-3.04,-0.49,2.95
2025-12-17,002803,15.6,15.67,15.74,15.35,68963,107140363.7,2.5,0.32,0.05,2.39
2025-12-18,002803,15.54,15.67,15.96,15.47,65802,103887499.6,3.13,0.0,0.0,2.28
2025-12-19,002803,15.72,16.62,16.81,15.72,173550,284874650.4,6.96,6.06,0.95,6.01
2025-12-22,002803,16.64,16.48,16.69,16.37,95360,157376731.3,1.93,-0.84,-0.14,3.3
2025-12-23,002803,16.49,16.57,16.69,16.33,81593,134906244.2,2.18,0.55,0.09,2.83
2025-12-24,002803,16.57,17.13,17.28,16.45,192986,329990601.5,5.01,3.38,0.56,6.68
2025-12-25,002803,17.42,17.1,17.64,17.0,154614,266377326.2,3.74,-0.18,-0.03,5.35
2025-12-26,002803,16.99,16.72,17.0,16.36,149483,248012939.9,3.74,-2.22,-0.38,5.18
2025-12-29,002803,16.23,16.4,16.5,15.94,129156,209305730.7,3.35,-1.91,-0.32,4.47
2025-12-30,002803,16.39,16.24,16.67,16.23,112334,184214943.2,2.68,-0.98,-0.16,3.89
2025-12-31,002803,16.25,16.39,16.57,16.25,55661,91241343.1,1.97,0.92,0.15,1.93
