日期,股票代码,开盘,收盘,最高,最低,成交量,成交额,振幅,涨跌幅,涨跌额,换手率
2018-09-12,603790,15.81,15.81,15.81,15.81,468,739228.0,0.0,43.99,4.83,0.13
2018-09-13,603790,17.39,17.39,17.39,17.39,117,204019.0,0.0,9.99,1.58,0.03
2018-09-14,603790,19.13,19.13,19.13,19.13,185,353522.0,0.0,10.01,1.74,0.05
2018-09-17,603790,21.04,21.04,21.04,21.04,1828,3847080.0,0.0,9.98,1.91,0.5
2018-09-18,603790,23.14,23.14,23.14,23.14,2150,4974452.0,0.0,9.98,2.1,0.58
2018-09-19,603790,25.45,25.45,25.45,25.45,1349,3434045.0,0.0,9.98,2.31,0.37
2018-09-20,603790,28.0,28.0,28.0,28.0,1201,3362800.0,0.0,10.02,2.55,0.33
2018-09-21,603790,30.8,30.8,30.8,30.8,10451,32188156.0,0.0,10.0,2.8,2.84
2018-09-25,603790,33.0,33.88,33.88,31.88,273962,905618384.0,6.49,10.0,3.08,74.45
2018-09-26,603790,32.78,34.81,34.87,32.35,237818,791675376.0,7.44,2.74,0.93,64.62
2018-09-27,603790,33.9,31.33,33.92,31.33,190514,610540624.0,7.44,-10.0,-3.48,51.77
2018-09-28,603790,31.45,34.46,34.46,31.38,259341,877937232.0,9.83,9.99,3.13,70.47
2018-10-08,603790,33.0,31.6,36.0,31.45,253354,848467616.0,13.2,-8.3,-2.86,68.85
2018-10-09,603790,30.55,31.69,32.17,30.12,187019,582972432.0,6.49,0.28,0.09,50.82
2018-10-10,603790,31.2,33.5,33.56,30.71,201351,645174368.0,8.99,5.71,1.81,54.71
2018-10-11,603790,31.48,31.26,32.78,30.18,172435,541965888.0,7.76,-6.69,-2.24,46.86
2018-10-12,603790,30.81,32.66,34.39,30.77,261003,871130176.0,11.58,4.48,1.4,70.92
2018-10-15,603790,32.19,33.72,33.85,31.03,215197,695838144.0,8.63,3.25,1.06,58.48
2018-10-16,603790,32.01,30.35,32.2,30.35,169772,524707856.0,5.49,-9.99,-3.37,46.13
2018-10-17,603790,29.92,27.85,30.3,27.32,172921,489224928.0,9.82,-8.24,-2.5,46.99
2018-10-18,603790,26.88,25.07,27.06,25.07,135436,350822864.0,7.15,-9.98,-2.78,36.8
2018-10-19,603790,24.52,25.68,26.15,24.5,119411,304284928.0,6.58,2.43,0.61,32.45
2018-10-22,603790,25.55,27.38,27.72,25.36,150313,399590688.0,9.19,6.62,1.7,40.85
2018-10-23,603790,26.91,25.55,27.65,25.3,146873,393273216.0,8.58,-6.68,-1.83,39.91
2018-10-24,603790,25.0,26.67,27.29,24.88,125889,328087568.0,9.43,4.38,1.12,34.21
2018-10-25,603790,25.2,26.9,26.97,25.02,103493,266716045.0,7.31,0.86,0.23,28.12
2018-10-26,603790,26.8,25.89,27.49,25.72,116991,311471072.0,6.58,-3.75,-1.01,31.79
2018-10-29,603790,25.48,25.25,26.39,24.81,81563,209049716.0,6.1,-2.47,-0.64,22.16
2018-10-30,603790,25.34,24.2,25.67,22.73,118439,284596512.0,11.64,-4.16,-1.05,32.18
2018-10-31,603790,24.2,26.62,26.62,24.09,165015,420743728.0,10.45,10.0,2.42,44.84
2018-11-01,603790,26.32,25.76,27.17,25.71,160531,423082672.0,5.48,-3.23,-0.86,43.62
2018-11-02,603790,26.17,26.6,26.98,25.8,142312,376133664.0,4.58,3.26,0.84,38.67
2018-11-05,603790,27.72,28.05,29.26,27.1,232133,654704976.0,8.12,5.45,1.45,63.08
2018-11-06,603790,26.52,25.25,26.56,25.25,162796,417814656.0,4.67,-9.98,-2.8,44.24
2018-11-07,603790,25.0,25.15,25.78,24.81,96208,242798762.0,3.84,-0.4,-0.1,26.14
2018-11-08,603790,25.23,24.96,25.74,24.84,87594,222067143.0,3.58,-0.76,-0.19,23.8
2018-11-09,603790,24.0,24.19,24.65,23.75,83316,201452487.0,3.61,-3.08,-0.77,22.64
2018-11-12,603790,24.2,24.7,24.78,23.84,78276,190797085.0,3.89,2.11,0.51,21.27
2018-11-13,603790,24.01,24.71,24.98,23.97,88278,215637282.0,4.09,0.04,0.01,23.99
2018-11-14,603790,24.69,25.12,25.61,24.47,101831,256494522.0,4.61,1.66,0.41,27.67
2018-11-15,603790,25.07,25.94,25.94,24.56,128668,326458864.0,5.49,3.26,0.82,34.96
2018-11-16,603790,25.8,25.4,26.22,25.4,98366,253289179.0,3.16,-2.08,-0.54,26.73
2018-11-19,603790,25.4,26.63,26.98,25.36,132264,349107392.0,6.38,4.84,1.23,35.94
2018-11-20,603790,26.0,25.38,26.35,25.31,95428,246602626.0,3.91,-4.69,-1.25,25.93
2018-11-21,603790,24.56,24.99,25.18,24.3,63201,156533530.0,3.47,-1.54,-0.39,17.17
2018-11-22,603790,25.17,24.58,25.35,24.5,54678,135987133.0,3.4,-1.64,-0.41,14.86
2018-11-23,603790,24.59,23.8,25.19,23.6,65172,159319722.0,6.47,-3.17,-0.78,17.71
2018-11-26,603790,23.4,23.12,23.97,22.54,58204,134922009.0,6.01,-2.86,-0.68,15.82
2018-11-27,603790,23.29,23.0,23.39,22.61,40256,92547340.0,3.37,-0.52,-0.12,10.94
2018-11-28,603790,22.99,23.08,23.19,22.3,43444,99123803.0,3.87,0.35,0.08,11.81
2018-11-29,603790,23.15,21.46,23.19,21.4,58199,129960672.0,7.76,-7.02,-1.62,15.82
2018-11-30,603790,21.35,21.61,21.88,20.65,49524,106046943.0,5.73,0.7,0.15,13.46
2018-12-03,603790,22.2,22.4,22.79,21.6,60545,134926170.0,5.51,3.66,0.79,16.45
2018-12-04,603790,22.22,22.25,22.38,21.82,40985,90605440.0,2.5,-0.67,-0.15,11.14
2018-12-05,603790,21.23,21.67,21.88,21.23,36122,78068609.0,2.92,-2.61,-0.58,9.82
2018-12-06,603790,21.63,21.78,22.27,21.53,37294,81704044.0,3.41,0.51,0.11,10.13
2018-12-07,603790,21.82,21.46,22.15,21.38,25592,55279842.0,3.54,-1.47,-0.32,6.95
2018-12-10,603790,21.39,20.88,21.45,20.78,24207,50861621.0,3.12,-2.7,-0.58,6.58
2018-12-11,603790,21.07,21.66,21.75,20.74,42379,90455278.0,4.84,3.74,0.78,11.52
2018-12-12,603790,21.6,21.83,22.35,21.6,53387,117540969.0,3.46,0.78,0.17,14.51
2018-12-13,603790,21.84,21.68,22.0,21.3,41212,89285846.0,3.21,-0.69,-0.15,11.2
2018-12-14,603790,21.54,23.47,23.85,21.49,125925,289929008.0,10.89,8.26,1.79,34.22
2018-12-17,603790,22.78,23.7,23.8,22.51,121560,282159952.0,5.5,0.98,0.23,33.03
2018-12-18,603790,22.88,22.68,23.24,22.41,75690,172597672.0,3.5,-4.3,-1.02,20.57
2018-12-19,603790,22.53,22.5,23.06,22.22,54897,124289870.0,3.7,-0.79,-0.18,14.92
2018-12-20,603790,22.31,23.17,23.6,22.22,81665,187837335.0,6.13,2.98,0.67,22.19
2018-12-21,603790,22.99,22.9,23.0,22.4,56313,128082250.0,2.59,-1.17,-0.27,15.3
2018-12-24,603790,22.89,23.58,23.98,22.7,84218,197151888.0,5.59,2.97,0.68,22.89
2018-12-25,603790,23.18,22.86,23.22,22.03,71116,161255069.0,5.05,-3.05,-0.72,19.33
2018-12-26,603790,22.9,22.8,23.36,22.71,55990,128927176.0,2.84,-0.26,-0.06,15.21
2018-12-27,603790,23.2,22.38,23.59,22.35,72039,166794431.0,5.44,-1.84,-0.42,19.58
2018-12-28,603790,22.18,21.17,22.38,20.85,76456,164477900.0,6.84,-5.41,-1.21,20.78
2019-01-02,603790,21.2,21.11,21.49,20.83,34573,73097569.0,3.12,-0.28,-0.06,9.39
2019-01-03,603790,21.0,20.12,21.29,20.05,42602,88341494.0,5.87,-4.69,-0.99,11.58
2019-01-04,603790,19.8,20.58,20.65,19.79,38159,77545678.0,4.27,2.29,0.46,10.37
2019-01-07,603790,20.68,20.76,20.95,20.51,36447,75611434.0,2.14,0.87,0.18,9.9
2019-01-08,603790,20.74,20.55,20.93,20.47,32602,67493763.0,2.22,-1.01,-0.21,8.86
2019-01-09,603790,20.59,20.74,21.35,20.57,51788,108308548.0,3.8,0.92,0.19,14.07
2019-01-10,603790,20.76,20.95,21.2,20.53,42028,87525734.0,3.23,1.01,0.21,11.42
2019-01-11,603790,20.99,21.92,22.39,20.91,89823,194248077.0,7.06,4.63,0.97,24.41
2019-01-14,603790,22.95,21.62,22.95,21.18,77750,170657218.0,8.07,-1.37,-0.3,21.13
2019-01-15,603790,21.38,21.65,21.77,21.1,46632,100073155.0,3.1,0.14,0.03,12.67
2019-01-16,603790,21.86,21.79,22.25,21.74,53004,116362860.0,2.36,0.65,0.14,14.4
2019-01-17,603790,21.66,21.23,21.79,21.1,41427,88514411.0,3.17,-2.57,-0.56,11.26
2019-01-18,603790,21.35,23.35,23.35,21.3,94118,215032846.0,9.66,9.99,2.12,25.58
2019-01-21,603790,23.98,22.8,23.98,22.25,137362,315617568.0,7.41,-2.36,-0.55,37.33
2019-01-22,603790,22.53,23.75,24.39,22.51,138623,325579840.0,8.25,4.17,0.95,37.67
2019-01-23,603790,23.33,23.75,23.94,23.1,94161,221152878.0,3.54,0.0,0.0,25.59
2019-01-24,603790,23.64,23.57,24.7,23.4,112484,270275200.0,5.47,-0.76,-0.18,30.57
2019-01-25,603790,22.79,22.22,23.3,21.81,79283,177825487.0,6.32,-5.73,-1.35,21.54
2019-01-28,603790,22.5,22.01,22.57,21.88,40615,90019837.0,3.11,-0.95,-0.21,11.04
2019-01-29,603790,21.75,20.74,21.94,20.22,57705,120414611.0,7.81,-5.77,-1.27,15.68
2019-01-30,603790,20.68,20.12,21.12,20.01,37241,76594033.0,5.35,-2.99,-0.62,10.12
2019-01-31,603790,20.12,19.37,20.39,19.2,43539,85922460.0,5.91,-3.73,-0.75,11.83
2019-02-01,603790,19.67,19.99,20.04,19.49,24130,47730860.0,2.84,3.2,0.62,6.56
2019-02-11,603790,20.06,20.6,20.66,20.0,28415,57974329.0,3.3,3.05,0.61,7.72
2019-02-12,603790,20.6,21.05,21.12,20.38,46952,97811803.0,3.59,2.18,0.45,12.76
2019-02-13,603790,21.09,21.17,21.28,20.76,49055,103202312.0,2.47,0.57,0.12,13.33
2019-02-14,603790,21.06,21.22,21.5,20.91,38305,81247435.0,2.79,0.24,0.05,10.41
2019-02-15,603790,21.1,21.11,21.35,21.07,33498,70956890.0,1.32,-0.52,-0.11,9.1
2019-02-18,603790,21.22,21.8,21.85,21.12,45227,97226735.0,3.46,3.27,0.69,12.29
2019-02-19,603790,21.8,21.51,21.9,21.28,45029,97126327.0,2.84,-1.33,-0.29,12.24
2019-02-20,603790,21.53,21.6,21.6,21.12,33585,71827762.0,2.23,0.42,0.09,9.13
2019-02-21,603790,21.48,21.28,21.84,21.12,54100,116185309.0,3.33,-1.48,-0.32,14.7
2019-02-22,603790,21.26,21.64,21.67,21.07,46486,99520109.0,2.82,1.69,0.36,12.63
2019-02-25,603790,21.69,22.73,22.84,21.6,77718,172783449.0,5.73,5.04,1.09,21.12
2019-02-26,603790,22.73,22.6,23.9,22.32,96388,222402965.0,6.95,-0.57,-0.13,26.19
2019-02-27,603790,22.48,22.45,23.18,22.2,63668,144207658.0,4.34,-0.66,-0.15,17.3
2019-02-28,603790,22.55,23.2,23.39,22.49,69758,160863579.0,4.01,3.34,0.75,18.96
2019-03-01,603790,23.12,23.0,23.15,22.77,43504,99765663.0,1.64,-0.86,-0.2,11.82
2019-03-04,603790,23.0,23.29,23.8,22.88,76490,177749759.0,4.0,1.26,0.29,20.79
2019-03-05,603790,23.11,23.27,23.3,22.91,54158,124952585.0,1.67,-0.09,-0.02,14.72
2019-03-06,603790,23.51,23.78,24.17,23.12,84605,200529335.0,4.51,2.19,0.51,22.99
2019-03-07,603790,23.43,24.4,25.33,23.27,115435,280455648.0,8.66,2.61,0.62,31.37
2019-03-08,603790,23.66,22.53,24.0,22.5,79024,184332936.0,6.15,-7.66,-1.87,21.47
2019-03-11,603790,22.64,23.27,23.35,22.57,44050,101306033.0,3.46,3.28,0.74,11.97
2019-03-12,603790,23.46,23.73,24.66,23.3,70953,169218558.0,5.84,1.98,0.46,19.28
2019-03-13,603790,23.79,23.48,24.47,23.2,61255,146013858.0,5.35,-1.05,-0.25,16.65
2019-03-14,603790,23.21,22.58,23.39,22.2,48548,110312276.0,5.07,-3.83,-0.9,13.19
2019-03-15,603790,22.69,22.9,23.09,22.62,32999,75404194.0,2.08,1.42,0.32,8.97
2019-03-18,603790,23.04,24.45,24.6,22.86,91881,220946993.0,7.6,6.77,1.55,24.97
2019-03-19,603790,24.55,24.25,24.71,23.94,62920,152362263.0,3.15,-0.82,-0.2,17.1
2019-03-20,603790,24.4,24.09,24.45,23.5,48541,116388390.0,3.92,-0.66,-0.16,13.19
2019-03-21,603790,24.15,23.89,24.15,23.8,45489,109200944.0,1.45,-0.83,-0.2,12.36
2019-03-22,603790,24.5,24.38,25.36,24.2,92085,227546910.0,4.86,2.05,0.49,25.02
2019-03-25,603790,23.55,23.66,24.18,23.54,52978,126114361.0,2.63,-2.95,-0.72,14.4
2019-03-26,603790,23.92,23.18,24.28,23.0,48805,115620612.0,5.41,-2.03,-0.48,13.26
2019-03-27,603790,23.26,25.5,25.5,22.9,103069,253589741.0,11.22,10.01,2.32,28.01
2019-03-28,603790,25.7,25.72,27.98,25.59,193362,512513776.0,9.37,0.86,0.22,52.54
2019-03-29,603790,26.19,26.0,26.86,24.83,137797,358089232.0,7.89,1.09,0.28,37.44
2019-04-01,603790,26.12,27.44,27.5,25.62,144267,386773472.0,7.23,5.54,1.44,39.2
2019-04-02,603790,27.84,28.43,29.88,27.15,154283,436401136.0,9.95,3.61,0.99,41.92
2019-04-03,603790,27.5,27.32,27.8,27.02,97997,267325909.0,2.74,-3.9,-1.11,26.63
2019-04-04,603790,27.61,26.96,28.27,26.86,85459,234925607.0,5.16,-1.32,-0.36,23.22
2019-04-08,603790,29.0,28.35,29.63,27.75,131039,373974304.0,6.97,5.16,1.39,35.61
2019-04-09,603790,27.55,26.71,27.55,25.88,90605,241211145.0,5.89,-5.78,-1.64,24.62
2019-04-10,603790,26.31,26.05,26.68,25.57,57033,148816465.0,4.16,-2.47,-0.66,15.5
2019-04-11,603790,25.87,25.31,25.96,25.3,43733,111935236.0,2.53,-2.84,-0.74,11.88
2019-04-12,603790,25.28,25.55,25.61,25.22,23937,60846412.0,1.54,0.95,0.24,6.5
2019-04-15,603790,25.72,25.06,26.12,25.0,30359,77922580.0,4.38,-1.92,-0.49,8.25
2019-04-16,603790,24.73,25.54,25.58,24.73,29776,75008675.0,3.39,1.92,0.48,8.09
2019-04-17,603790,25.4,25.93,26.36,25.34,44860,116021996.0,3.99,1.53,0.39,12.19
2019-04-18,603790,25.72,25.56,26.08,25.49,33636,86625727.0,2.28,-1.43,-0.37,9.14
2019-04-19,603790,25.78,25.36,25.94,25.13,34795,88397944.0,3.17,-0.78,-0.2,9.46
2019-04-22,603790,25.37,24.7,25.58,24.55,27310,68906594.0,4.06,-2.6,-0.66,7.42
2019-04-23,603790,24.6,23.78,24.78,23.7,34623,83533086.0,4.37,-3.72,-0.92,9.41
2019-04-24,603790,24.0,24.25,24.33,23.71,20646,49544501.0,2.61,1.98,0.47,5.61
2019-04-25,603790,24.2,23.86,24.69,23.81,25995,63166337.0,3.63,-1.61,-0.39,7.06
2019-04-26,603790,24.25,24.47,24.99,24.06,38824,95699145.0,3.9,2.56,0.61,10.55
2019-04-29,603790,24.25,24.88,25.42,24.25,50585,126643532.0,4.78,1.68,0.41,13.75
2019-04-30,603790,24.85,25.28,25.3,24.3,40431,100830057.0,4.02,1.61,0.4,10.99
2019-05-06,603790,24.47,26.0,26.5,24.0,87220,222332727.0,9.89,2.85,0.72,23.7
2019-05-07,603790,25.51,27.32,27.35,25.45,108016,285671424.0,7.31,5.08,1.32,29.35
2019-05-08,603790,26.51,25.7,26.95,25.61,79558,210067250.0,4.9,-5.93,-1.62,21.62
2019-05-09,603790,25.05,23.13,25.06,23.13,69394,165419108.0,7.51,-10.0,-2.57,18.86
2019-05-10,603790,23.13,23.46,23.65,22.01,50297,116589723.0,7.09,1.43,0.33,13.67
2019-05-13,603790,23.0,23.5,23.57,22.79,27721,64717533.0,3.32,0.17,0.04,7.53
2019-05-14,603790,23.08,23.36,23.98,23.01,23941,56473927.0,4.13,-0.6,-0.14,6.51
2019-05-15,603790,23.59,23.67,23.98,23.32,30542,72220332.0,2.83,1.33,0.31,8.3
2019-05-16,603790,23.56,23.67,23.83,23.31,29585,69478519.0,2.2,0.0,0.0,8.04
2019-05-17,603790,23.7,22.04,23.75,22.01,39265,89879610.0,7.35,-6.89,-1.63,10.67
2019-05-20,603790,21.8,22.0,22.17,21.38,23972,52073678.0,3.58,-0.18,-0.04,6.51
2019-05-21,603790,21.88,22.13,22.38,21.83,21417,47407575.0,2.5,0.59,0.13,5.82
2019-05-22,603790,22.14,22.19,22.24,21.84,16304,35868821.0,1.81,0.27,0.06,4.43
2019-05-23,603790,22.17,22.33,22.77,21.88,24949,55804069.0,4.01,0.63,0.14,6.78
2019-05-24,603790,22.22,22.8,22.97,22.21,27404,62070803.0,3.4,2.1,0.47,7.45
2019-05-27,603790,23.2,23.71,23.79,22.56,39996,93071221.0,5.39,3.99,0.91,10.87
2019-05-28,603790,23.4,24.37,25.4,23.4,57701,140780719.0,8.44,2.78,0.66,15.68
2019-05-29,603790,19.55,19.24,20.37,18.81,103793,204347045.0,6.4,-21.05,-5.13,21.7
2019-05-30,603790,18.3,17.55,18.45,17.32,105927,187120044.0,5.87,-8.78,-1.69,22.14
2019-05-31,603790,17.4,18.57,18.95,17.03,108962,197760754.0,10.94,5.81,1.02,22.78
2019-06-03,603790,18.2,17.41,18.35,17.3,72583,128893553.0,5.65,-6.25,-1.16,15.17
2019-06-04,603790,17.33,16.42,17.45,16.42,57571,96400923.0,5.92,-5.69,-0.99,12.03
2019-06-05,603790,16.7,16.56,16.8,16.39,33326,55147323.0,2.5,0.85,0.14,6.97
2019-06-06,603790,16.56,15.94,16.61,15.88,31234,50651294.0,4.41,-3.74,-0.62,6.53
2019-06-10,603790,15.96,16.43,16.43,15.96,27584,44877764.0,2.95,3.07,0.49,5.77
2019-06-11,603790,16.43,16.89,16.93,16.31,37397,62501925.0,3.77,2.8,0.46,7.82
2019-06-12,603790,16.78,16.52,16.89,16.51,32389,53964803.0,2.25,-2.19,-0.37,6.77
2019-06-13,603790,16.53,16.64,16.77,16.31,26005,42994111.0,2.78,0.73,0.12,5.44
2019-06-14,603790,16.59,15.99,16.69,15.95,27843,45290614.0,4.45,-3.91,-0.65,5.82
2019-06-17,603790,15.95,16.25,16.33,15.95,13497,21867259.0,2.38,1.63,0.26,2.82
2019-06-18,603790,16.4,17.05,17.09,16.21,63941,107707301.0,5.42,4.92,0.8,13.37
2019-06-19,603790,17.17,16.97,17.29,16.7,63670,107817489.0,3.46,-0.47,-0.08,13.31
2019-06-20,603790,16.75,16.86,17.03,16.62,40402,68064936.0,2.42,-0.65,-0.11,8.45
2019-06-21,603790,16.89,17.04,17.09,16.85,40080,68110065.0,1.42,1.07,0.18,8.38
2019-06-24,603790,16.98,16.79,17.12,16.74,23207,39096979.0,2.23,-1.47,-0.25,4.85
2019-06-25,603790,16.79,16.52,16.85,16.22,31457,51697917.0,3.75,-1.61,-0.27,6.58
2019-06-26,603790,16.49,16.57,16.66,16.37,14164,23450713.0,1.76,0.3,0.05,2.96
2019-06-27,603790,16.7,16.79,16.95,16.61,27672,46507806.0,2.05,1.33,0.22,5.78
2019-06-28,603790,16.72,16.95,16.95,16.35,28467,47451430.0,3.57,0.95,0.16,5.95
2019-07-01,603790,17.24,17.2,17.4,17.02,58242,100169877.0,2.24,1.47,0.25,12.17
2019-07-02,603790,17.09,16.95,17.16,16.87,30570,52010514.0,1.69,-1.45,-0.25,6.39
2019-07-03,603790,16.96,16.63,16.96,16.6,21977,36756269.0,2.12,-1.89,-0.32,4.59
2019-07-04,603790,16.67,16.87,16.89,16.58,23562,39396317.0,1.86,1.44,0.24,4.93
2019-07-05,603790,16.8,16.89,16.96,16.63,19106,32141327.0,1.96,0.12,0.02,3.99
2019-07-08,603790,16.72,16.14,16.82,16.11,24941,40669210.0,4.2,-4.44,-0.75,5.21
2019-07-09,603790,16.16,16.27,16.29,16.02,12167,19690021.0,1.67,0.81,0.13,2.54
2019-07-10,603790,16.27,15.97,16.29,15.86,22108,35518025.0,2.64,-1.84,-0.3,4.62
2019-07-11,603790,16.03,16.07,16.23,15.93,15742,25329220.0,1.88,0.63,0.1,3.29
2019-07-12,603790,16.09,16.29,16.44,16.07,20230,32966138.0,2.3,1.37,0.22,4.23
2019-07-15,603790,16.11,16.47,16.48,15.92,22998,37529850.0,3.44,1.1,0.18,4.81
2019-07-16,603790,16.35,16.54,16.57,16.35,16964,27938015.0,1.34,0.43,0.07,3.55
2019-07-17,603790,16.54,16.85,17.08,16.39,35763,59944401.0,4.17,1.87,0.31,7.48
2019-07-18,603790,16.72,16.21,16.75,16.1,26851,43977500.0,3.86,-3.8,-0.64,5.61
2019-07-19,603790,16.23,16.24,16.46,16.2,14777,24132228.0,1.6,0.19,0.03,3.09
2019-07-22,603790,16.13,15.7,16.37,15.7,19889,31621842.0,4.13,-3.33,-0.54,4.16
2019-07-23,603790,15.8,15.83,15.93,15.7,9037,14273314.0,1.46,0.83,0.13,1.89
2019-07-24,603790,15.9,16.44,16.44,15.83,26393,42754380.0,3.85,3.85,0.61,5.52
2019-07-25,603790,16.48,17.15,17.72,16.32,86792,148682559.0,8.52,4.32,0.71,18.14
2019-07-26,603790,17.06,17.25,17.7,16.81,87312,151648415.0,5.19,0.58,0.1,18.25
2019-07-29,603790,17.26,18.19,18.97,16.86,152791,274015536.0,12.23,5.45,0.94,31.94
2019-07-30,603790,17.99,17.77,18.4,17.72,103767,186707622.0,3.74,-2.31,-0.42,21.69
2019-07-31,603790,17.92,17.45,18.08,17.3,62292,109999551.0,4.39,-1.8,-0.32,13.02
2019-08-01,603790,17.45,17.28,17.47,17.05,53671,92307066.0,2.41,-0.97,-0.17,11.22
2019-08-02,603790,16.77,16.41,16.9,16.15,60201,99515022.0,4.34,-5.03,-0.87,12.58
2019-08-05,603790,16.24,16.27,16.47,16.14,26109,42552601.0,2.01,-0.85,-0.14,5.46
2019-08-06,603790,16.01,15.86,16.01,15.31,37717,59499297.0,4.3,-2.52,-0.41,7.88
2019-08-07,603790,16.0,15.66,16.03,15.64,20515,32473192.0,2.46,-1.26,-0.2,4.29
2019-08-08,603790,15.69,15.84,16.02,15.69,24910,39589144.0,2.11,1.15,0.18,5.21
2019-08-09,603790,15.95,15.84,16.24,15.74,25215,40258278.0,3.16,0.0,0.0,5.27
2019-08-12,603790,15.86,16.03,16.09,15.74,18354,29212372.0,2.21,1.2,0.19,3.84
2019-08-13,603790,15.87,15.83,15.96,15.55,20746,32713851.0,2.56,-1.25,-0.2,4.34
2019-08-14,603790,15.97,16.23,16.37,15.97,36199,58586927.0,2.53,2.53,0.4,7.57
2019-08-15,603790,15.88,16.37,16.48,15.77,34282,55482836.0,4.37,0.86,0.14,7.17
2019-08-16,603790,16.06,15.92,16.15,15.78,47310,75540788.0,2.26,-2.75,-0.45,9.89
2019-08-19,603790,15.99,16.24,16.29,15.83,41151,66106093.0,2.89,2.01,0.32,8.6
2019-08-20,603790,16.19,16.48,16.8,16.1,50797,83536305.0,4.31,1.48,0.24,10.62
2019-08-21,603790,16.35,16.32,16.5,16.23,27172,44351481.0,1.64,-0.97,-0.16,5.68
2019-08-22,603790,16.3,16.45,16.67,16.11,30954,50667475.0,3.43,0.8,0.13,6.47
2019-08-23,603790,16.36,16.18,16.4,16.18,19946,32444658.0,1.34,-1.64,-0.27,4.17
2019-08-26,603790,15.78,15.8,15.86,15.6,20862,32919077.0,1.61,-2.35,-0.38,4.36
2019-08-27,603790,15.9,15.95,16.15,15.87,19645,31397898.0,1.77,0.95,0.15,4.11
2019-08-28,603790,15.93,15.98,16.04,15.9,15475,24704046.0,0.88,0.19,0.03,3.23
2019-08-29,603790,15.98,15.8,16.0,15.79,19177,30417426.0,1.31,-1.13,-0.18,4.01
2019-08-30,603790,15.9,15.5,15.95,15.5,20460,32110772.0,2.85,-1.9,-0.3,4.28
2019-09-02,603790,15.51,15.81,15.87,15.5,14317,22550901.0,2.39,2.0,0.31,2.99
2019-09-03,603790,15.84,15.9,15.95,15.72,19328,30616105.0,1.45,0.57,0.09,4.04
2019-09-04,603790,15.93,15.95,16.03,15.83,19144,30492567.0,1.26,0.31,0.05,4.0
2019-09-05,603790,15.98,15.99,16.21,15.93,32851,52799210.0,1.76,0.25,0.04,6.87
2019-09-06,603790,15.98,16.14,16.16,15.92,24917,39935714.0,1.5,0.94,0.15,5.21
2019-09-09,603790,16.2,16.29,16.34,16.02,40970,66465143.0,1.98,0.93,0.15,8.56
2019-09-10,603790,16.29,16.21,16.3,16.07,25372,41059255.0,1.41,-0.49,-0.08,5.3
2019-09-11,603790,16.23,16.44,16.53,16.15,44821,73350111.0,2.34,1.42,0.23,9.37
2019-09-12,603790,16.46,16.27,16.51,16.15,29775,48402066.0,2.19,-1.03,-0.17,4.84
2019-09-16,603790,16.29,16.31,16.43,16.19,25592,41754306.0,1.48,0.25,0.04,4.16
2019-09-17,603790,16.41,16.87,17.2,16.35,110078,185546294.0,5.21,3.43,0.56,17.88
2019-09-18,603790,16.66,17.15,17.15,16.64,74187,125354034.0,3.02,1.66,0.28,12.05
2019-09-19,603790,17.15,16.92,17.16,16.83,44722,75673219.0,1.92,-1.34,-0.23,7.26
2019-09-20,603790,16.83,16.68,16.98,16.53,43943,73153303.0,2.66,-1.42,-0.24,7.14
2019-09-23,603790,16.65,16.42,16.65,16.26,22613,36990039.0,2.34,-1.56,-0.26,3.67
2019-09-24,603790,16.42,16.35,16.56,16.3,21670,35631653.0,1.58,-0.43,-0.07,3.52
2019-09-25,603790,16.23,15.88,16.3,15.81,28584,45801637.0,3.0,-2.87,-0.47,4.64
2019-09-26,603790,15.88,15.86,16.03,15.83,20245,32191958.0,1.26,-0.13,-0.02,3.29
2019-09-27,603790,15.81,15.91,16.09,15.81,12329,19658195.0,1.77,0.32,0.05,2.0
2019-09-30,603790,15.96,15.9,16.05,15.85,11293,18023120.0,1.26,-0.06,-0.01,1.83
2019-10-08,603790,15.96,15.67,15.99,15.51,12270,19448718.0,3.02,-1.45,-0.23,1.99
2019-10-09,603790,15.66,15.83,15.83,15.57,11760,18480384.0,1.66,1.02,0.16,1.91
2019-10-10,603790,15.76,15.96,15.96,15.73,11329,18005861.0,1.45,0.82,0.13,1.84
2019-10-11,603790,15.98,15.9,16.04,15.77,11594,18413839.0,1.69,-0.38,-0.06,1.88
2019-10-14,603790,15.96,16.11,16.17,15.9,18027,28968749.0,1.7,1.32,0.21,2.93
2019-10-15,603790,16.07,15.84,16.09,15.6,13150,20871469.0,3.04,-1.68,-0.27,2.14
2019-10-16,603790,15.85,16.08,16.29,15.77,22661,36308629.0,3.28,1.52,0.24,3.68
2019-10-17,603790,16.03,15.96,16.27,15.93,19266,31001538.0,2.11,-0.75,-0.12,3.13
2019-10-18,603790,15.91,15.64,16.0,15.61,19534,30792912.0,2.44,-2.01,-0.32,3.17
2019-10-21,603790,15.6,15.55,15.6,15.27,13567,20951996.0,2.11,-0.58,-0.09,2.2
2019-10-22,603790,15.5,15.66,15.66,15.43,8859,13778234.0,1.48,0.71,0.11,1.44
2019-10-23,603790,15.65,15.47,15.66,15.43,8878,13795277.0,1.47,-1.21,-0.19,1.44
2019-10-24,603790,15.52,15.58,15.61,15.4,11014,17092668.0,1.36,0.71,0.11,1.79
2019-10-25,603790,15.3,16.09,16.15,15.3,44659,71165098.0,5.46,3.27,0.51,7.25
2019-10-28,603790,16.0,16.37,16.38,15.91,29765,48446637.0,2.92,1.74,0.28,4.83
2019-10-29,603790,16.36,16.66,17.2,16.21,76061,127353005.0,6.05,1.77,0.29,12.35
2019-10-30,603790,16.68,16.89,17.23,16.4,92445,156320056.0,4.98,1.38,0.23,15.01
2019-10-31,603790,16.86,16.58,17.16,16.57,57828,97522003.0,3.49,-1.84,-0.31,9.39
2019-11-01,603790,16.51,16.75,16.95,16.2,64547,107893272.0,4.52,1.03,0.17,10.48
2019-11-04,603790,16.62,16.62,16.97,16.62,47928,80383434.0,2.09,-0.78,-0.13,7.78
2019-11-05,603790,16.68,16.89,17.11,16.41,79086,132858364.0,4.21,1.62,0.27,12.84
2019-11-06,603790,16.8,16.65,16.95,16.64,43081,72255129.0,1.84,-1.42,-0.24,7.0
2019-11-07,603790,16.7,16.85,17.12,16.53,80369,135417134.0,3.54,1.2,0.2,13.05
2019-11-08,603790,16.88,16.77,17.0,16.7,78196,131866386.0,1.78,-0.47,-0.08,12.7
2019-11-11,603790,16.6,17.15,17.15,16.32,110651,186827729.0,4.95,2.27,0.38,17.97
2019-11-12,603790,17.08,17.47,17.5,16.77,128622,221460835.0,4.26,1.87,0.32,20.89
2019-11-13,603790,17.34,16.89,17.45,16.89,79609,136798836.0,3.21,-3.32,-0.58,12.93
2019-11-14,603790,16.88,16.96,17.38,16.77,85493,146420267.0,3.61,0.41,0.07,13.88
2019-11-15,603790,16.9,17.25,17.36,16.56,105867,180556437.0,4.72,1.71,0.29,17.19
2019-11-18,603790,17.2,17.91,18.0,17.13,136075,240274011.0,5.04,3.83,0.66,22.1
2019-11-19,603790,17.85,17.77,17.99,17.6,98581,175146485.0,2.18,-0.78,-0.14,16.01
2019-11-20,603790,17.68,17.51,17.95,17.26,85483,150539040.0,3.88,-1.46,-0.26,13.88
2019-11-21,603790,17.5,17.32,17.72,17.27,58290,102004312.0,2.57,-1.09,-0.19,9.47
2019-11-22,603790,17.3,16.56,17.52,16.35,93034,157510819.0,6.76,-4.39,-0.76,15.11
2019-11-25,603790,16.32,15.86,16.47,15.53,50854,80471567.0,5.68,-4.23,-0.7,8.26
2019-11-26,603790,16.0,16.34,16.48,15.7,55557,90140540.0,4.92,3.03,0.48,9.02
2019-11-27,603790,16.38,16.43,16.67,16.16,52484,86575643.0,3.12,0.55,0.09,8.52
2019-11-28,603790,16.48,17.31,18.07,16.38,109743,187106893.0,10.29,5.36,0.88,17.82
2019-11-29,603790,17.0,16.8,17.27,16.73,62040,104982289.0,3.12,-2.95,-0.51,10.07
2019-12-02,603790,16.76,16.5,16.86,16.49,29294,48672256.0,2.2,-1.79,-0.3,4.76
2019-12-03,603790,16.4,16.26,16.4,15.91,30261,48874582.0,2.97,-1.45,-0.24,4.91
2019-12-04,603790,16.16,16.16,16.35,16.06,18621,30133464.0,1.78,-0.62,-0.1,3.02
2019-12-05,603790,16.25,16.23,16.29,16.12,21001,34000891.0,1.05,0.43,0.07,3.41
2019-12-06,603790,16.23,16.14,16.29,16.08,21107,34095852.0,1.29,-0.55,-0.09,3.43
2019-12-09,603790,16.19,16.3,16.32,16.02,23144,37412891.0,1.86,0.99,0.16,3.76
2019-12-10,603790,16.22,16.17,16.37,16.12,20300,32886424.0,1.53,-0.8,-0.13,3.3
2019-12-11,603790,16.13,15.78,16.18,15.76,30985,49325278.0,2.6,-2.41,-0.39,5.03
2019-12-12,603790,15.73,15.76,15.93,15.73,14348,22726846.0,1.27,-0.13,-0.02,2.33
2019-12-13,603790,15.87,15.93,16.0,15.77,15258,24257340.0,1.46,1.08,0.17,2.48
2019-12-16,603790,16.01,16.05,16.09,15.88,23446,37465615.0,1.32,0.75,0.12,3.81
2019-12-17,603790,16.06,16.2,16.29,15.97,29032,46856213.0,1.99,0.93,0.15,4.71
2019-12-18,603790,16.2,16.12,16.33,16.12,23349,37835461.0,1.3,-0.49,-0.08,3.79
2019-12-19,603790,16.1,16.29,16.33,16.05,23737,38484681.0,1.74,1.05,0.17,3.85
2019-12-20,603790,16.33,15.97,16.34,15.97,23248,37574397.0,2.27,-1.96,-0.32,3.78
2019-12-23,603790,15.99,15.64,16.03,15.57,22147,34943446.0,2.88,-2.07,-0.33,3.6
2019-12-24,603790,15.7,15.84,15.9,15.61,14024,22116936.0,1.85,1.28,0.2,2.28
2019-12-25,603790,15.83,15.88,15.95,15.72,10561,16742311.0,1.45,0.25,0.04,1.71
2019-12-26,603790,15.9,16.15,16.17,15.8,19770,31667973.0,2.33,1.7,0.27,3.21
2019-12-27,603790,16.17,15.88,16.22,15.87,18944,30418353.0,2.17,-1.67,-0.27,3.08
2019-12-30,603790,15.77,15.99,16.01,15.62,16337,25890093.0,2.46,0.69,0.11,2.65
2019-12-31,603790,15.91,15.99,16.05,15.89,14397,23010907.0,1.0,0.0,0.0,2.34
2020-01-02,603790,16.1,16.24,16.25,16.02,27784,44957309.0,1.44,1.56,0.25,4.51
2020-01-03,603790,16.29,16.42,16.49,16.13,36319,59276751.0,2.22,1.11,0.18,5.9
2020-01-06,603790,16.29,16.33,16.45,16.21,25186,41182657.0,1.46,-0.55,-0.09,4.09
2020-01-07,603790,16.32,16.51,16.58,16.3,20747,34132770.0,1.71,1.1,0.18,3.37
2020-01-08,603790,16.51,16.02,16.51,16.02,29241,47467522.0,2.97,-2.97,-0.49,4.75
2020-01-09,603790,16.12,16.23,16.26,16.08,21668,35042908.0,1.12,1.31,0.21,3.52
2020-01-10,603790,16.25,16.29,16.43,16.2,18844,30727637.0,1.42,0.37,0.06,3.06
2020-01-13,603790,16.29,16.76,16.86,16.21,47860,79667990.0,3.99,2.89,0.47,7.77
2020-01-14,603790,16.81,16.79,16.85,16.61,38060,63686130.0,1.43,0.18,0.03,6.18
2020-01-15,603790,16.77,16.81,16.95,16.59,36817,61819874.0,2.14,0.12,0.02,5.98
2020-01-16,603790,16.82,16.74,17.1,16.69,57736,97349353.0,2.44,-0.42,-0.07,9.38
2020-01-17,603790,16.7,16.5,16.83,16.5,42834,71042223.0,1.97,-1.43,-0.24,6.96
2020-01-20,603790,16.48,16.46,16.48,16.29,25609,41944889.0,1.15,-0.24,-0.04,4.16
2020-01-21,603790,16.4,16.12,16.45,16.12,23623,38448506.0,2.0,-2.07,-0.34,3.84
2020-01-22,603790,15.86,16.1,16.21,15.82,20301,32460093.0,2.42,-0.12,-0.02,3.3
2020-01-23,603790,16.01,15.82,16.2,15.66,24655,39103318.0,3.35,-1.74,-0.28,4.0
2020-02-03,603790,14.24,14.24,14.24,14.24,6251,8901424.0,0.0,-9.99,-1.58,1.02
2020-02-04,603790,12.82,13.35,13.69,12.82,36042,48170853.0,6.11,-6.25,-0.89,5.85
2020-02-05,603790,13.48,13.5,13.79,13.33,23822,32348893.0,3.45,1.12,0.15,3.87
2020-02-06,603790,13.56,13.67,13.76,13.41,25250,34325813.0,2.59,1.26,0.17,4.1
2020-02-07,603790,13.67,13.79,13.8,13.52,25040,34159326.0,2.05,0.88,0.12,4.07
2020-02-10,603790,13.71,14.04,14.13,13.64,25609,35610263.0,3.55,1.81,0.25,4.16
2020-02-11,603790,14.06,14.12,14.38,13.97,25610,36382664.0,2.92,0.57,0.08,4.16
2020-02-12,603790,14.12,14.23,14.31,14.08,17285,24534045.0,1.63,0.78,0.11,2.81
2020-02-13,603790,14.3,13.93,14.3,13.88,26110,36743587.0,2.95,-2.11,-0.3,4.24
2020-02-14,603790,13.88,13.82,13.97,13.62,29289,40300454.0,2.51,-0.79,-0.11,4.76
2020-02-17,603790,13.74,14.16,14.2,13.66,32259,45270536.0,3.91,2.46,0.34,5.24
2020-02-18,603790,14.19,14.46,14.49,14.11,31635,45420971.0,2.68,2.12,0.3,5.14
2020-02-19,603790,14.35,14.39,14.59,14.3,27898,40294563.0,2.01,-0.48,-0.07,4.53
2020-02-20,603790,14.41,14.59,14.6,14.28,33901,49138345.0,2.22,1.39,0.2,5.51
2020-02-21,603790,14.65,14.51,14.69,14.47,34493,50209248.0,1.51,-0.55,-0.08,5.6
2020-02-24,603790,14.39,14.44,14.48,14.28,34476,49588005.0,1.38,-0.48,-0.07,5.6
2020-02-25,603790,14.02,14.02,14.16,13.66,44571,62200837.0,3.46,-2.91,-0.42,7.24
2020-02-26,603790,13.93,13.92,14.18,13.81,30668,43026988.0,2.64,-0.71,-0.1,4.98
2020-02-27,603790,13.93,13.92,14.08,13.83,22646,31559736.0,1.8,0.0,0.0,3.68
2020-02-28,603790,13.5,12.78,13.74,12.78,46026,60901282.0,6.9,-8.19,-1.14,7.47
2020-03-02,603790,12.9,13.42,13.44,12.9,27547,36487162.0,4.23,5.01,0.64,4.47
2020-03-03,603790,13.63,13.42,13.76,13.3,30068,40708607.0,3.43,0.0,0.0,4.88
2020-03-04,603790,13.5,14.25,14.39,13.5,71924,101345121.0,6.63,6.18,0.83,11.68
2020-03-05,603790,14.3,14.28,14.4,14.03,57078,81250370.0,2.6,0.21,0.03,9.27
2020-03-06,603790,14.08,14.11,14.19,14.01,36452,51466551.0,1.26,-1.19,-0.17,5.92
2020-03-09,603790,14.01,13.68,14.22,13.68,32033,44454379.0,3.83,-3.05,-0.43,5.2
2020-03-10,603790,13.38,13.83,13.85,13.15,33035,44767492.0,5.12,1.1,0.15,5.36
2020-03-11,603790,13.84,13.62,13.92,13.62,24241,33403117.0,2.17,-1.52,-0.21,3.94
2020-03-12,603790,13.48,13.28,13.48,13.2,21838,29083773.0,2.06,-2.5,-0.34,3.55
2020-03-13,603790,12.77,12.98,13.09,12.57,26005,33263820.0,3.92,-2.26,-0.3,4.22
2020-03-16,603790,13.1,12.54,13.18,12.39,21289,27389726.0,6.09,-3.39,-0.44,3.46
2020-03-17,603790,12.55,12.44,12.73,12.04,16530,20488000.0,5.5,-0.8,-0.1,2.68
2020-03-18,603790,12.53,12.21,12.69,12.19,15884,19781382.0,4.02,-1.85,-0.23,2.58
2020-03-19,603790,12.21,12.3,12.35,12.06,14492,17703257.0,2.38,0.74,0.09,2.35
2020-03-20,603790,12.34,12.51,12.52,12.25,16779,20783135.0,2.2,1.71,0.21,2.72
2020-03-23,603790,12.19,12.21,12.48,12.1,16221,19863621.0,3.04,-2.4,-0.3,2.63
2020-03-24,603790,12.39,12.51,12.53,12.24,14362,17805802.0,2.38,2.46,0.3,2.33
2020-03-25,603790,12.67,13.61,13.76,12.65,81951,109818137.0,8.87,8.79,1.1,13.31
2020-03-26,603790,13.3,13.45,13.64,13.21,63305,85262436.0,3.16,-1.18,-0.16,10.28
2020-03-27,603790,13.45,13.16,13.57,13.14,30337,40488731.0,3.2,-2.16,-0.29,4.93
2020-03-30,603790,12.97,13.19,13.47,12.58,30066,39329923.0,6.76,0.23,0.03,4.88
2020-03-31,603790,13.3,14.51,14.51,13.3,96132,136236007.0,9.17,10.01,1.32,15.61
2020-04-01,603790,14.75,15.17,15.49,14.2,192395,283960176.0,8.89,4.55,0.66,31.24
2020-04-02,603790,14.8,14.46,15.4,14.2,160995,238818653.0,7.91,-4.68,-0.71,26.14
2020-04-03,603790,14.25,13.86,14.26,13.77,93616,130840919.0,3.39,-4.15,-0.6,15.2
2020-04-07,603790,14.0,14.37,14.48,13.75,105882,148694389.0,5.27,3.68,0.51,17.19
2020-04-08,603790,14.1,13.9,14.1,13.76,70743,98341942.0,2.37,-3.27,-0.47,11.49
2020-04-09,603790,13.9,13.79,13.98,13.77,47212,65497153.0,1.51,-0.79,-0.11,7.67
2020-04-10,603790,13.85,13.68,13.99,13.46,51376,70366372.0,3.84,-0.8,-0.11,8.34
2020-04-13,603790,13.59,13.7,13.76,13.5,25328,34619906.0,1.9,0.15,0.02,4.11
2020-04-14,603790,13.78,13.74,13.78,13.57,27157,37100378.0,1.53,0.29,0.04,4.41
2020-04-15,603790,13.7,13.37,13.7,13.36,33724,45611249.0,2.47,-2.69,-0.37,5.48
2020-04-16,603790,13.32,12.99,13.32,12.9,36763,47944651.0,3.14,-2.84,-0.38,5.97
2020-04-17,603790,12.99,12.82,13.07,12.79,27062,35017982.0,2.16,-1.31,-0.17,4.39
2020-04-20,603790,12.82,13.01,13.05,12.8,18182,23552273.0,1.95,1.48,0.19,2.95
2020-04-21,603790,12.89,12.86,13.0,12.69,18198,23302870.0,2.38,-1.15,-0.15,2.96
2020-04-22,603790,12.8,12.95,12.97,12.71,14999,19337183.0,2.02,0.7,0.09,2.44
2020-04-23,603790,12.98,12.98,13.06,12.89,19459,25267755.0,1.31,0.23,0.03,3.16
2020-04-24,603790,12.92,12.59,12.97,12.57,19476,24725288.0,3.08,-3.0,-0.39,3.16
2020-04-27,603790,12.57,12.5,12.66,12.49,10891,13691412.0,1.35,-0.71,-0.09,1.77
2020-04-28,603790,12.45,11.9,12.53,11.38,24642,29542791.0,9.2,-4.8,-0.6,4.0
2020-04-29,603790,11.95,11.79,12.04,11.72,14629,17327787.0,2.69,-0.92,-0.11,2.38
2020-04-30,603790,11.8,12.07,12.14,11.8,15059,18017442.0,2.88,2.37,0.28,2.45
2020-05-06,603790,11.95,13.28,13.28,11.81,56067,72236318.0,12.18,10.02,1.21,9.1
2020-05-07,603790,13.31,13.19,13.64,13.12,87097,116632800.0,3.92,-0.68,-0.09,14.14
2020-05-08,603790,13.15,14.25,14.26,13.02,125275,171372683.0,9.4,8.04,1.06,20.34
2020-05-11,603790,14.27,13.82,14.58,13.72,146778,208537116.0,6.04,-3.02,-0.43,23.83
2020-05-12,603790,13.7,13.24,13.72,13.09,97739,130491688.0,4.56,-4.2,-0.58,15.87
2020-05-13,603790,13.23,12.92,13.3,12.84,56058,72940746.0,3.47,-2.42,-0.32,9.1
2020-05-14,603790,12.75,12.75,12.94,12.75,25901,33183273.0,1.47,-1.32,-0.17,4.21
2020-05-15,603790,12.87,12.91,13.15,12.71,49785,64666290.0,3.45,1.25,0.16,8.08
2020-05-18,603790,12.81,13.05,13.47,12.75,49316,64660459.0,5.58,1.08,0.14,8.01
2020-05-19,603790,13.05,13.5,13.57,13.0,68337,91332578.0,4.37,3.45,0.45,11.1
2020-05-20,603790,13.41,13.26,13.46,13.06,34915,46123620.0,2.96,-1.78,-0.24,5.67
2020-05-21,603790,13.26,12.85,13.29,12.78,33186,43122738.0,3.85,-3.09,-0.41,5.39
2020-05-22,603790,12.84,12.92,13.39,12.72,54748,71563681.0,5.21,0.54,0.07,8.89
2020-05-25,603790,12.86,13.03,13.2,12.76,39703,51573894.0,3.41,0.85,0.11,6.45
2020-05-26,603790,12.95,13.13,13.15,12.86,36862,48043842.0,2.23,0.77,0.1,5.99
2020-05-27,603790,13.09,12.99,13.1,12.9,18468,24008830.0,1.52,-1.07,-0.14,3.0
2020-05-28,603790,13.0,12.72,13.19,12.6,25240,32489600.0,4.54,-2.08,-0.27,4.1
2020-05-29,603790,12.69,12.93,13.07,12.0,34630,44722589.0,8.41,1.65,0.21,5.62
2020-06-01,603790,12.97,13.09,13.14,12.93,32077,41866672.0,1.62,1.24,0.16,5.21
2020-06-02,603790,13.1,13.39,13.49,13.0,45609,60454075.0,3.74,2.29,0.3,7.41
2020-06-03,603790,13.36,14.28,14.34,13.22,111215,153223230.0,8.36,6.65,0.89,18.06
2020-06-04,603790,14.01,13.66,14.09,13.56,76474,104985771.0,3.71,-4.34,-0.62,12.42
2020-06-05,603790,13.61,13.69,13.85,13.55,35503,48590274.0,2.2,0.22,0.03,5.77
2020-06-08,603790,13.69,13.66,13.92,13.53,49521,68049145.0,2.85,-0.22,-0.03,8.04
2020-06-09,603790,13.72,13.85,14.07,13.58,75961,105328945.0,3.59,1.39,0.19,12.33
2020-06-10,603790,13.76,13.66,13.83,13.52,31490,42863754.0,2.24,-1.37,-0.19,5.11
2020-06-11,603790,13.57,14.05,14.44,13.5,125728,176925090.0,6.88,2.86,0.39,20.42
2020-06-12,603790,13.79,13.84,14.25,13.66,101118,140908993.0,4.2,-1.49,-0.21,16.42
2020-06-15,603790,13.91,14.26,14.76,13.68,116162,165909434.0,7.8,3.03,0.42,18.86
2020-06-16,603790,14.26,14.56,14.63,14.03,104576,150517241.0,4.21,2.1,0.3,16.98
2020-06-17,603790,14.55,14.15,14.56,14.03,64762,91907038.0,3.64,-2.82,-0.41,10.52
2020-06-18,603790,14.1,14.09,14.28,13.87,48367,68216402.0,2.9,-0.42,-0.06,7.85
2020-06-19,603790,14.02,14.33,14.42,14.0,63982,90684231.0,2.98,1.7,0.24,10.39
2020-06-22,603790,14.16,13.86,14.2,13.83,68570,96434719.0,2.58,-3.28,-0.47,11.13
2020-06-23,603790,13.84,13.96,14.13,13.7,66553,92721114.0,3.1,0.72,0.1,10.81
2020-06-24,603790,13.98,14.03,14.25,13.89,67929,95716114.0,2.58,0.5,0.07,11.03
2020-06-29,603790,13.97,14.17,14.2,13.59,73295,102644721.0,4.35,1.0,0.14,11.9
2020-06-30,603790,14.17,13.83,14.25,13.74,62732,87356755.0,3.6,-2.4,-0.34,10.19
2020-07-01,603790,13.71,13.27,13.82,13.24,66204,89026155.0,4.19,-4.05,-0.56,10.75
2020-07-02,603790,13.3,13.39,13.44,13.06,34476,45750445.0,2.86,0.9,0.12,5.6
2020-07-03,603790,13.39,13.41,13.53,13.3,29175,39100662.0,1.72,0.15,0.02,4.74
2020-07-06,603790,13.45,13.87,13.87,13.45,50140,68839787.0,3.13,3.43,0.46,8.14
2020-07-07,603790,14.03,13.82,14.05,13.71,62141,86499751.0,2.45,-0.36,-0.05,10.09
2020-07-08,603790,13.8,14.21,14.21,13.7,65041,90803883.0,3.69,2.82,0.39,10.56
2020-07-09,603790,14.21,14.52,14.53,14.08,80326,114837367.0,3.17,2.18,0.31,13.04
2020-07-10,603790,14.49,14.05,14.49,14.02,58363,83143921.0,3.24,-3.24,-0.47,9.48
2020-07-13,603790,14.14,14.72,14.76,14.06,77751,112621071.0,4.98,4.77,0.67,12.63
2020-07-14,603790,14.64,14.58,14.85,14.11,65570,95085294.0,5.03,-0.95,-0.14,10.65
2020-07-15,603790,14.55,14.15,14.69,14.1,45512,65337758.0,4.05,-2.95,-0.43,7.39
2020-07-16,603790,14.3,13.63,14.37,13.55,45756,64047429.0,5.8,-3.67,-0.52,7.43
2020-07-17,603790,13.65,13.64,13.87,13.4,28473,38772024.0,3.45,0.07,0.01,4.62
2020-07-20,603790,13.69,14.2,14.2,13.68,38888,54487772.0,3.81,4.11,0.56,6.31
2020-07-21,603790,14.15,14.32,14.33,14.08,36764,52283718.0,1.76,0.85,0.12,5.97
2020-07-22,603790,14.32,14.06,14.38,14.01,33529,47561949.0,2.58,-1.82,-0.26,5.44
2020-07-23,603790,13.99,13.88,13.99,13.52,34457,47411453.0,3.34,-1.28,-0.18,5.6
2020-07-24,603790,13.8,13.19,13.98,13.19,37120,50235530.0,5.69,-4.97,-0.69,6.03
2020-07-27,603790,13.2,13.15,13.34,12.95,23530,30757094.0,2.96,-0.3,-0.04,3.82
2020-07-28,603790,13.2,13.3,13.36,13.15,18777,24874227.0,1.6,1.14,0.15,3.05
2020-07-29,603790,13.23,13.5,13.54,13.01,22294,29747582.0,3.98,1.5,0.2,3.62
2020-07-30,603790,13.6,13.67,13.88,13.55,28995,39744328.0,2.44,1.26,0.17,4.71
2020-07-31,603790,13.58,13.74,13.79,13.48,25448,34770821.0,2.27,0.51,0.07,4.13
2020-08-03,603790,13.74,14.06,14.16,13.74,34457,48173385.0,3.06,2.33,0.32,5.6
2020-08-04,603790,14.01,13.91,14.1,13.85,23653,32970716.0,1.78,-1.07,-0.15,3.84
2020-08-05,603790,13.91,14.12,14.17,13.79,30141,42301696.0,2.73,1.51,0.21,4.89
2020-08-06,603790,14.14,13.92,14.14,13.8,23421,32695847.0,2.41,-1.42,-0.2,3.8
2020-08-07,603790,13.8,13.7,13.95,13.56,27099,37210628.0,2.8,-1.58,-0.22,4.4
2020-08-10,603790,13.81,14.22,14.42,13.65,54852,77776751.0,5.62,3.8,0.52,8.91
2020-08-11,603790,14.23,13.88,14.29,13.85,30357,42689045.0,3.09,-2.39,-0.34,4.93
2020-08-12,603790,13.9,13.72,13.95,13.38,27866,37895790.0,4.11,-1.15,-0.16,4.52
2020-08-13,603790,13.7,13.79,13.97,13.69,19950,27588230.0,2.04,0.51,0.07,3.24
2020-08-14,603790,13.89,13.86,13.89,13.55,16666,22852699.0,2.47,0.51,0.07,2.71
2020-08-17,603790,13.89,14.1,14.17,13.83,24907,34996596.0,2.45,1.73,0.24,4.04
2020-08-18,603790,14.1,14.1,14.23,14.02,23058,32538462.0,1.49,0.0,0.0,3.74
2020-08-19,603790,14.16,14.04,14.23,13.95,28052,39610934.0,1.99,-0.43,-0.06,4.56
2020-08-20,603790,13.92,13.88,14.03,13.75,21880,30362201.0,1.99,-1.14,-0.16,3.55
2020-08-21,603790,13.9,14.19,14.22,13.9,30718,43306765.0,2.31,2.23,0.31,4.99
2020-08-24,603790,14.1,14.31,14.36,13.97,44099,62630622.0,2.75,0.85,0.12,7.16
2020-08-25,603790,14.32,14.53,14.73,14.12,73149,105900656.0,4.26,1.54,0.22,11.88
2020-08-26,603790,14.5,14.57,14.78,14.3,60508,87851206.0,3.3,0.28,0.04,9.83
2020-08-27,603790,14.45,14.81,15.25,14.23,119752,177807027.0,7.0,1.65,0.24,19.45
2020-08-28,603790,14.86,13.8,16.18,13.61,138740,198588261.0,17.35,-6.82,-1.01,22.53
2020-08-31,603790,13.65,13.63,13.81,13.25,61293,83008817.0,4.06,-1.23,-0.17,9.95
2020-09-01,603790,13.5,13.6,13.73,13.45,30055,40808764.0,2.05,-0.22,-0.03,4.88
2020-09-02,603790,13.6,13.63,13.91,13.6,31570,43355688.0,2.28,0.22,0.03,5.13
2020-09-03,603790,13.58,13.66,13.68,13.43,28113,38003687.0,1.83,0.22,0.03,4.57
2020-09-04,603790,13.48,13.77,13.83,13.41,24010,32838323.0,3.07,0.81,0.11,3.9
2020-09-07,603790,13.77,14.11,14.41,13.66,74512,105139712.0,5.45,2.47,0.34,12.1
2020-09-08,603790,14.12,14.14,14.28,13.85,34585,48553215.0,3.05,0.21,0.03,5.62
2020-09-09,603790,14.12,13.97,14.45,13.95,53778,76361618.0,3.54,-1.2,-0.17,8.73
2020-09-10,603790,14.01,13.57,14.11,13.56,37168,50951288.0,3.94,-2.86,-0.4,6.04
2020-09-11,603790,13.46,13.77,13.84,13.46,14397,19691998.0,2.8,1.47,0.2,2.34
2020-09-14,603790,13.77,13.79,13.96,13.64,15058,20742108.0,2.32,0.15,0.02,2.45
2020-09-15,603790,13.76,13.56,13.76,13.48,15679,21266504.0,2.03,-1.67,-0.23,2.55
2020-09-16,603790,13.56,13.56,13.6,13.32,14077,18909288.0,2.06,0.0,0.0,2.29
2020-09-17,603790,13.59,13.59,13.64,13.45,10414,14104557.0,1.4,0.22,0.03,1.69
2020-09-18,603790,13.55,13.57,13.62,13.42,13375,18123452.0,1.47,-0.15,-0.02,2.17
2020-09-21,603790,13.64,13.65,13.69,13.5,10735,14591484.0,1.4,0.59,0.08,1.74
2020-09-22,603790,13.6,13.56,13.86,13.41,15804,21544013.0,3.3,-0.66,-0.09,2.57
2020-09-23,603790,13.53,13.58,13.64,13.44,12594,17034440.0,1.47,0.15,0.02,2.05
2020-09-24,603790,13.48,13.05,13.57,13.01,18810,24885939.0,4.12,-3.9,-0.53,3.05
2020-09-25,603790,13.09,12.92,13.14,12.79,13910,18010151.0,2.68,-1.0,-0.13,2.26
2020-09-28,603790,12.76,12.1,12.99,12.1,31108,38537506.0,6.89,-6.35,-0.82,5.05
2020-09-29,603790,12.1,12.0,12.24,11.84,18259,21933508.0,3.31,-0.83,-0.1,2.96
2020-09-30,603790,12.06,12.02,12.08,11.9,8071,9691139.0,1.5,0.17,0.02,1.31
2020-10-09,603790,12.18,12.41,12.54,12.15,15178,18772376.0,3.24,3.24,0.39,2.46
2020-10-12,603790,12.43,12.67,12.74,12.41,16501,20822645.0,2.66,2.1,0.26,2.68
2020-10-13,603790,12.67,12.59,12.73,12.49,12540,15754205.0,1.89,-0.63,-0.08,2.04
2020-10-14,603790,12.6,12.37,12.6,12.3,14488,17962763.0,2.38,-1.75,-0.22,2.35
2020-10-15,603790,12.41,13.14,13.38,12.29,47812,61810241.0,8.81,6.22,0.77,7.76
2020-10-16,603790,13.24,12.78,13.27,12.71,34610,44608344.0,4.26,-2.74,-0.36,5.62
2020-10-19,603790,12.77,12.84,13.0,12.66,22427,28753848.0,2.66,0.47,0.06,3.64
2020-10-20,603790,12.78,12.72,12.83,12.62,17185,21813476.0,1.64,-0.93,-0.12,2.79
2020-10-21,603790,12.72,12.44,12.72,12.4,14790,18480003.0,2.52,-2.2,-0.28,2.4
2020-10-22,603790,12.45,12.46,12.6,12.21,13416,16676228.0,3.14,0.16,0.02,2.18
2020-10-23,603790,12.46,12.3,12.53,12.25,8085,10006247.0,2.25,-1.28,-0.16,1.31
2020-10-26,603790,12.3,12.29,12.36,12.1,8331,10220502.0,2.11,-0.08,-0.01,1.35
2020-10-27,603790,12.18,12.29,12.34,12.17,7549,9250071.0,1.38,0.0,0.0,1.23
2020-10-28,603790,12.29,12.23,12.29,12.09,8383,10224660.0,1.63,-0.49,-0.06,1.36
2020-10-29,603790,12.28,12.37,12.52,12.09,15335,18881573.0,3.52,1.14,0.14,2.49
2020-10-30,603790,12.46,12.0,12.46,11.95,14031,17049947.0,4.12,-2.99,-0.37,2.28
2020-11-02,603790,11.95,11.97,12.09,11.89,7615,9130384.0,1.67,-0.25,-0.03,1.24
2020-11-03,603790,11.98,12.16,12.2,11.98,7613,9221694.0,1.84,1.59,0.19,1.24
2020-11-04,603790,12.11,12.12,12.2,12.01,7014,8487434.0,1.56,-0.33,-0.04,1.14
2020-11-05,603790,12.2,12.25,12.27,12.12,8849,10811084.0,1.24,1.07,0.13,1.44
2020-11-06,603790,12.27,12.06,12.35,11.99,12928,15630374.0,2.94,-1.55,-0.19,2.1
2020-11-09,603790,12.1,12.33,12.38,12.08,15724,19307173.0,2.49,2.24,0.27,2.55
2020-11-10,603790,12.4,12.4,12.46,12.28,11969,14802772.0,1.46,0.57,0.07,1.94
2020-11-11,603790,12.43,12.38,12.62,12.27,13618,16963961.0,2.82,-0.16,-0.02,2.21
2020-11-12,603790,12.4,12.27,12.44,12.18,9819,12076700.0,2.1,-0.89,-0.11,1.59
2020-11-13,603790,12.24,12.31,12.39,12.2,6998,8610605.0,1.55,0.33,0.04,1.14
2020-11-16,603790,12.46,12.54,12.57,12.36,16127,20144207.0,1.71,1.87,0.23,2.62
2020-11-17,603790,12.48,12.44,12.53,12.36,10626,13211395.0,1.36,-0.8,-0.1,1.73
2020-11-18,603790,12.47,12.64,12.72,12.4,19429,24491154.0,2.57,1.61,0.2,3.15
2020-11-19,603790,12.69,12.68,12.69,12.51,11608,14640861.0,1.42,0.32,0.04,1.88
2020-11-20,603790,12.68,12.55,12.68,12.52,10144,12745543.0,1.26,-1.03,-0.13,1.65
2020-11-23,603790,12.66,12.74,13.17,12.6,37462,48210240.0,4.54,1.51,0.19,6.08
2020-11-24,603790,12.66,12.5,12.73,12.42,26270,32998808.0,2.43,-1.88,-0.24,4.27
2020-11-25,603790,12.51,12.72,13.25,12.43,43768,56337484.0,6.56,1.76,0.22,7.11
2020-11-26,603790,12.61,13.99,13.99,12.61,99931,136444211.0,10.85,9.98,1.27,16.23
2020-11-27,603790,13.89,13.46,14.17,13.27,105144,142575778.0,6.43,-3.79,-0.53,17.07
2020-11-30,603790,13.4,13.32,13.46,13.03,60904,80756840.0,3.19,-1.04,-0.14,9.89
2020-12-01,603790,13.32,13.26,13.34,13.08,39647,52458367.0,1.95,-0.45,-0.06,6.44
2020-12-02,603790,13.27,13.38,13.56,13.13,49864,66677163.0,3.24,0.9,0.12,8.1
2020-12-03,603790,13.25,12.99,13.25,12.94,37421,48857798.0,2.32,-2.91,-0.39,6.08
2020-12-04,603790,12.91,13.13,13.17,12.9,19194,25080588.0,2.08,1.08,0.14,3.12
2020-12-07,603790,13.18,12.96,13.25,12.96,15029,19627229.0,2.21,-1.29,-0.17,2.44
2020-12-08,603790,12.95,13.05,13.15,12.9,13232,17231772.0,1.93,0.69,0.09,2.15
2020-12-09,603790,13.0,12.62,13.09,12.61,19540,24991032.0,3.68,-3.3,-0.43,3.17
2020-12-10,603790,12.51,12.47,12.7,12.36,17160,21475592.0,2.69,-1.19,-0.15,2.79
2020-12-11,603790,12.47,12.17,12.48,12.0,17128,20850286.0,3.85,-2.41,-0.3,2.78
2020-12-14,603790,12.09,12.15,12.23,12.08,9454,11480102.0,1.23,-0.16,-0.02,1.54
2020-12-15,603790,12.13,12.24,12.26,12.05,8571,10438499.0,1.73,0.74,0.09,1.39
2020-12-16,603790,12.23,11.97,12.23,11.96,10920,13176440.0,2.21,-2.21,-0.27,1.77
2020-12-17,603790,12.0,12.15,12.22,11.87,13844,16652252.0,2.92,1.5,0.18,2.25
2020-12-18,603790,12.1,12.16,12.29,12.07,6693,8139776.0,1.81,0.08,0.01,1.09
2020-12-21,603790,12.14,12.11,12.15,11.97,7844,9474680.0,1.48,-0.41,-0.05,1.27
2020-12-22,603790,12.1,11.99,12.19,11.93,11838,14248699.0,2.15,-0.99,-0.12,1.92
2020-12-23,603790,12.0,11.65,12.0,11.51,19249,22611085.0,4.09,-2.84,-0.34,3.13
2020-12-24,603790,11.65,11.27,11.66,11.26,16746,19072011.0,3.43,-3.26,-0.38,2.72
2020-12-25,603790,11.22,11.47,11.55,11.2,9563,10910941.0,3.11,1.77,0.2,1.55
2020-12-28,603790,11.34,11.23,11.45,11.19,7715,8699831.0,2.27,-2.09,-0.24,1.25
2020-12-29,603790,11.3,11.24,11.35,11.12,6071,6834848.0,2.05,0.09,0.01,0.99
2020-12-30,603790,11.18,11.21,11.31,11.18,7837,8815986.0,1.16,-0.27,-0.03,1.27
2020-12-31,603790,11.27,11.35,11.49,11.26,6223,7066966.0,2.05,1.25,0.14,1.01
2021-01-04,603790,11.44,11.48,11.51,11.32,7322,8375982.0,1.67,1.15,0.13,1.19
2021-01-05,603790,11.47,11.6,11.69,11.39,10790,12437914.0,2.61,1.05,0.12,1.75
2021-01-06,603790,11.54,11.28,11.54,11.24,10312,11709080.0,2.59,-2.76,-0.32,1.67
2021-01-07,603790,11.21,10.93,11.35,10.91,13703,15178454.0,3.9,-3.1,-0.35,2.23
2021-01-08,603790,10.92,10.72,11.01,10.41,12467,13367698.0,5.49,-1.92,-0.21,2.02
2021-01-11,603790,10.71,10.2,10.76,10.17,15941,16484835.0,5.5,-4.85,-0.52,2.59
2021-01-12,603790,10.12,10.24,10.4,10.12,8517,8746400.0,2.75,0.39,0.04,1.38
2021-01-13,603790,10.36,9.95,10.36,9.94,14069,14117180.0,4.1,-2.83,-0.29,2.28
2021-01-14,603790,9.95,10.06,10.14,9.85,5744,5754185.0,2.91,1.11,0.11,0.93
2021-01-15,603790,10.1,10.34,10.39,10.09,9598,9882377.0,2.98,2.78,0.28,1.56
2021-01-18,603790,10.35,10.44,10.6,10.33,8817,9223315.0,2.61,0.97,0.1,1.43
2021-01-19,603790,10.46,10.49,10.69,10.41,11170,11828957.0,2.68,0.48,0.05,1.81
2021-01-20,603790,10.55,10.54,10.6,10.45,6393,6723181.0,1.43,0.48,0.05,1.04
2021-01-21,603790,10.54,10.61,10.79,10.49,10001,10683518.0,2.85,0.66,0.07,1.62
2021-01-22,603790,10.55,10.37,10.6,10.3,8894,9246071.0,2.83,-2.26,-0.24,1.44
2021-01-25,603790,10.21,10.17,10.44,10.08,10942,11111697.0,3.47,-1.93,-0.2,1.78
2021-01-26,603790,10.18,10.19,10.28,10.06,6547,6672070.0,2.16,0.2,0.02,1.06
2021-01-27,603790,10.2,10.24,10.34,10.11,5179,5312554.0,2.26,0.49,0.05,0.84
2021-01-28,603790,10.15,10.04,10.36,10.04,7413,7532090.0,3.13,-1.95,-0.2,1.2
2021-01-29,603790,10.03,9.69,10.12,9.64,10640,10463493.0,4.78,-3.49,-0.35,1.73
2021-02-01,603790,9.9,9.75,9.9,9.53,7499,7236749.0,3.82,0.62,0.06,1.22
2021-02-02,603790,9.72,9.73,9.84,9.6,6122,5939899.0,2.46,-0.21,-0.02,0.99
2021-02-03,603790,9.7,9.73,9.83,9.47,9236,8904361.0,3.7,0.0,0.0,1.5
2021-02-04,603790,9.69,9.55,9.75,9.48,7412,7093592.0,2.77,-1.85,-0.18,1.2
2021-02-05,603790,9.55,9.47,9.68,9.44,5473,5241663.0,2.51,-0.84,-0.08,0.89
2021-02-08,603790,9.48,9.5,9.71,9.37,6865,6541715.0,3.59,0.32,0.03,1.11
2021-02-09,603790,9.49,9.59,9.61,9.38,5705,5443142.0,2.42,0.95,0.09,0.93
2021-02-10,603790,9.56,9.82,10.02,9.51,11117,10881912.0,5.32,2.4,0.23,1.81
2021-02-18,603790,9.82,9.96,9.98,9.82,9013,8939236.0,1.63,1.43,0.14,1.46
2021-02-19,603790,9.94,10.23,10.27,9.9,10159,10280060.0,3.71,2.71,0.27,1.65
2021-02-22,603790,10.31,10.32,10.58,10.25,15022,15675436.0,3.23,0.88,0.09,2.44
2021-02-23,603790,10.18,10.21,10.44,10.14,9199,9415752.0,2.91,-1.07,-0.11,1.49
2021-02-24,603790,10.24,10.31,10.36,10.2,7360,7568194.0,1.57,0.98,0.1,1.2
2021-02-25,603790,10.39,10.11,10.42,10.06,7130,7238250.0,3.49,-1.94,-0.2,1.16
2021-02-26,603790,10.06,10.2,10.27,10.0,6518,6617151.0,2.67,0.89,0.09,1.06
2021-03-01,603790,10.18,10.76,11.09,10.13,24253,25859511.0,9.41,5.49,0.56,3.94
2021-03-02,603790,10.68,10.34,10.69,10.33,15487,16209486.0,3.35,-3.9,-0.42,2.51
2021-03-03,603790,10.25,10.45,10.5,10.25,5908,6154490.0,2.42,1.06,0.11,0.96
2021-03-04,603790,10.35,10.37,10.51,10.24,13525,13980166.0,2.58,-0.77,-0.08,2.2
2021-03-05,603790,10.3,10.45,10.46,10.3,5820,6065217.0,1.54,0.77,0.08,0.95
2021-03-08,603790,10.55,10.35,10.55,10.31,5811,6072418.0,2.3,-0.96,-0.1,0.94
2021-03-09,603790,10.36,10.75,11.05,10.36,40244,43301934.0,6.67,3.86,0.4,6.53
2021-03-10,603790,10.7,10.31,10.78,10.3,23015,24082876.0,4.47,-4.09,-0.44,3.74
2021-03-11,603790,10.24,10.34,10.35,10.18,12660,13007253.0,1.65,0.29,0.03,2.06
2021-03-12,603790,10.33,10.15,10.33,10.13,9594,9794848.0,1.93,-1.84,-0.19,1.56
2021-03-15,603790,10.18,10.06,10.18,10.02,6478,6536114.0,1.58,-0.89,-0.09,1.05
2021-03-16,603790,10.13,10.24,10.26,10.05,5880,5981011.0,2.09,1.79,0.18,0.95
2021-03-17,603790,10.24,10.3,10.33,10.19,5240,5390599.0,1.37,0.59,0.06,0.85
2021-03-18,603790,10.26,10.38,10.41,10.26,8401,8693967.0,1.46,0.78,0.08,1.36
2021-03-19,603790,10.36,10.43,10.58,10.23,11168,11686095.0,3.37,0.48,0.05,1.81
2021-03-22,603790,10.46,10.58,10.62,10.42,9758,10261094.0,1.92,1.44,0.15,1.58
2021-03-23,603790,10.62,10.42,10.64,10.4,7558,7924354.0,2.27,-1.51,-0.16,1.23
2021-03-24,603790,10.38,10.34,10.49,10.28,6152,6386644.0,2.02,-0.77,-0.08,1.0
2021-03-25,603790,10.42,10.5,10.54,10.33,8916,9342309.0,2.03,1.55,0.16,1.45
2021-03-26,603790,10.48,10.54,10.57,10.42,7245,7612113.0,1.43,0.38,0.04,1.18
2021-03-29,603790,10.55,10.57,10.68,10.46,6665,7057930.0,2.09,0.28,0.03,1.08
2021-03-30,603790,10.58,10.57,10.62,10.36,7941,8316819.0,2.46,0.0,0.0,1.29
2021-03-31,603790,10.52,10.48,10.57,10.32,5668,5932483.0,2.37,-0.85,-0.09,0.92
2021-04-01,603790,10.5,10.6,10.82,10.5,10278,10943126.0,3.05,1.15,0.12,1.67
2021-04-02,603790,10.56,10.65,10.69,10.46,7647,8094182.0,2.17,0.47,0.05,1.24
2021-04-06,603790,10.66,10.77,10.84,10.58,10641,11423882.0,2.44,1.13,0.12,1.73
2021-04-07,603790,10.77,10.78,10.82,10.66,7081,7608369.0,1.49,0.09,0.01,1.15
2021-04-08,603790,10.85,10.61,10.85,10.55,8518,9139997.0,2.78,-1.58,-0.17,1.38
2021-04-09,603790,10.6,10.83,10.84,10.59,10343,11129527.0,2.36,2.07,0.22,1.68
2021-04-12,603790,10.94,11.48,11.91,10.9,75265,87511543.0,9.33,6.0,0.65,12.22
2021-04-13,603790,11.26,10.78,11.26,10.73,43044,47233265.0,4.62,-6.1,-0.7,6.99
2021-04-14,603790,10.63,10.59,10.69,10.41,24668,26000365.0,2.6,-1.76,-0.19,4.01
2021-04-15,603790,10.62,10.6,10.76,10.55,16358,17384238.0,1.98,0.09,0.01,2.66
2021-04-16,603790,10.66,10.86,10.89,10.6,17763,19110646.0,2.74,2.45,0.26,2.88
2021-04-19,603790,10.83,11.01,11.08,10.81,15921,17484409.0,2.49,1.38,0.15,2.59
2021-04-20,603790,11.03,10.94,11.12,10.89,15052,16536186.0,2.09,-0.64,-0.07,2.44
2021-04-21,603790,10.86,10.83,10.95,10.77,10234,11096184.0,1.65,-1.01,-0.11,1.66
2021-04-22,603790,10.91,10.96,11.06,10.88,11323,12423311.0,1.66,1.2,0.13,1.84
2021-04-23,603790,10.99,10.67,11.01,10.6,11001,11805957.0,3.74,-2.65,-0.29,1.79
2021-04-26,603790,10.61,10.61,10.73,10.55,7962,8469127.0,1.69,-0.56,-0.06,1.29
2021-04-27,603790,10.61,10.4,10.61,10.31,12437,12938118.0,2.83,-1.98,-0.21,2.02
2021-04-28,603790,10.4,10.55,10.55,10.31,5413,5663081.0,2.31,1.44,0.15,0.88
2021-04-29,603790,10.6,10.48,10.63,10.4,6682,6996512.0,2.18,-0.66,-0.07,1.09
2021-04-30,603790,10.53,10.41,10.55,10.33,6631,6902426.0,2.1,-0.67,-0.07,1.08
2021-05-06,603790,10.35,10.47,10.5,10.35,6800,7101567.0,1.44,0.58,0.06,1.1
2021-05-07,603790,10.42,10.57,10.65,10.42,8058,8506566.0,2.2,0.96,0.1,1.31
2021-05-10,603790,10.6,10.68,10.7,10.42,9127,9666070.0,2.65,1.04,0.11,1.48
2021-05-11,603790,10.7,10.64,10.74,10.55,6547,6967140.0,1.78,-0.37,-0.04,1.06
2021-05-12,603790,10.69,10.68,10.7,10.55,6648,7062695.0,1.41,0.38,0.04,1.08
2021-05-13,603790,10.63,10.59,10.7,10.51,5639,5993198.0,1.78,-0.84,-0.09,0.92
2021-05-14,603790,10.63,10.66,10.73,10.61,6211,6632512.0,1.13,0.66,0.07,1.01
2021-05-17,603790,10.68,10.45,10.7,10.43,9387,9891090.0,2.53,-1.97,-0.21,1.52
2021-05-18,603790,10.45,10.63,10.65,10.42,7830,8283971.0,2.2,1.72,0.18,1.27
2021-05-19,603790,10.68,10.59,10.7,10.45,8785,9254600.0,2.35,-0.38,-0.04,1.43
2021-05-20,603790,10.57,10.5,10.58,10.45,5146,5403271.0,1.23,-0.85,-0.09,0.84
2021-05-21,603790,10.56,10.43,10.57,10.4,4745,4971761.0,1.62,-0.67,-0.07,0.77
2021-05-24,603790,10.47,10.44,10.53,10.41,4439,4643199.0,1.15,0.1,0.01,0.72
2021-05-25,603790,10.42,10.48,10.51,10.39,6478,6778949.0,1.15,0.38,0.04,1.05
2021-05-26,603790,10.45,10.54,10.62,10.44,7497,7900136.0,1.72,0.57,0.06,1.22
2021-05-27,603790,10.54,10.74,10.78,10.53,12884,13786682.0,2.37,1.9,0.2,2.09
2021-05-28,603790,10.76,10.63,10.76,10.57,8651,9207720.0,1.77,-1.02,-0.11,1.4
2021-05-31,603790,10.65,10.71,10.73,10.58,4886,5213561.0,1.41,0.75,0.08,0.79
2021-06-01,603790,10.63,10.73,10.74,10.6,7183,7645327.0,1.31,0.19,0.02,1.17
2021-06-02,603790,10.7,10.75,10.92,10.63,11564,12476465.0,2.7,0.19,0.02,1.88
2021-06-03,603790,10.76,10.82,10.93,10.73,9687,10493668.0,1.86,0.65,0.07,1.57
2021-06-04,603790,10.78,10.81,10.98,10.76,9213,10009780.0,2.03,-0.09,-0.01,1.5
2021-06-07,603790,10.86,10.98,11.07,10.82,15228,16712498.0,2.31,1.57,0.17,2.47
2021-06-08,603790,11.04,10.93,11.14,10.89,12568,13748837.0,2.28,-0.46,-0.05,2.04
2021-06-09,603790,10.88,10.97,11.03,10.86,8593,9418514.0,1.56,0.37,0.04,1.4
2021-06-10,603790,10.99,10.96,11.01,10.7,8492,9244763.0,2.83,-0.09,-0.01,1.38
2021-06-11,603790,10.96,10.8,10.97,10.74,8473,9199222.0,2.1,-1.46,-0.16,1.38
2021-06-15,603790,10.88,10.62,10.88,10.58,7033,7500321.0,2.78,-1.67,-0.18,1.14
2021-06-16,603790,10.62,10.64,10.74,10.51,6509,6908424.0,2.17,0.19,0.02,1.06
2021-06-17,603790,10.64,10.45,10.65,10.36,9654,10119212.0,2.73,-1.79,-0.19,1.57
2021-06-18,603790,10.45,10.49,10.54,10.37,11799,12352842.0,1.63,0.38,0.04,1.92
2021-06-21,603790,10.52,10.57,10.6,10.43,15470,16280977.0,1.62,0.76,0.08,2.51
2021-06-22,603790,10.43,10.45,10.54,10.35,10175,10630596.0,1.8,-1.14,-0.12,1.65
2021-06-23,603790,10.4,10.48,10.55,10.38,7849,8220095.0,1.63,0.29,0.03,1.27
2021-06-24,603790,10.5,10.43,10.5,10.35,6187,6432460.0,1.43,-0.48,-0.05,1.0
2021-06-25,603790,10.36,10.44,10.48,10.25,12763,13252118.0,2.21,0.1,0.01,2.07
2021-06-28,603790,10.43,10.47,10.48,10.35,7660,7987870.0,1.25,0.29,0.03,1.24
2021-06-29,603790,10.45,10.39,10.46,10.29,8216,8518667.0,1.62,-0.76,-0.08,1.33
2021-06-30,603790,10.41,10.26,10.44,10.1,9460,9717678.0,3.27,-1.25,-0.13,1.54
2021-07-01,603790,10.21,10.16,10.33,10.1,6853,7009840.0,2.24,-0.97,-0.1,1.11
2021-07-02,603790,10.11,10.09,10.22,10.03,7695,7771851.0,1.87,-0.69,-0.07,1.25
2021-07-05,603790,10.09,10.44,10.44,10.05,13860,14322899.0,3.87,3.47,0.35,2.25
2021-07-06,603790,10.47,10.41,10.47,10.3,6388,6626077.0,1.63,-0.29,-0.03,1.04
2021-07-07,603790,10.41,10.46,10.56,10.38,6797,7122816.0,1.73,0.48,0.05,1.1
2021-07-08,603790,10.41,10.47,10.51,10.29,6300,6558337.0,2.1,0.1,0.01,1.02
2021-07-09,603790,10.47,10.37,10.51,10.31,6305,6539617.0,1.91,-0.96,-0.1,1.02
2021-07-12,603790,10.42,10.61,10.68,10.37,12834,13521725.0,2.99,2.31,0.24,2.08
2021-07-13,603790,10.61,10.56,10.61,10.44,6808,7157652.0,1.6,-0.47,-0.05,1.11
2021-07-14,603790,10.51,10.58,10.65,10.43,11325,11898169.0,2.08,0.19,0.02,1.84
2021-07-15,603790,10.55,10.52,10.59,10.35,8309,8693909.0,2.27,-0.57,-0.06,1.35
2021-07-16,603790,10.48,10.23,10.49,10.21,11801,12195425.0,2.66,-2.76,-0.29,1.92
2021-07-19,603790,10.25,10.12,10.27,10.03,9384,9462012.0,2.35,-1.08,-0.11,1.52
2021-07-20,603790,10.06,10.08,10.1,10.02,7637,7676083.0,0.79,-0.4,-0.04,1.24
2021-07-21,603790,10.08,10.16,10.23,10.06,6105,6204088.0,1.69,0.79,0.08,0.99
2021-07-22,603790,10.22,10.18,10.26,10.14,5284,5370838.0,1.18,0.2,0.02,0.86
2021-07-23,603790,10.2,9.98,10.22,9.96,8669,8703392.0,2.55,-1.96,-0.2,1.41
2021-07-26,603790,9.97,9.88,10.09,9.85,7410,7362344.0,2.4,-1.0,-0.1,1.2
2021-07-27,603790,9.88,9.72,9.96,9.72,6707,6587770.0,2.43,-1.62,-0.16,1.09
2021-07-28,603790,9.76,9.55,9.77,9.46,6173,5914615.0,3.19,-1.75,-0.17,1.0
2021-07-29,603790,9.59,9.61,9.71,9.56,5499,5289065.0,1.57,0.63,0.06,0.89
2021-07-30,603790,9.65,9.6,9.65,9.47,5021,4809136.0,1.87,-0.1,-0.01,0.82
2021-08-02,603790,9.62,9.77,9.95,9.52,8160,7934977.0,4.48,1.77,0.17,1.32
2021-08-03,603790,9.87,9.78,9.87,9.72,3891,3809958.0,1.54,0.1,0.01,0.63
2021-08-04,603790,9.75,9.82,9.88,9.75,4785,4697596.0,1.33,0.41,0.04,0.78
2021-08-05,603790,9.82,9.63,9.86,9.61,6311,6109158.0,2.55,-1.93,-0.19,1.02
2021-08-06,603790,9.73,9.6,9.73,9.53,3495,3349230.0,2.08,-0.31,-0.03,0.57
2021-08-09,603790,9.61,9.88,9.99,9.55,10967,10764787.0,4.58,2.92,0.28,1.78
2021-08-10,603790,9.9,9.93,10.0,9.85,8271,8210970.0,1.52,0.51,0.05,1.34
2021-08-11,603790,9.93,9.91,9.98,9.86,5491,5443709.0,1.21,-0.2,-0.02,0.89
2021-08-12,603790,9.9,9.96,10.07,9.9,4664,4659795.0,1.72,0.5,0.05,0.76
2021-08-13,603790,9.93,9.99,10.05,9.91,5136,5124015.0,1.41,0.3,0.03,0.83
2021-08-16,603790,10.04,10.09,10.26,9.99,14689,14919617.0,2.7,1.0,0.1,2.39
2021-08-17,603790,10.09,9.81,10.11,9.78,10443,10385347.0,3.27,-2.78,-0.28,1.7
2021-08-18,603790,9.87,9.93,10.05,9.83,10832,10784671.0,2.24,1.22,0.12,1.76
2021-08-19,603790,9.91,10.12,10.2,9.91,15126,15294250.0,2.92,1.91,0.19,2.46
2021-08-20,603790,10.09,10.16,10.26,9.98,13777,13979177.0,2.77,0.4,0.04,2.24
2021-08-23,603790,10.16,10.42,10.45,10.13,16212,16746082.0,3.15,2.56,0.26,2.63
2021-08-24,603790,10.48,10.48,10.54,10.31,14187,14798943.0,2.21,0.58,0.06,2.3
2021-08-25,603790,10.43,10.66,10.67,10.43,19799,20945386.0,2.29,1.72,0.18,3.22
2021-08-26,603790,10.64,10.55,10.77,10.52,13520,14356895.0,2.35,-1.03,-0.11,2.2
2021-08-27,603790,10.51,10.61,10.71,10.48,10428,11051419.0,2.18,0.57,0.06,1.69
2021-08-30,603790,10.63,10.46,10.66,10.35,15380,16061277.0,2.92,-1.41,-0.15,2.5
2021-08-31,603790,10.47,10.56,10.6,10.38,10684,11232328.0,2.1,0.96,0.1,1.73
2021-09-01,603790,10.58,10.56,10.65,10.36,11857,12446195.0,2.75,0.0,0.0,1.93
2021-09-02,603790,10.55,10.5,10.55,10.37,9783,10233705.0,1.7,-0.57,-0.06,1.59
2021-09-03,603790,10.5,10.42,10.61,10.35,14141,14798408.0,2.48,-0.76,-0.08,2.3
2021-09-06,603790,10.46,10.56,10.59,10.37,13676,14344363.0,2.11,1.34,0.14,2.22
2021-09-07,603790,10.59,10.89,10.93,10.5,21696,23334773.0,4.07,3.13,0.33,3.52
2021-09-08,603790,10.88,10.77,10.92,10.68,13171,14206100.0,2.2,-1.1,-0.12,2.14
2021-09-09,603790,10.83,10.89,11.17,10.83,24100,26520639.0,3.16,1.11,0.12,3.91
2021-09-10,603790,10.9,10.92,11.21,10.82,21616,23749639.0,3.58,0.28,0.03,3.51
2021-09-13,603790,10.83,11.12,11.25,10.68,24671,27272465.0,5.22,1.83,0.2,1.29
2021-09-14,603790,11.06,11.02,11.21,10.91,19775,21865808.0,2.7,-0.9,-0.1,1.03
2021-09-15,603790,11.0,11.3,11.32,10.99,20317,22750809.0,2.99,2.54,0.28,1.06
2021-09-16,603790,11.3,11.14,11.5,11.07,22434,25288842.0,3.81,-1.42,-0.16,1.17
2021-09-17,603790,11.12,11.36,11.38,11.01,19352,21756019.0,3.32,1.97,0.22,1.01
2021-09-22,603790,11.28,11.59,11.67,11.2,36940,42466669.0,4.14,2.02,0.23,1.93
2021-09-23,603790,12.1,11.24,12.58,11.22,62525,73189583.0,11.73,-3.02,-0.35,3.27
2021-09-24,603790,11.24,10.7,11.27,10.66,36672,39996807.0,5.43,-4.8,-0.54,1.92
2021-09-27,603790,10.7,10.26,10.76,10.09,25136,26017223.0,6.26,-4.11,-0.44,1.31
2021-09-28,603790,10.27,10.2,10.3,10.11,13597,13877366.0,1.85,-0.58,-0.06,0.71
2021-09-29,603790,10.14,10.01,10.19,9.98,15111,15216185.0,2.06,-1.86,-0.19,0.79
2021-09-30,603790,10.04,10.05,10.11,9.97,9543,9585646.0,1.4,0.4,0.04,0.5
2021-10-08,603790,10.11,10.26,10.31,10.08,11100,11347098.0,2.29,2.09,0.21,0.58
2021-10-11,603790,10.27,10.3,10.33,10.18,7239,7419010.0,1.46,0.39,0.04,0.38
2021-10-12,603790,10.29,10.1,10.29,9.97,10057,10140466.0,3.11,-1.94,-0.2,0.53
2021-10-13,603790,10.1,10.08,10.11,9.95,8006,8037218.0,1.58,-0.2,-0.02,0.42
2021-10-14,603790,10.1,10.12,10.16,10.01,5412,5453691.0,1.49,0.4,0.04,0.28
2021-10-15,603790,10.1,10.18,10.26,10.05,9096,9243188.0,2.08,0.59,0.06,0.48
2021-10-18,603790,10.2,10.16,10.24,10.12,8982,9133836.0,1.18,-0.2,-0.02,0.47
2021-10-19,603790,10.16,10.17,10.21,10.08,6948,7060278.0,1.28,0.1,0.01,0.36
2021-10-20,603790,10.13,10.26,10.33,10.09,12345,12606066.0,2.36,0.88,0.09,0.65
2021-10-21,603790,10.19,10.39,10.39,10.15,14658,14987019.0,2.34,1.27,0.13,0.77
2021-10-22,603790,10.31,11.39,11.39,10.24,28692,30264551.0,11.07,9.62,1.0,1.5
2021-10-25,603790,10.75,11.09,11.14,10.43,58797,63360912.0,6.23,-2.63,-0.3,3.07
2021-10-26,603790,10.76,10.6,10.76,10.53,28649,30453535.0,2.07,-4.42,-0.49,1.5
2021-10-27,603790,10.56,9.93,10.58,9.93,23469,23905796.0,6.13,-6.32,-0.67,1.23
2021-10-28,603790,9.85,9.53,9.85,9.49,16488,15831455.0,3.63,-4.03,-0.4,0.86
2021-10-29,603790,9.5,9.6,9.65,9.48,11746,11244427.0,1.78,0.73,0.07,0.61
2021-11-01,603790,9.61,9.52,9.61,9.33,14133,13355653.0,2.92,-0.83,-0.08,0.74
2021-11-02,603790,9.51,9.24,9.53,9.2,15088,14098925.0,3.47,-2.94,-0.28,0.79
2021-11-03,603790,9.25,9.31,9.33,9.2,5805,5387804.0,1.41,0.76,0.07,0.3
2021-11-04,603790,9.32,9.38,9.39,9.28,5644,5275342.0,1.18,0.75,0.07,0.29
2021-11-05,603790,9.39,9.34,9.44,9.32,5770,5396087.0,1.28,-0.43,-0.04,0.3
2021-11-08,603790,9.34,9.42,9.44,9.28,6416,6022195.0,1.71,0.86,0.08,0.34
2021-11-09,603790,9.43,9.81,9.94,9.39,22284,21628695.0,5.84,4.14,0.39,1.16
2021-11-10,603790,9.8,9.77,9.84,9.64,8023,7787460.0,2.04,-0.41,-0.04,0.42
2021-11-11,603790,9.7,9.84,9.92,9.7,8297,8143276.0,2.25,0.72,0.07,0.43
2021-11-12,603790,9.8,9.84,9.9,9.66,9007,8832638.0,2.44,0.0,0.0,0.47
2021-11-15,603790,9.89,10.08,10.13,9.8,10501,10476754.0,3.35,2.44,0.24,0.55
2021-11-16,603790,10.12,9.9,10.15,9.89,7119,7098408.0,2.58,-1.79,-0.18,0.37
2021-11-17,603790,10.03,10.1,10.22,9.91,12220,12308812.0,3.13,2.02,0.2,0.64
2021-11-18,603790,10.11,9.95,10.11,9.91,7066,7068672.0,1.98,-1.49,-0.15,0.37
2021-11-19,603790,9.96,10.02,10.05,9.77,12432,12328219.0,2.81,0.7,0.07,0.65
2021-11-22,603790,10.01,9.9,10.08,9.85,9707,9643242.0,2.3,-1.2,-0.12,0.51
2021-11-23,603790,9.92,10.02,10.06,9.85,9597,9582467.0,2.12,1.21,0.12,0.5
2021-11-24,603790,10.02,10.07,10.16,9.92,9628,9665556.0,2.4,0.5,0.05,0.5
2021-11-25,603790,10.1,10.06,10.15,9.96,6552,6576927.0,1.89,-0.1,-0.01,0.34
2021-11-26,603790,10.06,9.94,10.06,9.92,6934,6905107.0,1.39,-1.19,-0.12,0.36
2021-11-29,603790,9.91,9.95,9.98,9.82,6919,6863337.0,1.61,0.1,0.01,0.36
2021-11-30,603790,9.98,10.11,10.18,9.9,12311,12417994.0,2.81,1.61,0.16,0.64
2021-12-01,603790,10.08,10.34,10.38,10.07,13438,13789724.0,3.07,2.27,0.23,0.7
2021-12-02,603790,10.33,10.19,10.33,10.16,8519,8707709.0,1.64,-1.45,-0.15,0.45
2021-12-03,603790,10.26,10.2,10.31,10.19,6634,6791133.0,1.18,0.1,0.01,0.35
2021-12-06,603790,10.23,9.99,10.29,9.98,10801,10873071.0,3.04,-2.06,-0.21,0.56
2021-12-07,603790,10.01,9.91,10.08,9.8,9751,9670895.0,2.8,-0.8,-0.08,0.51
2021-12-08,603790,9.91,9.94,9.96,9.83,8118,8041328.0,1.31,0.3,0.03,0.42
2021-12-09,603790,9.93,9.97,10.05,9.9,6873,6867831.0,1.51,0.3,0.03,0.36
2021-12-10,603790,9.99,10.15,10.17,9.93,13030,13119200.0,2.41,1.81,0.18,0.68
2021-12-13,603790,10.3,10.19,10.47,10.12,15170,15535356.0,3.45,0.39,0.04,0.79
2021-12-14,603790,10.15,10.35,10.38,10.11,13999,14378789.0,2.65,1.57,0.16,0.73
2021-12-15,603790,10.35,10.3,10.35,10.22,12086,12432300.0,1.26,-0.48,-0.05,0.63
2021-12-16,603790,10.25,10.3,10.34,10.25,8583,8838169.0,0.87,0.0,0.0,0.45
2021-12-17,603790,10.31,10.34,10.37,10.2,10978,11274553.0,1.65,0.39,0.04,0.57
2021-12-20,603790,10.31,10.41,10.45,10.24,10353,10751119.0,2.03,0.68,0.07,0.54
2021-12-21,603790,10.4,10.54,10.55,10.38,9936,10421785.0,1.63,1.25,0.13,0.52
2021-12-22,603790,10.57,10.49,10.57,10.3,10329,10774224.0,2.56,-0.47,-0.05,0.54
2021-12-23,603790,10.46,10.28,10.49,10.26,7822,8084572.0,2.19,-2.0,-0.21,0.41
2021-12-24,603790,10.26,10.09,10.31,10.07,10558,10707716.0,2.33,-1.85,-0.19,0.55
2021-12-27,603790,10.12,10.3,10.31,10.1,6882,7028852.0,2.08,2.08,0.21,0.36
2021-12-28,603790,10.33,10.51,10.55,10.33,11890,12436822.0,2.14,2.04,0.21,0.62
2021-12-29,603790,10.44,10.48,10.53,10.39,7574,7938434.0,1.33,-0.29,-0.03,0.4
2021-12-30,603790,10.4,10.42,10.52,10.4,7343,7672231.0,1.15,-0.57,-0.06,0.38
2021-12-31,603790,10.43,10.53,10.6,10.42,7591,7985005.0,1.73,1.06,0.11,0.4
2022-01-04,603790,10.6,10.73,10.83,10.56,17242,18508633.0,2.56,1.9,0.2,0.9
2022-01-05,603790,10.74,10.74,10.79,10.63,11975,12837805.0,1.49,0.09,0.01,0.63
2022-01-06,603790,10.74,10.7,10.78,10.6,9039,9665451.0,1.68,-0.37,-0.04,0.47
2022-01-07,603790,10.75,10.43,10.75,10.4,9097,9634621.0,3.27,-2.52,-0.27,0.48
2022-01-10,603790,10.48,10.68,10.72,10.41,7655,8119557.0,2.97,2.4,0.25,0.4
2022-01-11,603790,10.7,10.62,10.81,10.58,8649,9229869.0,2.15,-0.56,-0.06,0.45
2022-01-12,603790,10.67,10.87,10.93,10.66,12818,13912055.0,2.54,2.35,0.25,0.67
2022-01-13,603790,10.9,10.77,10.92,10.74,9301,10070224.0,1.66,-0.92,-0.1,0.49
2022-01-14,603790,10.81,10.68,10.86,10.66,9535,10268455.0,1.86,-0.84,-0.09,0.5
2022-01-17,603790,10.68,10.77,10.89,10.68,8591,9269452.0,1.97,0.84,0.09,0.45
2022-01-18,603790,10.77,10.54,10.89,10.49,11894,12617813.0,3.71,-2.14,-0.23,0.62
2022-01-19,603790,10.58,10.73,10.85,10.49,10943,11722283.0,3.42,1.8,0.19,0.57
2022-01-20,603790,10.73,10.37,10.73,10.35,11850,12404470.0,3.54,-3.36,-0.36,0.62
2022-01-21,603790,10.35,10.47,10.54,10.33,7942,8292980.0,2.03,0.96,0.1,0.42
2022-01-24,603790,10.46,10.36,10.5,10.34,5819,6048519.0,1.53,-1.05,-0.11,0.3
2022-01-25,603790,10.33,9.81,10.37,9.8,13806,13851416.0,5.5,-5.31,-0.55,0.72
2022-01-26,603790,9.83,9.95,9.97,9.77,6151,6078384.0,2.04,1.43,0.14,0.32
2022-01-27,603790,9.96,9.67,9.96,9.6,9708,9441941.0,3.62,-2.81,-0.28,0.51
2022-01-28,603790,9.71,9.97,10.08,9.71,6713,6666314.0,3.83,3.1,0.3,0.35
2022-02-07,603790,10.08,10.16,10.2,10.03,6152,6233120.0,1.71,1.91,0.19,0.32
2022-02-08,603790,10.16,10.27,10.36,10.1,6318,6464302.0,2.56,1.08,0.11,0.33
2022-02-09,603790,10.32,10.31,10.36,10.23,5503,5667517.0,1.27,0.39,0.04,0.29
2022-02-10,603790,10.27,10.41,10.46,10.2,7087,7296151.0,2.52,0.97,0.1,0.37
2022-02-11,603790,10.36,10.16,10.41,10.15,7232,7393574.0,2.5,-2.4,-0.25,0.38
2022-02-14,603790,10.09,10.35,10.39,10.09,6215,6412903.0,2.95,1.87,0.19,0.32
2022-02-15,603790,10.39,10.33,10.55,10.21,8740,9041670.0,3.29,-0.19,-0.02,0.46
2022-02-16,603790,10.39,10.53,10.55,10.38,8751,9164758.0,1.65,1.94,0.2,0.46
2022-02-17,603790,10.52,10.5,10.64,10.36,7279,7657441.0,2.66,-0.28,-0.03,0.38
2022-02-18,603790,10.42,10.53,10.59,10.37,6875,7196821.0,2.1,0.29,0.03,0.36
2022-02-21,603790,10.55,10.66,10.68,10.54,6695,7115751.0,1.33,1.23,0.13,0.35
2022-02-22,603790,10.66,10.57,10.71,10.52,9212,9763447.0,1.78,-0.84,-0.09,0.48
2022-02-23,603790,10.58,10.63,10.68,10.58,6530,6943406.0,0.95,0.57,0.06,0.34
2022-02-24,603790,10.58,10.47,10.72,10.26,18375,19301512.0,4.33,-1.51,-0.16,0.96
2022-02-25,603790,10.47,10.44,10.64,10.35,7820,8203008.0,2.77,-0.29,-0.03,0.41
2022-02-28,603790,10.46,10.31,10.52,10.17,8547,8788659.0,3.35,-1.25,-0.13,0.45
2022-03-01,603790,10.4,10.59,10.62,10.37,9226,9683529.0,2.42,2.72,0.28,0.48
2022-03-02,603790,10.58,10.62,10.68,10.5,9170,9719503.0,1.7,0.28,0.03,0.48
2022-03-03,603790,10.66,10.64,10.69,10.56,9341,9917766.0,1.22,0.19,0.02,0.49
2022-03-04,603790,10.64,10.65,10.65,10.54,7814,8284140.0,1.03,0.09,0.01,0.41
2022-03-07,603790,10.68,10.44,10.79,10.39,10823,11424320.0,3.76,-1.97,-0.21,0.57
2022-03-08,603790,10.46,10.1,10.54,10.1,11155,11440300.0,4.21,-3.26,-0.34,0.58
2022-03-09,603790,10.16,9.91,10.28,9.56,12618,12573427.0,7.13,-1.88,-0.19,0.66
2022-03-10,603790,10.06,10.05,10.22,10.02,5998,6079335.0,2.02,1.41,0.14,0.31
2022-03-11,603790,10.05,10.14,10.18,9.82,6156,6154951.0,3.58,0.9,0.09,0.32
2022-03-14,603790,10.13,9.89,10.14,9.88,7847,7872185.0,2.56,-2.47,-0.25,0.41
2022-03-15,603790,9.93,9.4,9.93,9.4,12347,11938533.0,5.36,-4.95,-0.49,0.65
2022-03-16,603790,9.58,9.72,9.74,9.36,9175,8791909.0,4.04,3.4,0.32,0.48
2022-03-17,603790,9.91,9.7,9.97,9.7,8677,8515156.0,2.78,-0.21,-0.02,0.45
2022-03-18,603790,9.77,9.9,9.97,9.69,6862,6777319.0,2.89,2.06,0.2,0.36
2022-03-21,603790,9.97,10.02,10.09,9.85,5998,5981834.0,2.42,1.21,0.12,0.31
2022-03-22,603790,10.02,10.15,10.25,9.86,8307,8395285.0,3.89,1.3,0.13,0.43
2022-03-23,603790,10.1,10.15,10.25,10.1,5201,5286091.0,1.48,0.0,0.0,0.27
2022-03-24,603790,10.19,10.13,10.19,9.93,5731,5752970.0,2.56,-0.2,-0.02,0.3
2022-03-25,603790,10.05,10.2,10.27,10.0,7679,7812118.0,2.67,0.69,0.07,0.4
2022-03-28,603790,10.2,10.23,10.36,10.0,10118,10315237.0,3.53,0.29,0.03,0.53
2022-03-29,603790,10.2,10.13,10.26,10.03,5351,5431963.0,2.25,-0.98,-0.1,0.28
2022-03-30,603790,10.11,10.17,10.2,10.07,7020,7121388.0,1.28,0.39,0.04,0.37
2022-03-31,603790,10.18,10.27,10.35,10.13,6594,6769606.0,2.16,0.98,0.1,0.34
2022-04-01,603790,10.29,10.19,10.3,10.1,6141,6244715.0,1.95,-0.78,-0.08,0.32
2022-04-06,603790,10.22,10.34,10.46,10.14,11043,11420922.0,3.14,1.47,0.15,0.58
2022-04-07,603790,10.31,10.18,10.39,10.12,7717,7920475.0,2.61,-1.55,-0.16,0.4
2022-04-08,603790,10.18,10.11,10.25,9.88,9770,9847948.0,3.63,-0.69,-0.07,0.51
2022-04-11,603790,10.22,9.77,10.22,9.66,9205,9104803.0,5.54,-3.36,-0.34,0.48
2022-04-12,603790,9.79,10.0,10.01,9.62,8062,7958723.0,3.99,2.35,0.23,0.42
2022-04-13,603790,10.01,9.9,10.04,9.82,5737,5685325.0,2.2,-1.0,-0.1,0.3
2022-04-14,603790,9.98,10.1,10.2,9.9,12062,12170368.0,3.03,2.02,0.2,0.63
2022-04-15,603790,10.01,9.68,10.13,9.65,12301,12104540.0,4.75,-4.16,-0.42,0.64
2022-04-18,603790,9.63,9.96,9.99,9.43,9414,9230798.0,5.79,2.89,0.28,0.49
2022-04-19,603790,9.95,10.07,10.1,9.93,7055,7078016.0,1.71,1.1,0.11,0.37
2022-04-20,603790,10.05,10.01,10.17,9.94,6774,6816851.0,2.28,-0.6,-0.06,0.35
2022-04-21,603790,10.02,9.8,10.15,9.8,9609,9570548.0,3.5,-2.1,-0.21,0.5
2022-04-22,603790,9.8,9.76,9.94,9.65,9495,9293529.0,2.96,-0.41,-0.04,0.5
2022-04-25,603790,9.69,8.81,9.69,8.78,17218,15787447.0,9.32,-9.73,-0.95,0.9
2022-04-26,603790,8.81,8.46,8.9,8.42,14925,12862904.0,5.45,-3.97,-0.35,0.78
2022-04-27,603790,8.29,8.4,8.49,7.88,19005,15449689.0,7.21,-0.71,-0.06,0.99
2022-04-28,603790,8.45,8.42,8.64,8.22,14236,12022730.0,5.0,0.24,0.02,0.74
2022-04-29,603790,8.45,8.8,8.97,8.45,17334,15159548.0,6.18,4.51,0.38,0.91
2022-05-05,603790,8.78,9.05,9.11,8.78,12250,11019411.0,3.75,2.84,0.25,0.64
2022-05-06,603790,8.89,9.06,9.17,8.84,8677,7855116.0,3.65,0.11,0.01,0.45
2022-05-09,603790,8.96,9.3,9.33,8.93,6812,6295216.0,4.42,2.65,0.24,0.36
2022-05-10,603790,9.17,9.29,9.39,9.17,6890,6390846.0,2.37,-0.11,-0.01,0.36
2022-05-11,603790,9.16,9.2,9.42,9.16,7156,6686745.0,2.8,-0.97,-0.09,0.37
2022-05-12,603790,9.17,9.24,9.32,9.12,5486,5060747.0,2.17,0.43,0.04,0.29
2022-05-13,603790,9.1,9.32,9.37,9.1,3748,3484935.0,2.92,0.87,0.08,0.2
2022-05-16,603790,9.36,9.38,9.42,9.22,6318,5906643.0,2.15,0.64,0.06,0.33
2022-05-17,603790,9.53,9.36,9.53,9.22,6159,5758153.0,3.3,-0.21,-0.02,0.32
2022-05-18,603790,9.39,9.3,9.41,9.24,7103,6627920.0,1.82,-0.64,-0.06,0.37
2022-05-19,603790,9.34,9.27,9.34,9.2,4898,4540650.0,1.51,-0.32,-0.03,0.26
2022-05-20,603790,9.21,9.37,9.42,9.21,6637,6220634.0,2.27,1.08,0.1,0.35
2022-05-23,603790,9.39,9.62,9.68,9.32,8318,7931699.0,3.84,2.67,0.25,0.43
2022-05-24,603790,9.65,9.09,9.66,9.07,7777,7264331.0,6.13,-5.51,-0.53,0.41
2022-05-25,603790,9.29,9.53,9.55,9.12,9182,8636539.0,4.73,4.84,0.44,0.48
2022-05-26,603790,9.41,9.37,9.59,9.28,8612,8098196.0,3.25,-1.68,-0.16,0.45
2022-05-27,603790,9.43,9.36,9.52,9.32,6352,5988791.0,2.13,-0.11,-0.01,0.33
2022-05-30,603790,9.46,9.59,9.59,9.39,8248,7839412.0,2.14,2.46,0.23,0.43
2022-05-31,603790,9.58,9.62,9.73,9.47,7390,7087663.0,2.71,0.31,0.03,0.39
2022-06-01,603790,9.65,9.76,9.82,9.52,7304,7109558.0,3.12,1.46,0.14,0.38
2022-06-02,603790,9.76,9.82,9.85,9.63,5685,5557247.0,2.25,0.61,0.06,0.3
2022-06-06,603790,9.82,9.96,10.09,9.74,8719,8687968.0,3.56,1.43,0.14,0.46
2022-06-07,603790,9.96,9.98,10.09,9.83,6417,6395664.0,2.61,0.2,0.02,0.34
2022-06-08,603790,10.09,9.87,10.11,9.7,10189,10000772.0,4.11,-1.1,-0.11,0.53
2022-06-09,603790,9.92,9.71,9.93,9.11,8458,8271251.0,8.31,-1.62,-0.16,0.44
2022-06-10,603790,9.75,10.02,10.05,9.59,8180,8128360.0,4.74,3.19,0.31,0.43
2022-06-13,603790,10.02,10.07,10.09,9.86,7254,7232707.0,2.3,0.5,0.05,0.38
2022-06-14,603790,9.99,9.91,9.99,9.63,8861,8675470.0,3.57,-1.59,-0.16,0.46
2022-06-15,603790,9.96,9.82,9.99,9.79,8532,8429648.0,2.02,-0.91,-0.09,0.45
2022-06-16,603790,9.76,9.81,9.94,9.74,6200,6095124.0,2.04,-0.1,-0.01,0.32
2022-06-17,603790,9.84,9.68,9.84,9.5,7166,6947632.0,3.47,-1.33,-0.13,0.37
2022-06-20,603790,9.78,9.79,9.84,9.52,7877,7675873.0,3.31,1.14,0.11,0.41
2022-06-21,603790,9.85,9.78,9.98,9.61,9369,9174713.0,3.78,-0.1,-0.01,0.49
2022-06-22,603790,9.79,9.62,9.79,9.6,6243,6047149.0,1.94,-1.64,-0.16,0.33
2022-06-23,603790,9.61,9.83,9.83,9.58,7006,6821333.0,2.6,2.18,0.21,0.37
2022-06-24,603790,9.89,9.88,9.9,9.78,7098,6995713.0,1.22,0.51,0.05,0.37
2022-06-27,603790,9.99,9.94,10.05,9.88,7251,7228858.0,1.72,0.61,0.06,0.38
2022-06-28,603790,9.96,10.93,10.93,9.9,45359,48296902.0,10.36,9.96,0.99,2.37
2022-06-29,603790,11.2,10.45,11.2,10.42,88637,96121659.0,7.14,-4.39,-0.48,4.63
2022-06-30,603790,10.5,10.63,10.92,10.44,47293,50312556.0,4.59,1.72,0.18,2.47
2022-07-01,603790,10.49,10.52,10.74,10.34,35891,37821325.0,3.76,-1.03,-0.11,1.88
2022-07-04,603790,10.55,10.31,10.7,10.25,26293,27259767.0,4.28,-2.0,-0.21,1.37
2022-07-05,603790,10.31,10.19,10.43,10.11,16640,17019287.0,3.1,-1.16,-0.12,0.87
2022-07-06,603790,10.19,10.15,10.29,10.04,15580,15825093.0,2.45,-0.39,-0.04,0.81
2022-07-07,603790,10.15,10.33,10.49,10.06,16172,16714017.0,4.24,1.77,0.18,0.85
2022-07-08,603790,10.38,10.3,10.71,10.28,20612,21562858.0,4.16,-0.29,-0.03,1.08
2022-07-11,603790,10.3,10.14,10.39,10.05,11310,11485017.0,3.3,-1.55,-0.16,0.59
2022-07-12,603790,10.17,10.02,10.29,9.98,14204,14356068.0,3.06,-1.18,-0.12,0.74
2022-07-13,603790,10.09,10.2,10.23,9.95,14064,14267174.0,2.79,1.8,0.18,0.73
2022-07-14,603790,10.19,10.24,10.32,10.1,9496,9701046.0,2.16,0.39,0.04,0.5
2022-07-15,603790,10.27,9.91,10.27,9.89,14281,14315037.0,3.71,-3.22,-0.33,0.75
2022-07-18,603790,9.84,10.24,10.39,9.84,16783,17154059.0,5.55,3.33,0.33,0.88
2022-07-19,603790,10.24,10.4,10.46,10.11,16339,16909955.0,3.42,1.56,0.16,0.85
2022-07-20,603790,10.35,10.38,10.42,10.32,9145,9475742.0,0.96,-0.19,-0.02,0.48
2022-07-21,603790,10.38,10.16,10.39,10.13,11938,12206423.0,2.5,-2.12,-0.22,0.62
2022-07-22,603790,10.14,10.26,10.38,10.14,9566,9797386.0,2.36,0.98,0.1,0.5
2022-07-25,603790,10.29,10.45,10.48,10.22,16465,17101385.0,2.53,1.85,0.19,0.86
2022-07-26,603790,10.5,10.45,10.5,10.1,15739,16240435.0,3.83,0.0,0.0,0.82
2022-07-27,603790,10.45,10.56,10.56,10.34,12974,13586179.0,2.11,1.05,0.11,0.68
2022-07-28,603790,10.59,10.63,10.73,10.56,15645,16665021.0,1.61,0.66,0.07,0.82
2022-07-29,603790,10.58,10.52,10.73,10.49,13665,14422782.0,2.26,-1.03,-0.11,0.71
2022-08-01,603790,10.63,10.72,10.82,10.49,16042,17071125.0,3.14,1.9,0.2,0.84
2022-08-02,603790,10.68,10.32,10.7,10.12,19395,20061644.0,5.41,-3.73,-0.4,1.01
2022-08-03,603790,10.34,10.32,10.74,10.22,15744,16495765.0,5.04,0.0,0.0,0.82
2022-08-04,603790,10.34,10.52,10.55,10.27,11141,11613087.0,2.71,1.94,0.2,0.58
2022-08-05,603790,10.48,10.64,10.7,10.34,17497,18422810.0,3.42,1.14,0.12,0.91
2022-08-08,603790,10.64,11.04,11.04,10.54,31567,34309006.0,4.7,3.76,0.4,1.65
2022-08-09,603790,11.04,11.02,11.06,10.89,15994,17548986.0,1.54,-0.18,-0.02,0.84
2022-08-10,603790,11.03,11.14,11.2,10.88,16493,18223958.0,2.9,1.09,0.12,0.86
2022-08-11,603790,11.15,11.16,11.34,11.07,15830,17667118.0,2.42,0.18,0.02,0.83
2022-08-12,603790,11.19,11.01,11.29,10.94,20202,22382449.0,3.14,-1.34,-0.15,1.06
2022-08-15,603790,11.18,10.98,11.18,10.83,14591,15983399.0,3.18,-0.27,-0.03,0.76
2022-08-16,603790,11.08,11.18,11.21,10.97,22065,24584042.0,2.19,1.82,0.2,1.15
2022-08-17,603790,11.18,11.03,11.2,10.96,16256,17945831.0,2.15,-1.34,-0.15,0.85
2022-08-18,603790,10.97,10.95,11.05,10.82,10018,10936672.0,2.09,-0.73,-0.08,0.52
2022-08-19,603790,10.93,10.76,11.1,10.74,13889,15104849.0,3.29,-1.74,-0.19,0.73
2022-08-22,603790,10.87,10.99,11.02,10.66,12731,13879353.0,3.35,2.14,0.23,0.67
2022-08-23,603790,11.02,11.15,11.15,10.9,12087,13346217.0,2.27,1.46,0.16,0.63
2022-08-24,603790,11.15,10.8,11.17,10.76,15954,17379118.0,3.68,-3.14,-0.35,0.83
2022-08-25,603790,10.8,10.72,10.92,10.5,12969,13848849.0,3.89,-0.74,-0.08,0.68
2022-08-26,603790,10.72,10.47,10.81,10.39,15309,16147051.0,3.92,-2.33,-0.25,0.8
2022-08-29,603790,10.49,10.6,10.67,10.05,15586,16305121.0,5.92,1.24,0.13,0.81
2022-08-30,603790,10.64,10.57,10.85,10.45,12231,12937211.0,3.77,-0.28,-0.03,0.64
2022-08-31,603790,10.6,10.22,10.75,10.16,16456,17061307.0,5.58,-3.31,-0.35,0.86
2022-09-01,603790,10.14,10.17,10.43,10.14,8075,8280072.0,2.84,-0.49,-0.05,0.42
2022-09-02,603790,10.22,10.56,10.57,10.15,12625,13166697.0,4.13,3.83,0.39,0.66
2022-09-05,603790,10.56,10.66,10.74,10.44,16737,17683957.0,2.84,0.95,0.1,0.87
2022-09-06,603790,10.66,10.8,10.84,10.57,14946,16067291.0,2.53,1.31,0.14,0.78
2022-09-07,603790,10.88,10.66,10.88,10.62,8369,8979265.0,2.41,-1.3,-0.14,0.44
2022-09-08,603790,10.76,10.47,10.77,10.4,6980,7360293.0,3.47,-1.78,-0.19,0.36
2022-09-09,603790,10.54,10.29,10.54,10.24,7051,7269541.0,2.87,-1.72,-0.18,0.37
2022-09-13,603790,10.33,10.24,10.43,10.17,10750,11039838.0,2.53,-0.49,-0.05,0.56
2022-09-14,603790,10.14,10.18,10.25,10.02,9589,9719359.0,2.25,-0.59,-0.06,0.5
2022-09-15,603790,10.19,9.88,10.28,9.74,10960,10894419.0,5.3,-2.95,-0.3,0.57
2022-09-16,603790,9.89,9.52,9.89,9.52,10823,10440749.0,3.74,-3.64,-0.36,0.57
2022-09-19,603790,9.55,9.36,9.67,9.22,7709,7228413.0,4.73,-1.68,-0.16,0.4
2022-09-20,603790,9.27,9.4,9.49,9.27,7747,7281385.0,2.35,0.43,0.04,0.4
2022-09-21,603790,9.41,9.51,9.59,9.24,7847,7407990.0,3.72,1.17,0.11,0.41
2022-09-22,603790,9.49,9.51,9.62,9.44,7369,7015534.0,1.89,0.0,0.0,0.39
2022-09-23,603790,9.41,9.22,9.54,9.16,10820,10034406.0,4.0,-3.05,-0.29,0.57
2022-09-26,603790,9.2,9.11,9.25,9.05,9114,8338692.0,2.17,-1.19,-0.11,0.48
2022-09-27,603790,9.06,9.29,9.34,9.06,5825,5398195.0,3.07,1.98,0.18,0.3
2022-09-28,603790,9.14,9.17,9.34,9.14,6463,5962161.0,2.15,-1.29,-0.12,0.34
2022-09-29,603790,9.18,9.13,9.29,9.12,8819,8091596.0,1.85,-0.44,-0.04,0.46
2022-09-30,603790,9.09,9.18,9.25,9.07,5204,4768370.0,1.97,0.55,0.05,0.27
2022-10-10,603790,9.18,9.15,9.25,8.9,8040,7301097.0,3.81,-0.33,-0.03,0.42
2022-10-11,603790,9.15,9.32,9.33,9.05,12052,11122420.0,3.06,1.86,0.17,0.63
2022-10-12,603790,9.32,9.39,9.39,9.15,8127,7557489.0,2.58,0.75,0.07,0.42
2022-10-13,603790,9.34,9.37,9.44,9.25,8522,7972693.0,2.02,-0.21,-0.02,0.45
2022-10-14,603790,9.38,9.46,9.49,9.38,11073,10474364.0,1.17,0.96,0.09,0.58
2022-10-17,603790,9.46,9.57,9.63,9.43,10333,9880586.0,2.11,1.16,0.11,0.54
2022-10-18,603790,9.57,9.88,9.94,9.54,17152,16822136.0,4.18,3.24,0.31,0.9
2022-10-19,603790,9.84,10.09,10.15,9.8,17521,17589224.0,3.54,2.13,0.21,0.92
2022-10-20,603790,10.05,10.06,10.18,9.8,14241,14226550.0,3.77,-0.3,-0.03,0.74
2022-10-21,603790,9.92,9.95,10.06,9.88,5493,5471195.0,1.79,-1.09,-0.11,0.29
2022-10-24,603790,10.04,9.64,10.05,9.64,9690,9487898.0,4.12,-3.12,-0.31,0.51
2022-10-25,603790,9.74,9.61,9.74,9.44,9373,8966767.0,3.11,-0.31,-0.03,0.49
2022-10-26,603790,9.69,9.83,9.91,9.57,10672,10447811.0,3.54,2.29,0.22,0.56
2022-10-27,603790,9.9,9.83,9.97,9.78,4752,4689962.0,1.93,0.0,0.0,0.25
2022-10-28,603790,9.75,9.33,9.8,9.32,7757,7366331.0,4.88,-5.09,-0.5,0.41
2022-10-31,603790,9.3,9.59,9.66,9.3,8261,7895854.0,3.86,2.79,0.26,0.43
2022-11-01,603790,9.62,9.77,9.77,9.56,6108,5920943.0,2.19,1.88,0.18,0.32
2022-11-02,603790,9.97,9.88,9.97,9.7,8646,8503281.0,2.76,1.13,0.11,0.45
2022-11-03,603790,9.85,9.88,9.97,9.79,7136,7045425.0,1.82,0.0,0.0,0.37
2022-11-04,603790,9.91,9.96,10.01,9.86,6994,6960036.0,1.52,0.81,0.08,0.37
2022-11-07,603790,10.0,10.26,10.32,9.91,15703,16028702.0,4.12,3.01,0.3,0.82
2022-11-08,603790,10.26,10.32,10.43,10.19,8760,9019781.0,2.34,0.58,0.06,0.46
2022-11-09,603790,10.32,10.27,10.4,10.2,8423,8652614.0,1.94,-0.48,-0.05,0.44
2022-11-10,603790,10.27,10.25,10.32,10.21,4706,4831455.0,1.07,-0.19,-0.02,0.25
2022-11-11,603790,10.33,10.36,10.41,10.23,10022,10335097.0,1.76,1.07,0.11,0.52
2022-11-14,603790,10.36,10.29,10.39,10.24,6096,6281267.0,1.45,-0.68,-0.07,0.32
2022-11-15,603790,10.29,10.36,10.43,10.2,7336,7597196.0,2.24,0.68,0.07,0.38
2022-11-16,603790,10.36,10.37,10.45,10.29,6397,6626565.0,1.54,0.1,0.01,0.33
2022-11-17,603790,10.36,10.55,10.57,10.26,11658,12178142.0,2.99,1.74,0.18,0.61
2022-11-18,603790,10.55,10.41,10.7,10.41,9825,10347664.0,2.75,-1.33,-0.14,0.51
2022-11-21,603790,10.45,10.89,10.93,10.35,27748,29793577.0,5.57,4.61,0.48,1.45
2022-11-22,603790,10.79,10.87,11.27,10.73,40559,44584629.0,4.96,-0.18,-0.02,2.12
2022-11-23,603790,10.87,10.56,10.87,10.4,23693,25111086.0,4.32,-2.85,-0.31,1.24
2022-11-24,603790,10.58,10.8,10.89,10.58,13393,14441894.0,2.94,2.27,0.24,0.7
2022-11-25,603790,11.08,10.6,11.08,10.57,9527,10173232.0,4.72,-1.85,-0.2,0.5
2022-11-28,603790,10.54,10.47,10.58,10.39,10037,10511649.0,1.79,-1.23,-0.13,0.52
2022-11-29,603790,10.59,10.86,10.97,10.48,21780,23554572.0,4.68,3.72,0.39,1.14
2022-11-30,603790,10.85,10.7,10.9,10.67,11398,12259980.0,2.12,-1.47,-0.16,0.6
2022-12-01,603790,10.8,10.86,10.89,10.63,18634,20039623.0,2.43,1.5,0.16,0.97
2022-12-02,603790,10.83,10.91,11.02,10.74,10650,11653621.0,2.58,0.46,0.05,0.56
2022-12-05,603790,10.91,11.03,11.06,10.8,13637,14898826.0,2.38,1.1,0.12,0.71
2022-12-06,603790,10.88,11.03,11.43,10.88,24063,26975657.0,4.99,0.0,0.0,1.26
2022-12-07,603790,11.11,11.23,11.24,11.04,17611,19697746.0,1.81,1.81,0.2,0.92
2022-12-08,603790,11.23,11.11,11.25,11.07,11232,12512814.0,1.6,-1.07,-0.12,0.59
2022-12-09,603790,11.16,10.95,11.28,10.92,10020,11041174.0,3.24,-1.44,-0.16,0.52
2022-12-12,603790,11.1,11.0,11.1,10.8,10331,11317367.0,2.74,0.46,0.05,0.54
2022-12-13,603790,11.09,10.88,11.09,10.73,9946,10778167.0,3.27,-1.09,-0.12,0.52
2022-12-14,603790,10.88,10.94,11.11,10.84,10480,11542445.0,2.48,0.55,0.06,0.55
2022-12-15,603790,11.0,10.89,11.08,10.84,6197,6769425.0,2.19,-0.46,-0.05,0.32
2022-12-16,603790,10.92,10.62,10.92,10.52,8762,9357338.0,3.67,-2.48,-0.27,0.46
2022-12-19,603790,10.67,10.57,10.74,10.42,10982,11638880.0,3.01,-0.47,-0.05,0.57
2022-12-20,603790,10.53,10.53,10.78,10.5,5723,6064378.0,2.65,-0.38,-0.04,0.3
2022-12-21,603790,10.64,10.59,10.64,10.42,7524,7942913.0,2.09,0.57,0.06,0.39
2022-12-22,603790,10.66,10.32,10.66,10.25,7557,7877344.0,3.87,-2.55,-0.27,0.39
2022-12-23,603790,10.38,10.3,10.42,10.16,6440,6623987.0,2.52,-0.19,-0.02,0.34
2022-12-26,603790,10.37,10.18,10.38,10.05,10520,10706136.0,3.2,-1.17,-0.12,0.55
2022-12-27,603790,10.23,10.19,10.27,10.07,4624,4705249.0,1.96,0.1,0.01,0.24
2022-12-28,603790,10.21,10.01,10.21,9.94,4953,4970209.0,2.65,-1.77,-0.18,0.26
2022-12-29,603790,10.05,9.89,10.05,9.85,4372,4350379.0,2.0,-1.2,-0.12,0.23
2022-12-30,603790,9.96,10.01,10.1,9.94,3729,3730218.0,1.62,1.21,0.12,0.19
2023-01-03,603790,10.0,11.01,11.01,10.0,28799,31069933.0,10.09,9.99,1.0,1.5
2023-01-04,603790,11.3,11.19,11.59,11.14,65936,74379483.0,4.09,1.63,0.18,3.45
2023-01-05,603790,11.3,11.62,11.8,11.13,53094,61307865.0,5.99,3.84,0.43,2.77
2023-01-06,603790,11.71,11.72,12.18,11.66,57730,68527945.0,4.48,0.86,0.1,3.02
2023-01-09,603790,11.87,11.87,12.16,11.86,42061,50403890.0,2.56,1.28,0.15,2.2
2023-01-10,603790,12.15,11.79,12.15,11.68,24397,28854579.0,3.96,-0.67,-0.08,1.27
2023-01-11,603790,11.87,11.46,11.89,11.4,21788,25288958.0,4.16,-2.8,-0.33,1.14
2023-01-12,603790,11.45,11.33,11.8,11.25,17946,20420187.0,4.8,-1.13,-0.13,0.94
2023-01-13,603790,11.37,11.36,11.44,11.21,14777,16732077.0,2.03,0.26,0.03,0.77
2023-01-16,603790,11.38,12.3,12.42,11.37,47570,57769124.0,9.24,8.27,0.94,2.49
2023-01-17,603790,12.21,11.93,12.3,11.74,26348,31461561.0,4.55,-3.01,-0.37,1.38
2023-01-18,603790,11.94,11.83,12.14,11.76,16456,19585400.0,3.19,-0.84,-0.1,0.86
2023-01-19,603790,11.91,12.03,12.09,11.7,20070,23958926.0,3.3,1.69,0.2,1.05
2023-01-20,603790,12.03,11.84,12.08,11.81,13822,16427620.0,2.24,-1.58,-0.19,0.72
2023-01-30,603790,11.94,11.82,12.06,11.7,18673,22059766.0,3.04,-0.17,-0.02,0.98
2023-01-31,603790,11.9,11.89,11.9,11.65,13795,16258891.0,2.12,0.59,0.07,0.72
2023-02-01,603790,11.71,11.83,11.86,11.6,19356,22754278.0,2.19,-0.5,-0.06,1.01
2023-02-02,603790,11.84,11.99,12.04,11.77,20632,24607263.0,2.28,1.35,0.16,1.08
2023-02-03,603790,11.9,12.06,12.1,11.84,22730,27243854.0,2.17,0.58,0.07,1.19
2023-02-06,603790,12.03,11.74,12.06,11.69,22333,26343914.0,3.07,-2.65,-0.32,1.17
2023-02-07,603790,11.79,11.79,11.83,11.6,11613,13602194.0,1.96,0.43,0.05,0.61
2023-02-08,603790,11.82,11.74,11.86,11.69,9661,11360810.0,1.44,-0.42,-0.05,0.5
2023-02-09,603790,11.72,11.81,11.88,11.64,10637,12538508.0,2.04,0.6,0.07,0.56
2023-02-10,603790,11.84,11.72,11.91,11.7,10267,12101428.0,1.78,-0.76,-0.09,0.54
2023-02-13,603790,11.8,12.1,12.3,11.75,25181,30367818.0,4.69,3.24,0.38,1.32
2023-02-14,603790,12.16,12.05,12.16,11.91,12359,14863624.0,2.07,-0.41,-0.05,0.65
2023-02-15,603790,12.1,11.93,12.15,11.91,14916,17909596.0,1.99,-1.0,-0.12,0.78
2023-02-16,603790,11.99,11.46,12.12,11.38,21507,25146956.0,6.2,-3.94,-0.47,1.12
2023-02-17,603790,11.5,11.44,11.82,11.41,12618,14622137.0,3.58,-0.17,-0.02,0.66
2023-02-20,603790,11.5,11.53,11.54,11.32,10598,12103407.0,1.92,0.79,0.09,0.55
2023-02-21,603790,11.54,11.54,11.55,11.4,8083,9289144.0,1.3,0.09,0.01,0.42
2023-02-22,603790,11.55,11.43,11.55,11.38,7574,8654832.0,1.47,-0.95,-0.11,0.4
2023-02-23,603790,11.46,11.43,11.56,11.38,11264,12886159.0,1.57,0.0,0.0,0.59
2023-02-24,603790,11.45,11.4,11.5,11.33,8665,9888814.0,1.49,-0.26,-0.03,0.45
2023-02-27,603790,11.4,11.57,11.98,11.35,28283,33082830.0,5.53,1.49,0.17,1.48
2023-02-28,603790,11.6,11.79,11.81,11.49,12394,14447806.0,2.77,1.9,0.22,0.65
2023-03-01,603790,11.8,11.88,12.01,11.77,18678,22183209.0,2.04,0.76,0.09,0.98
2023-03-02,603790,11.94,11.8,11.95,11.74,10099,11958436.0,1.77,-0.67,-0.08,0.53
2023-03-03,603790,11.86,11.58,11.86,11.5,9953,11581131.0,3.05,-1.86,-0.22,0.52
2023-03-06,603790,11.58,11.44,11.7,11.4,7401,8495578.0,2.59,-1.21,-0.14,0.39
2023-03-07,603790,11.47,11.25,11.48,11.18,16588,18809383.0,2.62,-1.66,-0.19,0.87
2023-03-08,603790,11.18,11.19,11.37,11.14,7614,8530077.0,2.04,-0.53,-0.06,0.4
2023-03-09,603790,11.19,11.39,11.4,11.13,7887,8901570.0,2.41,1.79,0.2,0.41
2023-03-10,603790,11.39,11.08,11.39,11.06,8032,8985629.0,2.9,-2.72,-0.31,0.42
2023-03-13,603790,11.09,11.01,11.24,10.95,7711,8498894.0,2.62,-0.63,-0.07,0.4
2023-03-14,603790,10.96,10.78,11.05,10.67,16495,17779744.0,3.45,-2.09,-0.23,0.86
2023-03-15,603790,10.86,11.05,11.29,10.79,13011,14297616.0,4.64,2.5,0.27,0.68
2023-03-16,603790,11.12,10.83,11.12,10.75,8106,8823094.0,3.35,-1.99,-0.22,0.42
2023-03-17,603790,10.88,10.86,10.98,10.78,7229,7871528.0,1.85,0.28,0.03,0.38
2023-03-20,603790,10.86,10.89,10.98,10.8,12014,13074665.0,1.66,0.28,0.03,0.63
2023-03-21,603790,10.83,11.08,11.1,10.83,8527,9404271.0,2.48,1.74,0.19,0.45
2023-03-22,603790,11.05,11.23,11.27,11.03,7946,8894147.0,2.17,1.35,0.15,0.42
2023-03-23,603790,11.19,11.33,11.39,11.13,12443,14008137.0,2.32,0.89,0.1,0.65
2023-03-24,603790,11.36,11.7,11.86,11.32,21010,24477530.0,4.77,3.27,0.37,1.1
2023-03-27,603790,11.58,11.56,11.73,11.42,16100,18615878.0,2.65,-1.2,-0.14,0.84
2023-03-28,603790,11.64,11.57,11.74,11.51,10616,12309949.0,1.99,0.09,0.01,0.55
2023-03-29,603790,11.56,11.39,11.67,11.33,7260,8309094.0,2.94,-1.56,-0.18,0.38
2023-03-30,603790,11.44,11.19,11.46,11.15,7116,7993060.0,2.72,-1.76,-0.2,0.37
2023-03-31,603790,11.25,11.26,11.37,11.09,8865,9929673.0,2.5,0.63,0.07,0.46
2023-04-03,603790,11.35,11.12,11.35,10.95,14570,16159151.0,3.55,-1.24,-0.14,0.76
2023-04-04,603790,11.1,10.82,11.13,10.77,14424,15675061.0,3.24,-2.7,-0.3,0.75
2023-04-06,603790,10.81,10.78,10.86,10.65,9564,10255971.0,1.94,-0.37,-0.04,0.5
2023-04-07,603790,10.78,10.97,11.05,10.71,9795,10664733.0,3.15,1.76,0.19,0.51
2023-04-10,603790,10.97,10.67,10.98,10.6,14820,15888323.0,3.46,-2.73,-0.3,0.77
2023-04-11,603790,10.65,10.61,10.83,10.55,8757,9304581.0,2.62,-0.56,-0.06,0.46
2023-04-12,603790,10.59,10.72,10.75,10.59,7654,8161479.0,1.51,1.04,0.11,0.4
2023-04-13,603790,10.72,10.61,10.74,10.6,4983,5302342.0,1.31,-1.03,-0.11,0.26
2023-04-14,603790,10.61,10.62,10.68,10.52,5856,6196480.0,1.51,0.09,0.01,0.31
2023-04-17,603790,10.62,10.85,11.03,10.62,15400,16757371.0,3.86,2.17,0.23,0.8
2023-04-18,603790,10.88,10.87,11.11,10.85,8809,9636636.0,2.4,0.18,0.02,0.46
2023-04-19,603790,10.84,10.92,10.99,10.72,9458,10272792.0,2.48,0.46,0.05,0.49
2023-04-20,603790,10.86,11.08,11.08,10.82,10923,11987644.0,2.38,1.47,0.16,0.57
2023-04-21,603790,11.04,10.74,11.55,10.71,20078,22387430.0,7.58,-3.07,-0.34,1.05
2023-05-11,603790,11.81,11.81,11.81,11.81,3331,3934265.0,0.0,9.96,1.07,0.17
2023-05-12,603790,12.99,12.99,12.99,12.99,4512,5860958.0,0.0,9.99,1.18,0.24
2023-05-15,603790,14.29,14.29,14.29,13.3,208192,293209466.0,7.62,10.01,1.3,10.88
2023-05-16,603790,14.0,14.75,14.99,13.6,208378,296370066.0,9.73,3.22,0.46,10.89
2023-05-17,603790,13.81,14.31,14.46,13.29,154545,216305408.0,7.93,-2.98,-0.44,8.08
2023-05-18,603790,14.01,13.68,14.1,13.31,114964,157090273.0,5.52,-4.4,-0.63,6.01
2023-05-19,603790,13.68,13.86,14.15,13.39,81101,111987050.0,5.56,1.32,0.18,4.24
2023-05-22,603790,13.97,14.35,14.58,13.81,105541,150414916.0,5.56,3.54,0.49,5.52
2023-05-23,603790,14.1,14.57,15.39,13.93,127692,185247948.0,10.17,1.53,0.22,6.67
2023-05-24,603790,14.39,15.25,15.3,14.16,134314,199380549.0,7.82,4.67,0.68,7.02
2023-05-25,603790,14.85,14.19,14.85,14.06,108083,155763200.0,5.18,-6.95,-1.06,5.65
2023-05-26,603790,14.02,14.26,14.55,14.02,55747,79400247.0,3.74,0.49,0.07,2.91
2023-05-29,603790,14.06,14.03,14.35,14.0,39819,56154673.0,2.45,-1.61,-0.23,2.08
2023-05-30,603790,13.99,13.87,14.15,13.82,45821,63886698.0,2.35,-1.14,-0.16,2.39
2023-05-31,603790,13.72,13.87,14.05,13.6,29444,40907669.0,3.24,0.0,0.0,1.54
2023-06-01,603790,13.85,13.95,14.08,13.76,20902,29122711.0,2.31,0.58,0.08,1.09
2023-06-02,603790,14.07,14.07,14.3,13.82,30009,42177986.0,3.44,0.86,0.12,1.57
2023-06-05,603790,14.07,14.46,14.7,13.93,55742,80730690.0,5.47,2.77,0.39,2.91
2023-06-06,603790,14.37,14.55,14.64,14.31,31577,45679294.0,2.28,0.62,0.09,1.65
2023-06-07,603790,14.2,14.66,14.78,14.2,34262,49919390.0,3.99,0.76,0.11,1.79
2023-06-08,603790,14.6,14.5,14.77,14.29,27575,39989981.0,3.27,-1.09,-0.16,1.44
2023-06-09,603790,14.51,14.03,15.1,14.03,41448,59806060.0,7.38,-3.24,-0.47,2.17
2023-06-12,603790,13.99,14.14,14.34,13.88,33512,47386730.0,3.28,0.78,0.11,1.75
2023-06-13,603790,14.18,14.35,14.6,14.07,34809,50099861.0,3.75,1.49,0.21,1.82
2023-06-14,603790,14.39,14.59,14.74,14.2,39973,58167237.0,3.76,1.67,0.24,2.09
2023-06-15,603790,14.75,15.12,15.17,14.38,52891,78584827.0,5.41,3.63,0.53,2.76
2023-06-16,603790,15.24,14.7,15.35,14.52,50590,74468126.0,5.49,-2.78,-0.42,2.64
2023-06-19,603790,14.68,14.81,15.15,14.68,31885,47514450.0,3.2,0.75,0.11,1.67
2023-06-20,603790,15.09,14.66,15.09,14.63,20263,29996366.0,3.11,-1.01,-0.15,1.06
2023-06-21,603790,14.6,14.5,14.88,14.5,16356,23910822.0,2.59,-1.09,-0.16,0.85
2023-06-26,603790,14.51,14.31,14.75,14.18,37976,54809190.0,3.93,-1.31,-0.19,1.98
2023-06-27,603790,14.28,14.68,14.7,14.28,22460,32727703.0,2.94,2.59,0.37,1.17
2023-06-28,603790,14.71,14.58,14.76,14.32,17019,24631510.0,3.0,-0.68,-0.1,0.89
2023-06-29,603790,14.58,14.73,14.9,14.49,21730,32044730.0,2.81,1.03,0.15,1.14
2023-06-30,603790,14.7,14.98,15.07,14.7,25665,38310734.0,2.51,1.7,0.25,1.34
2023-07-03,603790,14.94,14.68,15.1,14.52,38986,57677774.0,3.87,-2.0,-0.3,2.04
2023-07-04,603790,14.61,14.99,15.0,14.6,31498,46833361.0,2.72,2.11,0.31,1.65
2023-07-05,603790,14.99,14.9,15.15,14.82,23563,35193065.0,2.2,-0.6,-0.09,1.23
2023-07-06,603790,14.85,14.85,14.98,14.74,16024,23775576.0,1.61,-0.34,-0.05,0.84
2023-07-07,603790,14.92,14.8,14.99,14.74,12887,19142281.0,1.68,-0.34,-0.05,0.67
2023-07-10,603790,14.8,14.84,14.93,14.68,12515,18502026.0,1.69,0.27,0.04,0.65
2023-07-11,603790,14.91,15.3,15.3,14.75,34652,52259956.0,3.71,3.1,0.46,1.81
2023-07-12,603790,15.3,15.12,15.7,15.05,42509,65124127.0,4.25,-1.18,-0.18,2.22
2023-07-13,603790,15.09,15.1,15.39,14.97,17363,26168816.0,2.78,-0.13,-0.02,0.91
2023-07-14,603790,15.1,14.84,15.17,14.83,17079,25518533.0,2.25,-1.72,-0.26,0.89
2023-07-17,603790,14.84,14.78,15.01,14.63,14697,21690014.0,2.56,-0.4,-0.06,0.77
2023-07-18,603790,14.86,14.56,14.86,14.47,29154,42546076.0,2.64,-1.49,-0.22,1.52
2023-07-19,603790,14.8,14.59,14.81,14.5,14930,21763937.0,2.13,0.21,0.03,0.78
2023-07-20,603790,14.7,14.4,14.71,14.4,12275,17844014.0,2.12,-1.3,-0.19,0.64
2023-07-21,603790,14.39,14.31,14.47,14.31,10388,14937791.0,1.11,-0.63,-0.09,0.54
2023-07-24,603790,14.42,14.2,14.5,14.19,12494,17887821.0,2.17,-0.77,-0.11,0.65
2023-07-25,603790,14.42,14.29,14.49,14.23,13153,18860264.0,1.83,0.63,0.09,0.69
2023-07-26,603790,14.35,14.2,14.37,14.13,10865,15437107.0,1.68,-0.63,-0.09,0.57
2023-07-27,603790,14.25,14.02,14.42,13.98,12785,18146072.0,3.1,-1.27,-0.18,0.67
2023-07-28,603790,14.02,14.04,14.19,13.84,12460,17528640.0,2.5,0.14,0.02,0.65
2023-07-31,603790,14.05,13.92,14.14,13.91,12658,17708367.0,1.64,-0.85,-0.12,0.66
2023-08-01,603790,14.03,13.9,14.03,13.77,8160,11301544.0,1.87,-0.14,-0.02,0.43
2023-08-02,603790,13.9,13.75,13.96,13.71,12680,17501594.0,1.8,-1.08,-0.15,0.66
2023-08-03,603790,13.7,13.64,13.73,13.53,10092,13748712.0,1.45,-0.8,-0.11,0.53
2023-08-04,603790,13.8,13.8,14.01,13.7,15484,21454868.0,2.27,1.17,0.16,0.81
2023-08-07,603790,13.9,13.62,13.9,13.57,11045,15082434.0,2.39,-1.3,-0.18,0.58
2023-08-08,603790,13.64,13.74,13.77,13.54,10146,13858085.0,1.69,0.88,0.12,0.53
2023-08-09,603790,13.65,13.8,13.81,13.63,7392,10147759.0,1.31,0.44,0.06,0.39
2023-08-10,603790,13.9,13.49,13.9,13.47,16791,22805126.0,3.12,-2.25,-0.31,0.88
2023-08-11,603790,13.47,13.41,13.59,13.4,8410,11335521.0,1.41,-0.59,-0.08,0.44
2023-08-14,603790,13.32,13.43,13.47,13.2,13740,18288272.0,2.01,0.15,0.02,0.72
2023-08-15,603790,13.37,13.67,13.88,13.37,17893,24459382.0,3.8,1.79,0.24,0.94
2023-08-16,603790,13.57,13.37,13.65,13.3,9091,12272134.0,2.56,-2.19,-0.3,0.48
2023-08-17,603790,13.08,13.42,13.49,13.05,9659,12851277.0,3.29,0.37,0.05,0.5
2023-08-18,603790,13.53,13.35,13.58,13.27,10236,13786990.0,2.31,-0.52,-0.07,0.53
2023-08-21,603790,13.36,13.33,13.54,13.3,9329,12504752.0,1.8,-0.15,-0.02,0.49
2023-08-22,603790,13.3,13.21,13.42,13.03,12139,15963697.0,2.93,-0.9,-0.12,0.63
2023-08-23,603790,13.21,13.04,13.23,13.0,5519,7228166.0,1.74,-1.29,-0.17,0.29
2023-08-24,603790,13.04,12.99,13.2,12.83,15577,20197795.0,2.84,-0.38,-0.05,0.81
2023-08-25,603790,13.14,12.8,13.2,12.73,13768,17822637.0,3.62,-1.46,-0.19,0.72
2023-08-28,603790,13.48,12.8,13.48,12.75,14064,18344114.0,5.7,0.0,0.0,0.73
2023-08-29,603790,12.76,13.09,13.1,12.7,12761,16570999.0,3.13,2.27,0.29,0.67
2023-08-30,603790,13.27,13.29,13.5,13.09,16730,22339315.0,3.13,1.53,0.2,0.87
2023-08-31,603790,13.34,13.27,13.39,13.13,10743,14247616.0,1.96,-0.15,-0.02,0.56
2023-09-01,603790,13.32,13.2,13.32,13.05,7072,9331389.0,2.03,-0.53,-0.07,0.37
2023-09-04,603790,13.19,13.46,13.47,13.15,13811,18403036.0,2.42,1.97,0.26,0.72
2023-09-05,603790,13.35,13.46,13.57,13.35,7959,10726316.0,1.63,0.0,0.0,0.42
2023-09-06,603790,13.46,13.92,13.99,13.46,18828,25843925.0,3.94,3.42,0.46,0.98
2023-09-07,603790,13.9,13.68,13.95,13.65,16533,22801793.0,2.16,-1.72,-0.24,0.86
2023-09-08,603790,13.66,13.54,13.81,13.54,9045,12324050.0,1.97,-1.02,-0.14,0.47
2023-09-11,603790,13.5,13.55,13.69,13.45,12219,16595930.0,1.77,0.07,0.01,0.64
2023-09-12,603790,13.63,13.6,13.66,13.51,6866,9321529.0,1.11,0.37,0.05,0.36
2023-09-13,603790,13.6,13.51,13.75,13.42,8368,11296427.0,2.43,-0.66,-0.09,0.44
2023-09-14,603790,13.7,13.39,13.7,13.3,6794,9099464.0,2.96,-0.89,-0.12,0.36
2023-09-15,603790,13.44,13.33,13.48,13.31,4948,6623928.0,1.27,-0.45,-0.06,0.26
2023-09-18,603790,13.45,13.57,13.6,13.19,7640,10310057.0,3.08,1.8,0.24,0.4
2023-09-19,603790,13.57,13.38,13.6,13.33,6908,9270514.0,1.99,-1.4,-0.19,0.36
2023-09-20,603790,13.25,13.29,13.48,13.24,6036,8047395.0,1.79,-0.67,-0.09,0.32
2023-09-21,603790,13.16,13.23,13.34,13.16,5488,7264517.0,1.35,-0.45,-0.06,0.29
2023-09-22,603790,13.22,13.47,13.53,13.12,8748,11689962.0,3.1,1.81,0.24,0.46
2023-09-25,603790,13.41,13.45,13.6,13.38,5928,7981016.0,1.63,-0.15,-0.02,0.31
2023-09-26,603790,13.4,13.42,13.5,13.33,4862,6519887.0,1.26,-0.22,-0.03,0.25
2023-09-27,603790,13.49,13.45,13.56,13.22,8061,10812746.0,2.53,0.22,0.03,0.42
2023-09-28,603790,13.5,13.63,13.68,13.31,9986,13566159.0,2.75,1.34,0.18,0.52
2023-10-09,603790,13.63,13.36,13.64,13.29,13509,18157135.0,2.57,-1.98,-0.27,0.71
2023-10-10,603790,13.3,13.39,13.49,13.28,7821,10472229.0,1.57,0.22,0.03,0.41
2023-10-11,603790,13.4,13.39,13.53,13.3,7813,10482817.0,1.72,0.0,0.0,0.41
2023-10-12,603790,13.45,13.52,13.52,13.35,6342,8533633.0,1.27,0.97,0.13,0.33
2023-10-13,603790,13.59,13.29,13.59,13.19,9617,12785665.0,2.96,-1.7,-0.23,0.5
2023-10-16,603790,13.27,13.2,13.49,13.12,6342,8372620.0,2.78,-0.68,-0.09,0.33
2023-10-17,603790,13.2,13.23,13.38,13.1,6804,9016902.0,2.12,0.23,0.03,0.36
2023-10-18,603790,13.19,12.83,13.2,12.81,13271,17159481.0,2.95,-3.02,-0.4,0.69
2023-10-19,603790,12.76,12.76,13.11,12.71,9443,12196283.0,3.12,-0.55,-0.07,0.49
2023-10-20,603790,12.71,12.75,13.02,12.71,10913,13972280.0,2.43,-0.08,-0.01,0.57
2023-10-23,603790,12.94,12.75,13.03,12.69,20649,26582610.0,2.67,0.0,0.0,1.08
2023-10-24,603790,12.7,13.3,13.35,12.56,22335,29201971.0,6.2,4.31,0.55,1.17
2023-10-25,603790,13.3,13.65,13.68,13.29,16678,22555440.0,2.93,2.63,0.35,0.87
2023-10-26,603790,13.64,13.46,13.65,13.3,11118,14929432.0,2.56,-1.39,-0.19,0.58
2023-10-27,603790,13.5,13.77,13.81,13.34,12434,16924094.0,3.49,2.3,0.31,0.65
2023-10-30,603790,13.77,13.65,13.86,13.65,12543,17240035.0,1.53,-0.87,-0.12,0.66
2023-10-31,603790,13.65,13.83,13.91,13.65,11924,16464247.0,1.9,1.32,0.18,0.62
2023-11-01,603790,13.89,14.1,14.12,13.83,16894,23697531.0,2.1,1.95,0.27,0.88
2023-11-02,603790,14.11,13.98,14.11,13.8,11031,15418390.0,2.2,-0.85,-0.12,0.58
2023-11-03,603790,13.98,13.97,14.08,13.86,10041,14034751.0,1.57,-0.07,-0.01,0.52
2023-11-06,603790,14.13,14.02,14.13,13.9,11156,15641061.0,1.65,0.36,0.05,0.58
2023-11-07,603790,14.06,14.08,14.12,13.98,8474,11927349.0,1.0,0.43,0.06,0.44
2023-11-08,603790,14.08,14.15,14.21,14.03,9478,13399138.0,1.28,0.5,0.07,0.5
2023-11-09,603790,14.16,14.26,14.33,14.11,10432,14846949.0,1.55,0.78,0.11,0.55
2023-11-13,603790,15.57,14.45,15.57,13.62,60205,87027303.0,13.67,1.33,0.19,3.15
2023-11-14,603790,14.22,14.44,14.59,14.17,42625,61243313.0,2.91,-0.07,-0.01,2.23
2023-11-15,603790,14.54,14.24,14.55,14.2,19541,27946681.0,2.42,-1.39,-0.2,1.02
2023-11-16,603790,14.24,13.95,14.24,13.95,18241,25646346.0,2.04,-2.04,-0.29,0.95
2023-11-17,603790,14.09,13.99,14.09,13.88,14440,20177789.0,1.51,0.29,0.04,0.75
2023-11-20,603790,14.04,14.28,14.33,14.0,16872,23907811.0,2.36,2.07,0.29,0.88
2023-11-21,603790,14.3,14.28,14.4,14.1,11682,16736104.0,2.1,0.0,0.0,0.61
2023-11-22,603790,14.28,14.17,14.32,14.1,9759,13841172.0,1.54,-0.77,-0.11,0.51
2023-11-23,603790,14.12,14.25,14.33,14.11,10890,15502240.0,1.55,0.56,0.08,0.57
2023-11-24,603790,14.27,14.15,14.32,14.06,9752,13800028.0,1.82,-0.7,-0.1,0.51
2023-11-27,603790,14.09,14.2,14.41,14.09,14067,20038316.0,2.26,0.35,0.05,0.74
2023-11-28,603790,14.22,14.43,14.48,14.18,16530,23819426.0,2.11,1.62,0.23,0.86
2023-11-29,603790,14.47,14.45,14.56,14.42,9733,14093808.0,0.97,0.14,0.02,0.51
2023-11-30,603790,14.45,14.31,14.56,14.22,10326,14813817.0,2.35,-0.97,-0.14,0.54
2023-12-01,603790,14.28,14.35,14.45,14.28,9787,14044650.0,1.19,0.28,0.04,0.51
2023-12-04,603790,14.42,14.24,14.46,14.22,10744,15383791.0,1.67,-0.77,-0.11,0.56
2023-12-05,603790,14.27,14.18,14.34,14.16,11785,16809400.0,1.26,-0.42,-0.06,0.62
2023-12-06,603790,14.2,14.16,14.37,14.0,10896,15514022.0,2.61,-0.14,-0.02,0.57
2023-12-07,603790,14.34,14.03,14.34,13.9,13784,19283028.0,3.11,-0.92,-0.13,0.72
2023-12-08,603790,14.07,13.67,14.13,13.63,18501,25549723.0,3.56,-2.57,-0.36,0.97
2023-12-11,603790,13.51,13.74,14.0,13.49,20854,28732519.0,3.73,0.51,0.07,1.09
2023-12-12,603790,13.95,13.67,13.95,13.51,16148,22055534.0,3.2,-0.51,-0.07,0.84
2023-12-13,603790,13.71,13.68,13.84,13.5,13865,18999825.0,2.49,0.07,0.01,0.72
2023-12-14,603790,13.67,13.75,13.91,13.67,9839,13563892.0,1.75,0.51,0.07,0.51
2023-12-15,603790,13.74,13.77,13.86,13.61,10585,14579207.0,1.82,0.15,0.02,0.55
2023-12-18,603790,13.72,13.64,13.84,13.62,13233,18134256.0,1.6,-0.94,-0.13,0.69
2023-12-19,603790,13.69,13.73,13.83,13.53,8190,11203690.0,2.2,0.66,0.09,0.43
2023-12-20,603790,13.75,13.61,13.93,13.61,12186,16822015.0,2.33,-0.87,-0.12,0.64
2023-12-21,603790,13.54,13.81,13.86,13.43,16461,22492285.0,3.16,1.47,0.2,0.86
2023-12-22,603790,13.78,13.52,13.93,13.45,10433,14181875.0,3.48,-2.1,-0.29,0.55
2023-12-25,603790,13.59,13.42,13.65,13.18,13995,18697764.0,3.48,-0.74,-0.1,0.73
2023-12-26,603790,13.39,13.25,13.49,13.22,7692,10233348.0,2.01,-1.27,-0.17,0.4
2023-12-27,603790,13.33,13.47,13.49,13.19,7898,10531909.0,2.26,1.66,0.22,0.41
2023-12-28,603790,13.52,13.91,13.94,13.32,17949,24590886.0,4.6,3.27,0.44,0.94
2023-12-29,603790,13.91,14.01,14.05,13.72,13829,19266700.0,2.37,0.72,0.1,0.72
2024-01-02,603790,14.31,14.36,14.4,14.01,18897,26967151.0,2.78,2.5,0.35,0.99
2024-01-03,603790,14.32,14.22,14.32,14.1,13167,18696186.0,1.53,-0.97,-0.14,0.69
2024-01-04,603790,14.22,14.17,14.27,14.12,11454,16230740.0,1.05,-0.35,-0.05,0.6
2024-01-05,603790,14.19,13.98,14.3,13.93,10830,15253386.0,2.61,-1.34,-0.19,0.57
2024-01-08,603790,14.04,13.73,14.04,13.7,10572,14619294.0,2.43,-1.79,-0.25,0.55
2024-01-09,603790,13.73,13.77,13.9,13.64,14255,19627219.0,1.89,0.29,0.04,0.74
2024-01-10,603790,13.77,13.55,13.81,13.55,11511,15738093.0,1.89,-1.6,-0.22,0.6
2024-01-11,603790,13.56,13.69,13.71,13.56,10523,14365206.0,1.11,1.03,0.14,0.55
2024-01-12,603790,13.69,13.56,14.05,13.51,14659,20072904.0,3.94,-0.95,-0.13,0.77
2024-01-15,603790,13.66,13.63,13.68,13.48,11573,15751188.0,1.47,0.52,0.07,0.6
2024-01-16,603790,13.61,13.49,13.71,13.28,12217,16448426.0,3.15,-1.03,-0.14,0.64
2024-01-17,603790,13.44,13.19,13.6,13.18,15045,20171569.0,3.11,-2.22,-0.3,0.79
2024-01-18,603790,13.1,12.73,13.23,12.4,22070,28047314.0,6.29,-3.49,-0.46,1.15
2024-01-19,603790,12.73,12.63,13.01,12.61,16855,21517685.0,3.14,-0.79,-0.1,0.88
2024-01-22,603790,12.6,11.8,12.69,11.64,21986,26721723.0,8.31,-6.57,-0.83,1.15
2024-01-23,603790,11.99,11.45,11.99,11.27,31362,35813704.0,6.1,-2.97,-0.35,1.64
2024-01-24,603790,11.51,11.74,11.85,11.33,28554,33079426.0,4.54,2.53,0.29,1.49
2024-01-25,603790,11.9,12.18,12.21,11.65,17832,21326346.0,4.77,3.75,0.44,0.93
2024-01-26,603790,12.2,12.49,12.65,12.13,27796,34680091.0,4.27,2.55,0.31,1.45
2024-01-29,603790,12.49,11.79,12.68,11.76,18727,22545180.0,7.37,-5.6,-0.7,0.98
2024-01-30,603790,11.89,11.37,11.89,11.31,16102,18594705.0,4.92,-3.56,-0.42,0.84
2024-01-31,603790,11.0,10.6,11.36,10.56,26172,28321520.0,7.04,-6.77,-0.77,1.37
2024-02-01,603790,10.54,10.36,10.77,10.03,32669,33697568.0,6.98,-2.26,-0.24,1.71
2024-02-02,603790,10.32,9.72,10.74,9.32,29627,29517446.0,13.71,-6.18,-0.64,1.55
2024-02-05,603790,9.58,8.75,9.61,8.75,20155,17874614.0,8.85,-9.98,-0.97,1.05
2024-02-06,603790,7.96,7.88,8.58,7.88,46138,36691453.0,8.0,-9.94,-0.87,2.41
2024-02-07,603790,8.02,7.32,8.15,7.1,71588,52119053.0,13.32,-7.11,-0.56,3.74
2024-02-08,603790,7.33,8.05,8.05,7.04,47724,35926788.0,13.8,9.97,0.73,2.49
2024-02-19,603790,8.42,8.49,8.75,8.18,47303,40418046.0,7.08,5.47,0.44,2.47
2024-02-20,603790,8.56,8.82,8.87,8.35,21894,19129364.0,6.12,3.89,0.33,1.14
2024-02-21,603790,8.78,9.2,9.48,8.71,23264,21235234.0,8.73,4.31,0.38,1.22
2024-02-22,603790,9.2,9.35,9.39,9.03,20404,18880670.0,3.91,1.63,0.15,1.07
2024-02-23,603790,9.35,9.77,9.81,9.35,20498,19691850.0,4.92,4.49,0.42,1.07
2024-02-26,603790,9.81,10.24,10.44,9.77,31968,32489587.0,6.86,4.81,0.47,1.67
2024-02-27,603790,10.24,10.3,10.35,9.98,18278,18632708.0,3.61,0.59,0.06,0.96
2024-02-28,603790,10.31,9.32,10.74,9.32,44419,44824497.0,13.79,-9.51,-0.98,2.32
2024-02-29,603790,9.0,9.64,9.73,9.0,28935,27512154.0,7.83,3.43,0.32,1.51
2024-03-01,603790,9.7,9.64,9.89,9.43,24302,23417293.0,4.77,0.0,0.0,1.27
2024-03-04,603790,9.69,9.67,9.84,9.49,14917,14405407.0,3.63,0.31,0.03,0.78
2024-03-05,603790,9.78,9.3,9.78,9.21,19370,18168673.0,5.89,-3.83,-0.37,1.01
2024-03-06,603790,9.24,9.47,9.61,9.21,19522,18416879.0,4.3,1.83,0.17,1.02
2024-03-07,603790,9.49,9.49,9.69,9.41,18332,17557635.0,2.96,0.21,0.02,0.96
2024-03-08,603790,9.42,9.49,9.68,9.38,11606,11036785.0,3.16,0.0,0.0,0.61
2024-03-11,603790,9.44,9.62,9.65,9.44,12456,11892493.0,2.21,1.37,0.13,0.65
2024-03-12,603790,9.63,9.86,9.88,9.57,17911,17433261.0,3.22,2.49,0.24,0.94
2024-03-13,603790,9.88,9.95,10.01,9.74,15435,15216417.0,2.74,0.91,0.09,0.81
2024-03-14,603790,9.96,10.02,10.15,9.81,16440,16399903.0,3.42,0.7,0.07,0.86
2024-03-15,603790,10.04,10.34,10.34,9.87,24973,25253745.0,4.69,3.19,0.32,1.31
2024-03-18,603790,10.29,10.39,10.55,10.19,31782,32924640.0,3.48,0.48,0.05,1.66
2024-03-19,603790,10.32,10.39,10.5,10.3,21928,22789256.0,1.92,0.0,0.0,1.15
2024-03-20,603790,10.36,10.68,10.71,10.36,23830,25111067.0,3.37,2.79,0.29,1.25
2024-03-21,603790,10.72,10.58,10.88,10.41,21059,22296092.0,4.4,-0.94,-0.1,1.1
2024-03-22,603790,10.66,10.42,10.69,10.33,15114,15841143.0,3.4,-1.51,-0.16,0.79
2024-03-25,603790,10.39,10.19,10.48,10.16,18330,18982297.0,3.07,-2.21,-0.23,0.96
2024-03-26,603790,10.29,10.25,10.35,10.02,13705,13966003.0,3.24,0.59,0.06,0.72
2024-03-27,603790,10.25,10.04,10.31,10.04,11584,11792302.0,2.63,-2.05,-0.21,0.61
2024-03-28,603790,9.97,10.12,10.27,9.97,16279,16535009.0,2.99,0.8,0.08,0.85
2024-03-29,603790,10.1,10.31,10.35,10.1,19994,20544816.0,2.47,1.88,0.19,1.04
2024-04-01,603790,10.5,11.34,11.34,10.5,12498,13840628.0,8.15,9.99,1.03,0.65
2024-04-02,603790,12.47,12.47,12.47,12.47,13635,17003094.0,0.0,9.96,1.13,0.71
2024-04-03,603790,13.72,12.97,13.72,11.73,157057,204161731.0,15.96,4.01,0.5,8.21
2024-04-08,603790,11.67,11.67,11.83,11.67,25825,30160054.0,1.23,-10.02,-1.3,1.35
2024-04-09,603790,10.51,10.86,10.94,10.51,104631,112732502.0,3.68,-6.94,-0.81,5.47
2024-04-10,603790,10.75,10.44,11.04,10.21,69282,72649050.0,7.64,-3.87,-0.42,3.62
2024-04-11,603790,10.44,10.47,10.7,10.27,44720,46974349.0,4.12,0.29,0.03,2.34
2024-04-12,603790,10.46,10.63,10.74,10.46,42593,45278484.0,2.67,1.53,0.16,2.23
2024-04-15,603790,10.46,9.71,10.68,9.57,57916,57429037.0,10.44,-8.65,-0.92,3.03
2024-04-16,603790,9.6,8.83,9.7,8.8,46062,41486349.0,9.27,-9.06,-0.88,2.41
2024-04-17,603790,8.9,9.71,9.71,8.9,19803,18738788.0,9.17,9.97,0.88,1.03
2024-04-18,603790,9.97,9.67,9.98,9.6,37665,36905971.0,3.91,-0.41,-0.04,1.97
2024-04-19,603790,9.6,9.82,9.83,9.48,24280,23508855.0,3.62,1.55,0.15,1.27
2024-04-22,603790,9.92,9.73,9.92,9.42,27870,27092677.0,5.09,-0.92,-0.09,1.46
2024-04-23,603790,9.72,9.92,9.97,9.52,24038,23729704.0,4.62,1.95,0.19,1.26
2024-04-24,603790,9.92,10.08,10.1,9.81,21694,21711040.0,2.92,1.61,0.16,1.13
2024-04-25,603790,10.07,10.39,10.45,10.02,26407,27349797.0,4.27,3.08,0.31,1.38
2024-04-26,603790,10.75,10.57,10.88,10.43,36131,38328012.0,4.33,1.73,0.18,1.89
2024-04-29,603790,10.57,10.57,10.63,10.34,31048,32625195.0,2.74,0.0,0.0,1.62
2024-04-30,603790,10.53,10.64,10.72,10.49,27541,29227112.0,2.18,0.66,0.07,1.44
2024-05-06,603790,10.69,11.23,11.23,10.64,38616,42221431.0,5.55,5.55,0.59,2.02
2024-05-07,603790,11.18,11.6,11.64,11.15,37501,42632896.0,4.36,3.29,0.37,1.96
2024-05-08,603790,11.58,11.75,12.71,11.5,72324,86346015.0,10.43,1.29,0.15,3.78
2024-05-09,603790,11.73,11.53,11.94,11.41,36911,43062100.0,4.51,-1.87,-0.22,1.93
2024-05-10,603790,11.54,11.34,11.64,11.32,29374,33547204.0,2.78,-1.65,-0.19,1.54
2024-05-13,603790,11.24,11.03,11.25,10.98,25572,28343551.0,2.38,-2.73,-0.31,1.34
2024-05-14,603790,11.03,11.22,11.45,11.02,22834,25681666.0,3.9,1.72,0.19,1.19
2024-05-15,603790,11.26,11.24,11.38,11.0,14869,16657405.0,3.39,0.18,0.02,0.78
2024-05-16,603790,11.26,11.34,11.51,11.25,15244,17320111.0,2.31,0.89,0.1,0.8
2024-05-17,603790,11.45,11.5,11.54,11.29,16299,18612427.0,2.2,1.41,0.16,0.85
2024-05-20,603790,11.57,11.52,11.59,11.3,12073,13867428.0,2.52,0.17,0.02,0.63
2024-05-21,603790,11.54,11.3,11.56,11.26,15961,18123875.0,2.6,-1.91,-0.22,0.83
2024-05-22,603790,11.44,11.31,11.44,11.22,9311,10530194.0,1.95,0.09,0.01,0.49
2024-05-23,603790,11.44,11.11,11.44,11.05,12915,14420536.0,3.45,-1.77,-0.2,0.67
2024-05-24,603790,11.15,11.07,11.27,11.0,10223,11405776.0,2.43,-0.36,-0.04,0.53
2024-05-27,603790,11.0,11.49,11.49,10.92,18895,21218792.0,5.15,3.79,0.42,0.99
2024-05-28,603790,11.4,11.09,11.4,11.08,16928,18957155.0,2.79,-3.48,-0.4,0.88
2024-05-29,603790,10.96,11.21,11.3,10.96,10100,11318379.0,3.07,1.08,0.12,0.53
2024-05-30,603790,10.99,11.09,11.37,10.99,9380,10470226.0,3.39,-1.07,-0.12,0.49
2024-05-31,603790,11.16,11.18,11.24,11.05,11889,13291546.0,1.71,0.81,0.09,0.62
2024-06-03,603790,11.16,10.7,11.18,10.54,19744,21327148.0,5.72,-4.29,-0.48,1.03
2024-06-04,603790,10.59,10.52,10.75,10.27,18132,18894138.0,4.49,-1.68,-0.18,0.95
2024-06-05,603790,10.41,10.16,10.41,10.1,14587,14893943.0,2.95,-3.42,-0.36,0.76
2024-06-06,603790,10.09,9.5,10.27,9.39,24464,23718115.0,8.66,-6.5,-0.66,1.28
2024-06-07,603790,9.54,10.05,10.14,9.54,26712,26524627.0,6.32,5.79,0.55,1.4
2024-06-11,603790,9.96,10.09,10.1,9.67,23591,23351082.0,4.28,0.4,0.04,1.23
2024-06-12,603790,10.0,10.06,10.22,9.95,15100,15263288.0,2.68,-0.3,-0.03,0.79
2024-06-13,603790,10.06,10.01,10.26,9.89,13330,13388211.0,3.68,-0.5,-0.05,0.7
2024-06-14,603790,9.79,10.03,10.1,9.79,11602,11604779.0,3.1,0.2,0.02,0.61
2024-06-17,603790,9.94,9.82,9.99,9.71,11949,11777616.0,2.79,-2.09,-0.21,0.62
2024-06-18,603790,9.87,10.0,10.02,9.75,10155,10093137.0,2.75,1.83,0.18,0.53
2024-06-19,603790,10.08,10.36,10.49,10.08,22276,22942078.0,4.1,3.6,0.36,1.16
2024-06-20,603790,10.26,9.97,10.5,9.87,20011,20134367.0,6.08,-3.76,-0.39,1.05
2024-06-21,603790,9.93,9.89,10.02,9.61,13931,13755273.0,4.11,-0.8,-0.08,0.73
2024-06-24,603790,9.78,9.43,9.83,9.36,16031,15239541.0,4.75,-4.65,-0.46,0.84
2024-06-25,603790,9.43,9.52,9.68,9.4,12087,11539549.0,2.97,0.95,0.09,0.63
2024-06-26,603790,9.53,9.81,9.81,9.39,10195,9832048.0,4.41,3.05,0.29,0.53
2024-06-27,603790,9.75,9.6,9.97,9.52,14660,14229801.0,4.59,-2.14,-0.21,0.77
2024-06-28,603790,9.63,9.6,9.75,9.46,7930,7644615.0,3.02,0.0,0.0,0.41
2024-07-01,603790,9.6,9.67,9.71,9.46,9123,8754493.0,2.6,0.73,0.07,0.48
2024-07-02,603790,9.74,9.79,9.83,9.45,14608,14207415.0,3.93,1.24,0.12,0.76
2024-07-03,603790,9.9,9.61,9.9,9.54,11694,11292133.0,3.68,-1.84,-0.18,0.61
2024-07-04,603790,9.55,9.2,9.65,9.15,16235,15101596.0,5.2,-4.27,-0.41,0.85
2024-07-05,603790,9.12,9.19,9.26,9.04,10984,10058951.0,2.39,-0.11,-0.01,0.57
2024-07-08,603790,9.23,9.14,9.37,9.02,14717,13470028.0,3.81,-0.54,-0.05,0.77
2024-07-09,603790,9.01,9.16,9.28,9.0,13407,12238484.0,3.06,0.22,0.02,0.7
2024-07-10,603790,9.05,9.17,9.28,9.02,12374,11343487.0,2.84,0.11,0.01,0.65
2024-07-11,603790,9.18,9.42,9.45,9.18,14536,13599608.0,2.94,2.73,0.25,0.76
2024-07-12,603790,9.44,10.36,10.36,9.32,20904,20602423.0,11.04,9.98,0.94,1.09
2024-07-15,603790,11.4,11.4,11.4,10.61,139124,155556586.0,7.63,10.04,1.04,7.27
2024-07-16,603790,11.08,10.4,11.08,10.26,128334,136412842.0,7.19,-8.77,-1.0,6.71
2024-07-17,603790,10.1,10.0,10.22,9.84,97884,97849998.0,3.65,-3.85,-0.4,5.12
2024-07-18,603790,9.72,9.56,9.8,9.22,80261,76001258.0,5.8,-4.4,-0.44,4.19
2024-07-19,603790,9.38,9.53,9.57,9.28,56159,52985951.0,3.03,-0.31,-0.03,2.93
2024-07-22,603790,9.5,9.4,9.5,9.31,43914,41102754.0,1.99,-1.36,-0.13,2.29
2024-07-23,603790,9.4,9.11,9.46,9.08,39001,36324503.0,4.04,-3.09,-0.29,2.04
2024-07-24,603790,8.96,8.95,9.13,8.89,38624,34777200.0,2.63,-1.76,-0.16,2.02
2024-07-25,603790,8.85,8.92,9.06,8.8,29120,25961843.0,2.91,-0.34,-0.03,1.52
2024-07-26,603790,8.98,9.07,9.08,8.94,23683,21390880.0,1.57,1.68,0.15,1.24
2024-07-29,603790,9.01,9.1,9.13,8.99,19646,17825611.0,1.54,0.33,0.03,1.03
2024-07-30,603790,9.03,9.19,9.19,9.03,20065,18331118.0,1.76,0.99,0.09,1.05
2024-07-31,603790,9.19,9.38,9.39,9.13,28298,26375559.0,2.83,2.07,0.19,1.48
2024-08-01,603790,9.33,9.28,9.45,9.27,25035,23379082.0,1.92,-1.07,-0.1,1.31
2024-08-02,603790,9.27,9.19,9.34,9.19,20657,19139925.0,1.62,-0.97,-0.09,1.08
2024-08-05,603790,9.18,8.99,9.23,8.96,25599,23340942.0,2.94,-2.18,-0.2,1.34
2024-08-06,603790,9.01,9.21,9.21,9.01,19906,18160470.0,2.22,2.45,0.22,1.04
2024-08-07,603790,9.16,9.26,9.28,9.12,15569,14366194.0,1.74,0.54,0.05,0.81
2024-08-08,603790,9.18,9.23,9.26,9.04,16220,14884005.0,2.38,-0.32,-0.03,0.85
2024-08-09,603790,9.25,9.24,9.34,9.21,14687,13618863.0,1.41,0.11,0.01,0.77
2024-08-12,603790,9.21,9.14,9.26,9.1,11504,10556119.0,1.73,-1.08,-0.1,0.6
2024-08-13,603790,9.14,9.25,9.27,9.06,12438,11407066.0,2.3,1.2,0.11,0.65
2024-08-14,603790,9.28,9.18,9.34,9.18,13976,12928152.0,1.73,-0.76,-0.07,0.73
2024-08-15,603790,9.18,9.32,9.34,9.08,17556,16252554.0,2.83,1.53,0.14,0.92
2024-08-16,603790,9.26,9.08,9.31,9.07,20039,18356498.0,2.58,-2.58,-0.24,1.05
2024-08-19,603790,9.06,9.0,9.16,9.0,14761,13368119.0,1.76,-0.88,-0.08,0.77
2024-08-20,603790,9.03,8.9,9.06,8.82,13458,12020810.0,2.67,-1.11,-0.1,0.7
2024-08-21,603790,8.9,8.8,8.99,8.74,18552,16388209.0,2.81,-1.12,-0.1,0.97
2024-08-22,603790,8.8,8.67,8.83,8.66,11192,9760902.0,1.93,-1.48,-0.13,0.58
2024-08-23,603790,8.67,8.59,8.67,8.48,12245,10499312.0,2.19,-0.92,-0.08,0.64
2024-08-26,603790,8.6,8.83,8.88,8.59,15215,13340448.0,3.38,2.79,0.24,0.8
2024-08-27,603790,8.83,8.65,8.84,8.65,10199,8908872.0,2.15,-2.04,-0.18,0.53
2024-08-28,603790,8.66,8.81,8.94,8.6,13377,11780090.0,3.93,1.85,0.16,0.7
2024-08-29,603790,8.76,8.87,8.92,8.73,10652,9413182.0,2.16,0.68,0.06,0.56
2024-08-30,603790,8.85,9.02,9.1,8.85,18638,16796394.0,2.82,1.69,0.15,0.97
2024-09-02,603790,9.02,8.93,9.18,8.93,16607,14968783.0,2.77,-1.0,-0.09,0.87
2024-09-03,603790,8.9,9.01,9.07,8.86,11488,10346131.0,2.35,0.9,0.08,0.6
2024-09-04,603790,8.96,8.92,9.05,8.87,12010,10743213.0,2.0,-1.0,-0.09,0.63
2024-09-05,603790,8.92,8.94,8.97,8.87,10401,9278508.0,1.12,0.22,0.02,0.54
2024-09-06,603790,8.94,8.69,8.94,8.68,10959,9628686.0,2.91,-2.8,-0.25,0.57
2024-09-09,603790,8.56,8.66,8.77,8.56,9331,8085569.0,2.42,-0.35,-0.03,0.49
2024-09-10,603790,8.7,8.7,8.73,8.54,10308,8906149.0,2.19,0.46,0.04,0.54
2024-09-11,603790,8.69,8.71,8.77,8.62,10347,8998264.0,1.72,0.11,0.01,0.54
2024-09-12,603790,8.71,8.69,8.82,8.65,10171,8883108.0,1.95,-0.23,-0.02,0.53
2024-09-13,603790,8.72,8.54,8.84,8.53,17509,15155821.0,3.57,-1.73,-0.15,0.91
2024-09-18,603790,8.58,8.35,8.63,8.15,20997,17530998.0,5.62,-2.22,-0.19,1.1
2024-09-19,603790,8.35,8.61,8.63,8.34,15453,13162105.0,3.47,3.11,0.26,0.81
2024-09-20,603790,8.62,8.5,8.65,8.46,8760,7479201.0,2.21,-1.28,-0.11,0.46
2024-09-23,603790,8.51,8.48,8.56,8.44,8661,7359695.0,1.41,-0.24,-0.02,0.45
2024-09-24,603790,8.53,8.8,8.8,8.5,19220,16643089.0,3.54,3.77,0.32,1.0
2024-09-25,603790,8.85,8.9,9.02,8.83,16852,15056282.0,2.16,1.14,0.1,0.88
2024-09-26,603790,8.87,9.07,9.07,8.86,14465,12999802.0,2.36,1.91,0.17,0.76
2024-09-27,603790,9.2,9.4,9.42,9.1,18408,17055457.0,3.53,3.64,0.33,0.96
2024-09-30,603790,9.77,10.14,10.25,9.47,58101,57350157.0,8.3,7.87,0.74,3.04
2024-10-08,603790,11.15,10.64,11.15,9.93,74997,78595001.0,12.03,4.93,0.5,3.92
2024-10-09,603790,10.36,9.61,10.36,9.58,48992,48391642.0,7.33,-9.68,-1.03,2.56
2024-10-10,603790,9.8,9.6,9.9,9.5,38299,37157335.0,4.16,-0.1,-0.01,2.0
2024-10-11,603790,9.55,9.25,9.67,9.12,29930,27981192.0,5.73,-3.65,-0.35,1.56
2024-10-14,603790,9.2,9.42,9.43,9.12,26114,24329804.0,3.35,1.84,0.17,1.36
2024-10-15,603790,9.39,9.25,9.49,9.25,23718,22234590.0,2.55,-1.8,-0.17,1.24
2024-10-16,603790,9.21,9.36,9.42,9.16,22820,21213699.0,2.81,1.19,0.11,1.19
2024-10-17,603790,9.41,9.27,9.65,9.25,22533,21248023.0,4.27,-0.96,-0.09,1.18
2024-10-18,603790,9.28,9.48,9.63,9.26,25727,24239309.0,3.99,2.27,0.21,1.34
2024-10-21,603790,9.56,9.64,9.79,9.46,27556,26484557.0,3.48,1.69,0.16,1.44
2024-10-22,603790,9.72,9.73,9.97,9.56,22517,21852173.0,4.25,0.93,0.09,1.18
2024-10-23,603790,9.76,10.18,10.7,9.65,85985,88566203.0,10.79,4.62,0.45,4.49
2024-10-24,603790,10.15,10.3,10.53,10.01,82617,85086309.0,5.11,1.18,0.12,4.32
2024-10-25,603790,10.24,10.36,10.43,10.16,50852,52505671.0,2.62,0.58,0.06,2.66
2024-10-28,603790,11.0,11.4,11.4,10.8,63042,71160924.0,5.79,10.04,1.04,3.29
2024-10-29,603790,12.54,11.93,12.54,11.7,224335,272013379.0,7.37,4.65,0.53,11.72
2024-10-30,603790,11.6,11.23,11.69,10.85,118200,132117148.0,7.04,-5.87,-0.7,6.18
2024-10-31,603790,11.2,11.42,11.7,10.8,101906,115525913.0,8.01,1.69,0.19,5.33
2024-11-01,603790,11.27,10.69,11.31,10.65,75310,81905146.0,5.78,-6.39,-0.73,3.94
2024-11-04,603790,10.71,10.89,10.97,10.66,54953,59293128.0,2.9,1.87,0.2,2.87
2024-11-05,603790,10.88,10.92,10.92,10.71,55124,59702056.0,1.93,0.28,0.03,2.88
2024-11-06,603790,10.86,10.73,10.86,10.65,52190,56080649.0,1.92,-1.74,-0.19,2.73
2024-11-07,603790,10.67,10.95,10.97,10.55,55802,60315141.0,3.91,2.05,0.22,2.92
2024-11-08,603790,10.99,10.99,11.1,10.83,43220,47306768.0,2.47,0.37,0.04,2.26
2024-11-11,603790,11.08,12.09,12.09,11.08,109647,128021902.0,9.19,10.01,1.1,5.73
2024-11-12,603790,12.3,12.15,12.69,11.95,127441,156692379.0,6.12,0.5,0.06,6.66
2024-11-13,603790,12.18,12.39,12.4,11.7,78126,94251388.0,5.76,1.98,0.24,4.08
2024-11-14,603790,12.25,11.64,12.4,11.57,47772,56884584.0,6.7,-6.05,-0.75,2.5
2024-11-15,603790,11.71,11.43,11.87,11.38,36641,42494805.0,4.21,-1.8,-0.21,1.91
2024-11-18,603790,11.5,10.95,11.54,10.84,31831,35290045.0,6.12,-4.2,-0.48,1.66
2024-11-19,603790,10.91,11.43,12.01,10.9,50606,57685770.0,10.14,4.38,0.48,2.64
2024-11-20,603790,11.39,11.7,11.76,11.32,43299,50173378.0,3.85,2.36,0.27,2.26
2024-11-21,603790,11.65,11.88,12.15,11.53,45588,53806484.0,5.3,1.54,0.18,2.38
2024-11-22,603790,11.82,11.47,12.15,11.44,34340,40459484.0,5.98,-3.45,-0.41,1.79
2024-11-25,603790,11.62,11.61,11.65,11.26,25506,29237260.0,3.4,1.22,0.14,1.33
2024-11-26,603790,11.52,11.35,11.65,11.28,17961,20526298.0,3.19,-2.24,-0.26,0.94
2024-11-27,603790,11.4,11.4,11.49,11.06,20733,23282065.0,3.79,0.44,0.05,1.08
2024-11-28,603790,11.49,11.71,11.98,11.4,35577,41688113.0,5.09,2.72,0.31,1.86
2024-11-29,603790,11.75,11.8,11.91,11.53,26233,30860914.0,3.25,0.77,0.09,1.37
2024-12-02,603790,11.83,11.78,11.92,11.7,27729,32688499.0,1.86,-0.17,-0.02,1.45
2024-12-03,603790,11.76,11.73,11.88,11.66,19595,23026464.0,1.87,-0.42,-0.05,1.02
2024-12-04,603790,11.73,11.48,11.78,11.39,22231,25765840.0,3.32,-2.13,-0.25,1.16
2024-12-05,603790,11.45,11.57,11.7,11.22,18472,21408273.0,4.18,0.78,0.09,0.97
2024-12-06,603790,11.6,11.72,11.83,11.42,36925,43011975.0,3.54,1.3,0.15,1.93
2024-12-09,603790,11.71,11.85,11.98,11.62,30527,36040795.0,3.07,1.11,0.13,1.6
2024-12-10,603790,11.74,12.29,12.76,11.36,138609,166446642.0,11.81,3.71,0.44,7.24
2024-12-11,603790,12.02,11.95,12.11,11.78,86341,102801890.0,2.69,-2.77,-0.34,4.51
2024-12-12,603790,11.86,12.4,12.5,11.86,77443,94479114.0,5.36,3.77,0.45,4.05
2024-12-13,603790,12.28,12.39,12.7,12.15,55091,68504325.0,4.44,-0.08,-0.01,2.88
2024-12-16,603790,12.33,12.23,12.55,12.09,27969,34213328.0,3.71,-1.29,-0.16,1.46
2024-12-17,603790,12.18,11.54,12.31,11.5,43670,51351491.0,6.62,-5.64,-0.69,2.28
2024-12-18,603790,11.59,11.43,11.84,11.32,30466,35273969.0,4.51,-0.95,-0.11,1.59
2024-12-19,603790,11.3,11.84,12.35,11.2,47071,55562942.0,10.06,3.59,0.41,2.46
2024-12-20,603790,11.84,12.42,12.68,11.62,65300,80988790.0,8.95,4.9,0.58,3.41
2024-12-23,603790,12.29,11.49,12.33,11.48,44466,52395272.0,6.84,-7.49,-0.93,2.32
2024-12-24,603790,11.46,11.75,11.75,11.31,28551,33056559.0,3.83,2.26,0.26,1.49
2024-12-25,603790,11.65,11.33,11.66,11.01,30501,34335659.0,5.53,-3.57,-0.42,1.59
2024-12-26,603790,11.32,11.52,11.69,11.27,21513,24863581.0,3.71,1.68,0.19,1.12
2024-12-27,603790,11.46,11.65,11.87,11.45,24157,28315314.0,3.65,1.13,0.13,1.26
2024-12-30,603790,11.5,11.35,11.72,11.18,25964,29586113.0,4.64,-2.58,-0.3,1.36
2024-12-31,603790,11.35,11.02,11.38,10.98,18452,20549338.0,3.52,-2.91,-0.33,0.96
2025-01-02,603790,11.01,10.99,11.35,10.84,23105,25684784.0,4.63,-0.27,-0.03,1.21
2025-01-03,603790,11.04,10.4,11.09,10.31,19923,21137704.0,7.1,-5.37,-0.59,1.04
2025-01-06,603790,10.5,10.83,11.12,9.89,31036,33165775.0,11.83,4.13,0.43,1.62
2025-01-07,603790,11.0,11.3,11.44,10.7,32188,36096443.0,6.83,4.34,0.47,1.68
2025-01-08,603790,11.29,11.51,11.66,11.15,37534,42878855.0,4.51,1.86,0.21,1.96
2025-01-09,603790,11.51,12.0,12.17,11.31,42793,50772680.0,7.47,4.26,0.49,2.24
2025-01-10,603790,12.04,11.82,12.16,11.77,28823,34476135.0,3.25,-1.5,-0.18,1.51
2025-01-13,603790,11.47,11.91,11.98,11.43,25009,29371438.0,4.65,0.76,0.09,1.31
2025-01-14,603790,11.98,12.08,12.17,11.86,33281,40043582.0,2.6,1.43,0.17,1.74
2025-01-15,603790,11.95,12.16,12.48,11.92,32764,39770038.0,4.64,0.66,0.08,1.71
2025-01-16,603790,12.06,12.15,12.56,12.06,41308,50927131.0,4.11,-0.08,-0.01,2.16
2025-01-17,603790,12.14,12.32,12.68,11.93,38298,47500312.0,6.17,1.4,0.17,2.0
2025-01-20,603790,12.32,12.7,12.84,12.1,30787,38500724.0,6.01,3.08,0.38,1.61
2025-01-21,603790,12.65,13.1,13.1,12.46,32338,41192800.0,5.04,3.15,0.4,1.69
2025-01-22,603790,12.97,12.79,12.97,12.62,39975,51110437.0,2.67,-2.37,-0.31,2.09
2025-01-23,603790,12.8,12.63,12.99,12.58,24260,30875198.0,3.21,-1.25,-0.16,1.27
2025-01-24,603790,12.5,12.74,12.74,12.36,23835,29833587.0,3.01,0.87,0.11,1.25
2025-01-27,603790,12.8,12.62,12.9,12.52,13228,16800305.0,2.98,-0.94,-0.12,0.69
2025-02-05,603790,12.62,12.88,13.34,12.62,28784,37291397.0,5.71,2.06,0.26,1.5
2025-02-06,603790,12.88,13.22,13.22,12.6,20215,26096064.0,4.81,2.64,0.34,1.06
2025-02-07,603790,13.2,13.05,13.33,12.81,30060,39104990.0,3.93,-1.29,-0.17,1.57
2025-02-10,603790,12.95,12.7,13.07,12.6,35812,45486119.0,3.6,-2.68,-0.35,1.87
2025-02-11,603790,12.82,12.76,12.85,12.54,20657,26277961.0,2.44,0.47,0.06,1.08
2025-02-12,603790,12.8,12.69,12.87,12.55,21836,27649137.0,2.51,-0.55,-0.07,1.14
2025-02-13,603790,12.68,12.35,12.79,12.35,26719,33394333.0,3.47,-2.68,-0.34,1.4
2025-02-14,603790,12.43,12.31,12.74,12.05,44306,54382003.0,5.59,-0.32,-0.04,2.32
2025-02-17,603790,12.25,12.52,12.57,12.06,29032,35786509.0,4.14,1.71,0.21,1.52
2025-02-18,603790,12.5,12.18,12.53,12.03,21901,26882448.0,3.99,-2.72,-0.34,1.14
2025-02-19,603790,12.18,12.39,12.52,12.1,18252,22568468.0,3.45,1.72,0.21,0.95
2025-02-20,603790,12.46,12.5,12.66,12.4,22921,28665362.0,2.1,0.89,0.11,1.2
2025-02-21,603790,12.51,12.22,12.53,12.16,17824,21823506.0,2.96,-2.24,-0.28,0.93
2025-02-24,603790,12.22,12.36,12.47,12.17,17604,21666164.0,2.45,1.15,0.14,0.92
2025-02-25,603790,12.29,12.46,12.56,12.11,15760,19419715.0,3.64,0.81,0.1,0.82
2025-02-26,603790,12.49,12.5,12.51,12.26,23742,29505439.0,2.01,0.32,0.04,1.24
2025-02-27,603790,12.39,12.38,12.8,12.24,23802,29749676.0,4.48,-0.96,-0.12,1.24
2025-02-28,603790,12.37,12.01,12.37,11.98,14590,17700561.0,3.15,-2.99,-0.37,0.76
2025-03-03,603790,12.1,12.95,13.08,12.05,45452,57783651.0,8.58,7.83,0.94,2.38
2025-03-04,603790,12.87,13.05,13.07,12.7,26038,33591227.0,2.86,0.77,0.1,1.36
2025-03-05,603790,13.1,13.15,13.4,12.9,26639,35040832.0,3.83,0.77,0.1,1.39
2025-03-06,603790,13.35,13.83,14.47,13.03,93614,132078562.0,10.95,5.17,0.68,4.89
2025-03-07,603790,13.76,13.56,13.99,13.36,68240,93605405.0,4.56,-1.95,-0.27,3.57
2025-03-10,603790,13.52,13.3,13.65,13.18,29588,39449171.0,3.47,-1.92,-0.26,1.55
2025-03-11,603790,13.4,13.38,13.46,13.08,19020,25210750.0,2.86,0.6,0.08,0.99
2025-03-12,603790,13.38,13.38,13.5,13.27,26054,34869484.0,1.72,0.0,0.0,1.36
2025-03-13,603790,13.44,13.12,13.45,12.94,23719,31168253.0,3.81,-1.94,-0.26,1.24
2025-03-14,603790,13.14,13.45,13.59,12.98,24987,33197812.0,4.65,2.52,0.33,1.31
2025-03-17,603790,13.4,13.43,13.44,13.22,14895,19847433.0,1.64,-0.15,-0.02,0.78
2025-03-18,603790,13.53,14.77,14.77,13.35,57057,81508668.0,10.57,9.98,1.34,2.98
2025-03-19,603790,15.23,14.96,15.25,14.63,99600,148562878.0,4.2,1.29,0.19,5.2
2025-03-20,603790,14.81,15.94,16.46,14.81,123068,194722686.0,11.03,6.55,0.98,6.43
2025-03-21,603790,15.81,15.93,15.93,14.91,91508,141362296.0,6.4,-0.06,-0.01,4.78
2025-03-24,603790,15.93,16.32,16.92,15.5,84402,136486820.0,8.91,2.45,0.39,4.41
2025-03-25,603790,16.0,16.37,16.99,15.99,73489,121345999.0,6.13,0.31,0.05,3.84
2025-03-26,603790,16.18,15.85,16.47,15.7,65128,104072002.0,4.7,-3.18,-0.52,3.4
2025-03-27,603790,16.0,15.59,16.44,15.59,56599,90225287.0,5.36,-1.64,-0.26,2.96
2025-03-28,603790,15.68,15.34,15.82,15.0,38738,59393349.0,5.26,-1.6,-0.25,2.02
2025-03-31,603790,15.4,15.81,16.15,14.91,39393,61381398.0,8.08,3.06,0.47,2.06
2025-04-01,603790,15.78,15.92,16.05,15.63,28750,45572927.0,2.66,0.7,0.11,1.5
2025-04-02,603790,15.88,16.03,16.15,15.66,23480,37390378.0,3.08,0.69,0.11,1.23
2025-04-03,603790,15.77,15.75,16.66,15.5,42804,68433875.0,7.24,-1.75,-0.28,2.24
2025-04-07,603790,14.98,14.18,14.98,14.18,36638,53048796.0,5.08,-9.97,-1.57,1.91
2025-04-08,603790,14.0,13.15,14.76,12.76,55206,74570801.0,14.1,-7.26,-1.03,2.88
2025-04-09,603790,13.15,13.5,13.66,11.84,46999,60174727.0,13.84,2.66,0.35,2.46
2025-04-10,603790,13.62,14.85,14.85,13.62,43150,62369100.0,9.11,10.0,1.35,2.25
2025-04-11,603790,14.85,14.96,15.19,14.55,39766,59423170.0,4.31,0.74,0.11,2.08
2025-04-14,603790,15.18,15.85,16.12,15.18,38622,60742628.0,6.28,5.95,0.89,2.02
2025-04-15,603790,15.93,15.87,16.27,15.55,23744,37769393.0,4.54,0.13,0.02,1.24
2025-04-16,603790,15.64,15.8,16.13,15.4,25300,40034765.0,4.6,-0.44,-0.07,1.32
2025-04-17,603790,15.73,16.05,16.3,15.42,32932,52872732.0,5.57,1.58,0.25,1.72
2025-04-18,603790,15.91,15.97,16.25,15.8,25631,41120629.0,2.8,-0.5,-0.08,1.34
2025-04-21,603790,15.97,15.91,16.15,15.77,21554,34299674.0,2.38,-0.38,-0.06,1.13
2025-04-22,603790,15.95,16.26,16.42,15.89,25868,41781903.0,3.33,2.2,0.35,1.35
2025-04-23,603790,16.7,16.75,16.78,16.01,35580,58680967.0,4.74,3.01,0.49,1.86
2025-04-24,603790,16.73,16.69,16.87,16.4,21582,35981993.0,2.81,-0.36,-0.06,1.13
2025-04-25,603790,16.63,17.45,17.69,16.62,42186,72302421.0,6.41,4.55,0.76,2.2
2025-04-28,603790,17.32,17.03,17.39,16.51,30131,51274734.0,5.04,-2.41,-0.42,1.57
2025-04-29,603790,17.03,18.73,18.73,16.81,58019,105503858.0,11.27,9.98,1.7,3.03
2025-04-30,603790,18.73,18.62,19.37,18.32,70515,132677737.0,5.61,-0.59,-0.11,3.68
2025-05-06,603790,18.52,18.76,18.88,18.51,41044,76652547.0,1.99,0.75,0.14,2.14
2025-05-07,603790,18.81,18.4,19.14,17.7,63130,115492883.0,7.68,-1.92,-0.36,3.3
2025-05-08,603790,18.11,18.3,18.66,17.79,39840,72821979.0,4.73,-0.54,-0.1,2.08
2025-05-09,603790,18.2,18.07,18.54,17.92,29178,52860327.0,3.39,-1.26,-0.23,1.52
2025-05-12,603790,18.06,18.31,18.4,17.87,30423,55190417.0,2.93,1.33,0.24,1.59
2025-05-13,603790,18.32,18.93,19.27,18.19,64692,121297651.0,5.9,3.39,0.62,3.38
2025-05-14,603790,18.77,17.54,19.09,17.04,99978,178356495.0,10.83,-7.34,-1.39,5.22
2025-05-15,603790,17.08,17.15,17.54,16.83,59063,101154880.0,4.05,-2.22,-0.39,3.09
2025-05-16,603790,17.21,18.21,18.5,16.96,56672,101238704.0,8.98,6.18,1.06,2.96
2025-05-19,603790,18.56,18.03,18.78,17.9,52564,96474790.0,4.83,-0.99,-0.18,2.75
2025-05-20,603790,18.03,18.35,19.14,17.8,64626,119841508.0,7.43,1.77,0.32,3.38
2025-05-21,603790,18.32,18.22,18.66,17.89,34658,63190608.0,4.2,-0.71,-0.13,1.81
2025-05-22,603790,17.99,17.86,18.62,17.8,26186,47513595.0,4.5,-1.98,-0.36,1.37
2025-05-23,603790,17.86,18.2,18.48,17.62,28369,51471109.0,4.82,1.9,0.34,1.48
2025-05-26,603790,18.0,18.1,18.32,17.58,35181,62825487.0,4.07,-0.55,-0.1,1.84
2025-05-27,603790,18.03,17.95,18.3,17.84,16720,30054296.0,2.54,-0.83,-0.15,0.87
2025-05-28,603790,17.94,17.47,18.02,17.28,31082,54384979.0,4.12,-2.67,-0.48,1.62
2025-05-29,603790,17.5,17.66,18.18,17.41,33288,59138425.0,4.41,1.09,0.19,1.74
2025-05-30,603790,17.68,17.53,17.92,17.34,21245,37389362.0,3.28,-0.74,-0.13,1.11
2025-06-03,603790,17.33,17.25,17.99,17.09,27567,47993249.0,5.13,-1.6,-0.28,1.44
2025-06-04,603790,17.11,17.78,17.88,17.11,27715,48734543.0,4.46,3.07,0.53,1.45
2025-06-05,603790,17.65,17.91,18.3,17.63,23056,41399528.0,3.77,0.73,0.13,1.2
2025-06-06,603790,17.9,18.39,18.43,17.8,28093,51151136.0,3.52,2.68,0.48,1.47
2025-06-09,603790,18.21,18.43,18.56,17.65,26212,47764858.0,4.95,0.22,0.04,1.37
2025-06-10,603790,18.43,18.6,18.88,17.97,42971,78790015.0,4.94,0.92,0.17,2.25
2025-06-11,603790,18.45,18.39,18.9,18.31,38311,71121999.0,3.17,-1.13,-0.21,2.0
2025-06-12,603790,18.23,18.3,18.38,18.02,15899,28904134.0,1.96,-0.49,-0.09,0.83
2025-06-13,603790,18.36,17.61,18.36,17.52,26399,47036607.0,4.59,-3.77,-0.69,1.38
2025-06-16,603790,17.5,17.75,17.99,17.5,17763,31578517.0,2.78,0.8,0.14,0.93
2025-06-17,603790,17.75,17.63,17.89,17.3,18335,32182002.0,3.32,-0.68,-0.12,0.96
2025-06-18,603790,17.63,18.1,18.3,17.36,29651,52985699.0,5.33,2.67,0.47,1.55
2025-06-19,603790,18.21,18.76,18.86,17.99,45427,84042205.0,4.81,3.65,0.66,2.37
2025-06-20,603790,19.0,17.87,19.06,17.82,36982,67553648.0,6.61,-4.74,-0.89,1.93
2025-06-23,603790,17.87,18.2,18.28,17.59,19270,34711888.0,3.86,1.85,0.33,1.01
2025-06-24,603790,18.21,18.86,19.08,18.02,39028,72914453.0,5.82,3.63,0.66,2.04
2025-06-25,603790,18.86,20.53,20.75,18.86,121667,247676430.0,10.02,8.85,1.67,6.36
2025-06-26,603790,20.32,21.41,21.78,20.0,106405,223320642.0,8.67,4.29,0.88,5.56
2025-06-27,603790,21.25,21.31,21.66,20.7,54208,114843649.0,4.48,-0.47,-0.1,2.83
2025-06-30,603790,21.42,21.55,21.63,20.81,51861,110421129.0,3.85,1.13,0.24,2.71
2025-07-01,603790,21.56,20.87,21.83,20.47,41900,87913322.0,6.31,-3.16,-0.68,2.19
2025-07-02,603790,20.76,20.5,21.16,20.35,26001,53768026.0,3.88,-1.77,-0.37,1.36
2025-07-03,603790,20.49,20.64,20.73,20.28,23949,49163400.0,2.2,0.68,0.14,1.25
2025-07-04,603790,20.46,18.58,20.58,18.58,104033,198040952.0,9.69,-9.98,-2.06,5.44
2025-07-07,603790,18.65,18.6,18.84,17.7,58452,107335847.0,6.14,0.11,0.02,3.05
2025-07-08,603790,18.5,18.19,18.61,17.86,48092,87171895.0,4.03,-2.2,-0.41,2.51
2025-07-09,603790,18.08,18.25,18.34,18.08,27475,49963690.0,1.43,0.33,0.06,1.44
2025-07-10,603790,18.62,17.44,18.68,17.16,60843,107350778.0,8.33,-4.44,-0.81,3.18
2025-07-11,603790,17.39,17.96,17.96,17.01,34781,61292574.0,5.45,2.98,0.52,1.82
2025-07-14,603790,18.0,17.83,18.01,17.6,21224,37825517.0,2.28,-0.72,-0.13,1.11
2025-07-15,603790,17.82,17.83,18.07,17.4,27005,48021187.0,3.76,0.0,0.0,1.41
2025-07-16,603790,17.83,18.32,18.66,17.78,49345,90380762.0,4.94,2.75,0.49,2.58
2025-07-17,603790,18.28,18.42,18.6,17.97,37549,68872711.0,3.44,0.55,0.1,1.96
2025-07-18,603790,18.39,18.17,18.48,18.1,19976,36440427.0,2.06,-1.36,-0.25,1.04
2025-07-21,603790,18.18,18.82,19.08,18.18,38399,71785402.0,4.95,3.58,0.65,2.01
2025-07-22,603790,18.8,19.05,19.32,18.52,38262,72756965.0,4.25,1.22,0.23,2.0
2025-07-23,603790,19.06,19.0,19.2,18.65,31528,59624824.0,2.89,-0.26,-0.05,1.65
2025-07-24,603790,18.99,18.2,18.99,18.18,39836,73392305.0,4.26,-4.21,-0.8,2.08
2025-07-25,603790,18.2,18.52,19.06,18.0,36664,68389196.0,5.82,1.76,0.32,1.92
2025-07-28,603790,18.9,18.37,19.04,18.35,20233,37579727.0,3.73,-0.81,-0.15,1.06
2025-07-29,603790,18.36,18.66,18.85,18.3,23114,43006887.0,2.99,1.58,0.29,1.21
2025-07-30,603790,18.75,18.41,18.75,18.3,16115,29672521.0,2.41,-1.34,-0.25,0.84
2025-07-31,603790,18.32,18.3,18.62,18.23,17145,31479614.0,2.12,-0.6,-0.11,0.9
2025-08-01,603790,16.9,18.0,18.59,16.9,21119,38437635.0,9.23,-1.64,-0.3,1.1
2025-08-04,603790,18.25,18.97,19.0,17.7,42214,78392911.0,7.22,5.39,0.97,2.21
2025-08-05,603790,19.01,19.35,19.78,19.01,51386,98993903.0,4.06,2.0,0.38,2.69
2025-08-06,603790,19.35,19.29,19.6,19.1,32697,63213027.0,2.58,-0.31,-0.06,1.71
2025-08-07,603790,19.3,19.59,19.9,19.15,31823,62459476.0,3.89,1.56,0.3,1.66
2025-08-08,603790,19.59,19.23,19.6,19.05,20514,39444333.0,2.81,-1.84,-0.36,1.07
2025-08-11,603790,19.19,19.16,19.49,19.06,21776,41871580.0,2.24,-0.36,-0.07,1.14
2025-08-12,603790,19.16,19.11,19.3,18.88,23692,45173987.0,2.19,-0.26,-0.05,1.24
2025-08-13,603790,19.11,19.0,19.31,18.92,20366,38888036.0,2.04,-0.58,-0.11,1.06
2025-08-14,603790,19.01,18.9,19.2,18.85,22098,41972713.0,1.84,-0.53,-0.1,1.15
2025-08-15,603790,18.9,19.68,19.85,18.88,40002,77334286.0,5.13,4.13,0.78,2.09
2025-08-18,603790,19.68,19.33,20.0,19.1,46328,90528746.0,4.57,-1.78,-0.35,2.42
2025-08-19,603790,19.47,19.07,19.47,18.8,24785,47101851.0,3.47,-1.35,-0.26,1.3
2025-08-20,603790,19.02,19.8,19.88,18.9,48503,94376193.0,5.14,3.83,0.73,2.53
2025-08-21,603790,19.79,20.0,20.25,19.58,34801,69444785.0,3.38,1.01,0.2,1.82
2025-08-22,603790,20.18,19.36,20.28,19.32,31526,61649103.0,4.8,-3.2,-0.64,1.65
2025-08-25,603790,19.35,19.33,19.59,19.17,26210,50753011.0,2.17,-0.15,-0.03,1.37
2025-08-26,603790,19.35,19.27,19.74,19.15,27627,53521910.0,3.05,-0.31,-0.06,1.44
2025-08-27,603790,19.45,18.93,19.88,18.9,36778,71565721.0,5.09,-1.76,-0.34,1.92
2025-08-28,603790,18.96,18.91,19.14,18.26,39170,73202010.0,4.65,-0.11,-0.02,2.05
2025-08-29,603790,18.91,18.64,19.21,18.47,30294,56862205.0,3.91,-1.43,-0.27,1.58
2025-09-01,603790,18.64,18.47,19.17,18.41,27003,50499435.0,4.08,-0.91,-0.17,1.41
2025-09-02,603790,19.0,18.82,19.17,17.93,42486,78515097.0,6.71,1.89,0.35,2.22
2025-09-03,603790,19.36,17.94,19.36,17.91,26382,48305894.0,7.7,-4.68,-0.88,1.38
2025-09-04,603790,18.32,17.84,18.45,17.7,31421,56886140.0,4.18,-0.56,-0.1,1.64
2025-09-05,603790,18.0,18.27,18.32,17.8,14316,25979336.0,2.91,2.41,0.43,0.75
2025-09-08,603790,19.3,18.1,19.3,17.91,27743,50408024.0,7.61,-0.93,-0.17,1.45
2025-09-09,603790,18.07,17.99,18.4,17.87,16024,28967748.0,2.93,-0.61,-0.11,0.84
2025-09-10,603790,17.99,19.79,19.79,17.95,44661,86182081.0,10.23,10.01,1.8,2.33
2025-09-11,603790,20.0,21.7,21.77,19.59,152795,318098123.0,11.02,9.65,1.91,7.98
2025-09-12,603790,21.2,21.77,22.15,20.68,129283,275015437.0,6.77,0.32,0.07,6.76
2025-09-15,603790,22.01,22.7,23.29,21.57,77026,173068518.0,7.9,4.27,0.93,4.03
2025-09-16,603790,22.65,23.13,23.96,22.65,66321,152967687.0,5.77,1.89,0.43,3.47
2025-09-17,603790,23.4,24.64,25.11,22.9,74274,180120827.0,9.55,6.53,1.51,3.88
2025-09-18,603790,24.85,23.67,24.98,23.07,81136,193374803.0,7.75,-3.94,-0.97,4.24
2025-09-19,603790,23.3,24.0,24.48,23.3,54557,131198126.0,4.99,1.39,0.33,2.85
2025-09-22,603790,24.1,24.1,24.38,23.5,41907,100060456.0,3.67,0.42,0.1,2.19
2025-09-23,603790,23.81,23.49,24.1,22.88,53020,124209211.0,5.06,-2.53,-0.61,2.77
2025-09-24,603790,23.45,23.63,23.75,23.22,27038,63522841.0,2.26,0.6,0.14,1.41
2025-09-25,603790,23.53,23.97,24.05,23.33,30849,73122593.0,3.05,1.44,0.34,1.61
2025-09-26,603790,24.0,23.99,25.08,23.8,53429,130379310.0,5.34,0.08,0.02,2.79
2025-09-29,603790,23.99,24.05,24.46,23.72,34727,83578784.0,3.08,0.25,0.06,1.81
2025-09-30,603790,23.87,25.92,26.2,23.87,69821,174459303.0,9.69,7.78,1.87,3.65
2025-10-09,603790,26.0,23.33,26.03,23.33,61766,147366504.0,10.42,-9.99,-2.59,3.23
2025-10-10,603790,22.21,22.49,23.05,22.0,71712,161459037.0,4.5,-3.6,-0.84,3.75
2025-10-13,603790,21.8,21.56,22.19,20.24,55407,119339001.0,8.67,-4.14,-0.93,2.9
2025-10-14,603790,21.71,21.49,22.45,21.34,35935,78742750.0,5.15,-0.32,-0.07,1.88
2025-10-15,603790,21.81,21.47,22.09,21.43,21340,46171721.0,3.07,-0.09,-0.02,1.12
2025-10-16,603790,21.68,21.15,21.68,20.92,23201,49231894.0,3.54,-1.49,-0.32,1.21
2025-10-17,603790,21.17,20.63,21.61,20.55,19726,41439627.0,5.01,-2.46,-0.52,1.03
2025-10-20,603790,21.08,21.34,21.68,20.64,22651,48057926.0,5.04,3.44,0.71,1.18
2025-10-21,603790,21.34,21.43,21.56,20.9,16775,35659963.0,3.09,0.42,0.09,0.88
2025-10-22,603790,21.57,21.75,22.0,21.25,20111,43743404.0,3.5,1.49,0.32,1.05
2025-10-23,603790,21.76,21.9,21.9,21.28,17801,38304568.0,2.85,0.69,0.15,0.93
2025-10-24,603790,21.9,21.6,22.02,21.45,17364,37680626.0,2.6,-1.37,-0.3,0.91
2025-10-27,603790,21.7,21.31,22.02,21.25,26170,56464181.0,3.56,-1.34,-0.29,1.37
2025-10-28,603790,21.41,20.51,21.41,20.4,32168,66925437.0,4.74,-3.75,-0.8,1.68
2025-10-29,603790,20.62,20.25,20.66,20.1,22012,44806934.0,2.73,-1.27,-0.26,1.15
2025-10-30,603790,20.23,20.11,20.43,19.92,23717,47706318.0,2.52,-0.69,-0.14,1.24
2025-10-31,603790,20.12,20.25,21.18,20.12,23883,49179774.0,5.27,0.7,0.14,1.25
2025-11-03,603790,20.24,20.5,20.7,20.19,16098,32928131.0,2.52,1.23,0.25,0.84
2025-11-04,603790,20.5,20.15,20.68,20.01,16671,33665935.0,3.27,-1.71,-0.35,0.87
2025-11-05,603790,20.18,19.94,20.3,19.78,14004,28029420.0,2.58,-1.04,-0.21,0.73
2025-11-06,603790,20.03,20.13,20.24,19.81,14631,29391209.0,2.16,0.95,0.19,0.76
2025-11-07,603790,20.06,20.33,20.8,19.76,24441,49369375.0,5.17,0.99,0.2,1.28
2025-11-10,603790,20.33,20.56,20.8,20.17,23001,47153757.0,3.1,1.13,0.23,1.2
2025-11-11,603790,20.75,21.91,22.54,20.62,81300,177351483.0,9.34,6.57,1.35,4.25
2025-11-12,603790,22.0,22.41,23.29,21.91,65279,147758270.0,6.3,2.28,0.5,3.41
2025-11-13,603790,22.4,22.4,22.84,22.0,40794,91236430.0,3.75,-0.04,-0.01,2.13
2025-11-14,603790,22.7,23.47,24.4,22.3,78314,181992908.0,9.38,4.78,1.07,4.09
2025-11-17,603790,23.1,21.12,23.1,21.12,67986,147272907.0,8.44,-10.01,-2.35,3.55
2025-11-18,603790,20.97,20.05,20.97,19.6,70537,140990035.0,6.49,-5.07,-1.07,3.69
2025-11-19,603790,20.27,19.95,21.48,19.76,59498,121867420.0,8.58,-0.5,-0.1,3.11
2025-11-20,603790,19.96,19.56,20.33,19.52,40736,80695800.0,4.06,-1.95,-0.39,2.13
2025-11-21,603790,19.4,18.76,19.6,18.76,31750,60655351.0,4.29,-4.09,-0.8,1.66
2025-11-24,603790,18.9,18.9,19.27,18.56,32918,62121972.0,3.78,0.75,0.14,1.72
2025-11-25,603790,18.9,19.04,19.23,18.87,17267,32880321.0,1.9,0.74,0.14,0.9
2025-11-26,603790,19.12,19.1,19.5,18.73,20482,38904622.0,4.04,0.32,0.06,1.07
2025-11-27,603790,19.14,19.38,20.05,19.0,35297,68903027.0,5.5,1.47,0.28,1.84
2025-11-28,603790,19.37,19.67,19.85,19.02,19205,37678048.0,4.28,1.5,0.29,1.0
2025-12-01,603790,19.65,19.36,19.81,19.22,21781,42234375.0,3.0,-1.58,-0.31,1.14
2025-12-02,603790,19.33,19.09,19.35,19.0,24001,46003070.0,1.81,-1.39,-0.27,1.25
2025-12-03,603790,19.17,19.27,19.33,18.9,20313,38847833.0,2.25,0.94,0.18,1.06
2025-12-04,603790,19.12,20.03,20.43,19.06,47151,93388210.0,7.11,3.94,0.76,2.46
2025-12-05,603790,20.63,19.64,20.66,19.42,32160,63559050.0,6.19,-1.95,-0.39,1.68
2025-12-08,603790,19.65,19.65,19.9,19.31,17264,33751751.0,3.0,0.05,0.01,0.9
2025-12-09,603790,19.6,19.35,19.62,19.3,14494,28167426.0,1.63,-1.53,-0.3,0.76
2025-12-10,603790,19.25,20.33,20.48,19.25,33949,67778530.0,6.36,5.06,0.98,1.77
2025-12-11,603790,20.32,20.37,21.0,20.26,34379,70991813.0,3.64,0.2,0.04,1.8
2025-12-12,603790,20.46,20.59,20.97,20.07,23873,49287379.0,4.42,1.08,0.22,1.25
2025-12-15,603790,20.59,20.3,20.6,19.99,20285,41115737.0,2.96,-1.41,-0.29,1.06
2025-12-16,603790,20.21,19.65,20.4,19.42,28188,55860692.0,4.83,-3.2,-0.65,1.47
2025-12-17,603790,19.57,19.63,19.78,19.33,14184,27726120.0,2.29,-0.1,-0.02,0.74
2025-12-18,603790,19.63,19.7,20.02,19.31,14337,28306381.0,3.62,0.36,0.07,0.75
2025-12-19,603790,19.97,19.96,20.07,19.48,20935,41331527.0,2.99,1.32,0.26,1.09
2025-12-22,603790,20.05,19.9,20.4,19.9,12198,24532539.0,2.51,-0.3,-0.06,0.64
2025-12-23,603790,19.8,19.75,20.08,19.64,14508,28753549.0,2.21,-0.75,-0.15,0.76
2025-12-24,603790,19.63,20.04,20.29,19.63,12768,25510894.0,3.34,1.47,0.29,0.67
2025-12-25,603790,20.3,20.17,20.34,19.93,11588,23384031.0,2.05,0.65,0.13,0.61
2025-12-26,603790,20.17,20.04,20.3,19.9,12890,25912004.0,1.98,-0.64,-0.13,0.67
2025-12-29,603790,20.06,19.9,20.27,19.71,13977,27758229.0,2.79,-0.7,-0.14,0.73
2025-12-30,603790,19.73,19.58,20.05,19.57,19260,38083161.0,2.41,-1.61,-0.32,1.01
2025-12-31,603790,19.58,19.54,19.75,19.4,7798,15239600.0,1.79,-0.2,-0.04,0.41
