日期,股票代码,开盘,收盘,最高,最低,成交量,成交额,振幅,涨跌幅,涨跌额,换手率
2020-07-07,688277,70.0,86.0,107.99,64.3,262955,1930760928.0,362.87,614.29,73.96,75.14
2020-07-08,688277,82.0,104.27,105.49,78.01,189815,1679362046.0,31.95,21.24,18.27,54.24
2020-07-09,688277,99.0,101.99,115.0,98.9,133268,1399961632.0,15.44,-2.19,-2.28,38.08
2020-07-10,688277,97.02,99.49,108.5,95.0,82445,828640464.0,13.24,-2.45,-2.5,23.56
2020-07-13,688277,99.48,118.0,120.0,96.51,106488,1152456670.0,23.61,18.6,18.51,30.43
2020-07-14,688277,117.98,141.6,141.6,113.2,107699,1402023256.0,24.07,20.0,23.6,30.77
2020-07-15,688277,135.25,116.97,141.59,113.88,111269,1450440219.0,19.57,-17.39,-24.63,31.79
2020-07-16,688277,114.98,106.6,121.9,100.02,88877,987566732.0,18.71,-8.87,-10.37,25.4
2020-07-17,688277,106.2,94.5,109.5,92.01,78830,789175214.0,16.41,-11.35,-12.1,22.53
2020-07-20,688277,90.05,91.3,93.2,81.88,82255,721249057.0,11.98,-3.39,-3.2,23.5
2020-07-21,688277,91.24,109.56,109.56,91.24,107357,1077024960.0,20.07,20.0,18.26,30.68
2020-07-22,688277,111.0,117.49,122.77,110.85,91851,1072075226.0,10.88,7.24,7.93,26.25
2020-07-23,688277,113.02,117.3,123.5,112.05,73524,866583604.0,9.75,-0.16,-0.19,21.01
2020-07-24,688277,115.69,111.1,119.71,106.5,68430,766392410.0,11.26,-5.29,-6.2,19.55
2020-07-27,688277,111.1,100.87,113.0,97.11,51692,533873744.0,14.3,-9.21,-10.23,14.77
2020-07-28,688277,101.5,107.1,108.0,97.0,53396,550629798.0,10.91,6.18,6.23,15.26
2020-07-29,688277,106.0,108.76,115.58,103.01,57193,627431651.0,11.74,1.55,1.66,16.34
2020-07-30,688277,107.83,105.0,112.68,104.6,42858,461909240.0,7.43,-3.46,-3.76,12.25
2020-07-31,688277,103.0,103.99,106.78,101.6,41846,434938848.0,4.93,-0.96,-1.01,11.96
2020-08-03,688277,104.83,112.19,112.72,104.83,51423,561218665.0,7.59,7.89,8.2,14.69
2020-08-04,688277,111.6,112.7,120.4,110.11,59753,686144430.0,9.17,0.45,0.51,17.07
2020-08-05,688277,110.87,116.71,118.68,109.8,42975,496914243.0,7.88,3.56,4.01,12.28
2020-08-06,688277,113.72,116.8,119.99,110.96,49536,570768348.0,7.74,0.08,0.09,14.15
2020-08-07,688277,116.6,109.9,118.2,105.0,40739,452742734.0,11.3,-5.91,-6.9,11.64
2020-08-10,688277,107.8,99.47,108.89,93.5,72590,715274584.0,14.0,-9.49,-10.43,20.74
2020-08-11,688277,96.85,95.99,100.77,95.5,33204,323512367.0,5.3,-3.5,-3.48,9.49
2020-08-12,688277,95.0,94.55,95.0,88.12,38785,354085449.0,7.17,-1.5,-1.44,11.08
2020-08-13,688277,94.98,94.32,97.99,90.96,25279,238638830.0,7.44,-0.24,-0.23,7.22
2020-08-14,688277,94.32,92.99,95.68,90.61,18068,167428078.0,5.38,-1.41,-1.33,5.16
2020-08-17,688277,92.81,96.6,96.77,90.15,26062,242679153.0,7.12,3.88,3.61,7.45
2020-08-18,688277,96.42,96.6,99.7,95.0,22110,215464609.0,4.87,0.0,0.0,6.32
2020-08-19,688277,96.0,90.82,96.0,90.82,18511,171669692.0,5.36,-5.98,-5.78,5.29
2020-08-20,688277,89.2,86.5,91.93,85.51,20030,177235843.0,7.07,-4.76,-4.32,5.72
2020-08-21,688277,87.01,88.4,91.68,87.01,21070,188896991.0,5.4,2.2,1.9,6.02
2020-08-24,688277,87.4,84.0,88.88,83.78,18323,156088687.0,5.77,-4.98,-4.4,5.24
2020-08-25,688277,84.4,78.3,86.0,77.11,37146,298587154.0,10.58,-6.79,-5.7,10.61
2020-08-26,688277,79.0,65.89,79.3,65.43,66250,462440165.0,17.71,-15.85,-12.41,18.93
2020-08-27,688277,65.93,67.47,68.58,61.58,45875,298194966.0,10.62,2.4,1.58,13.11
2020-08-28,688277,66.18,63.68,67.87,63.5,27837,179767382.0,6.48,-5.62,-3.79,7.95
2020-08-31,688277,64.18,64.8,67.79,63.79,24132,159026120.0,6.28,1.76,1.12,6.9
2020-09-01,688277,64.7,64.12,65.48,63.17,12922,82736190.0,3.56,-1.05,-0.68,3.69
2020-09-02,688277,63.84,62.47,64.5,62.28,16101,101304055.0,3.46,-2.57,-1.65,4.6
2020-09-03,688277,63.18,74.96,74.96,62.73,61245,431049176.0,19.58,19.99,12.49,17.5
2020-09-04,688277,74.0,73.36,76.0,70.51,46256,336324928.0,7.32,-2.13,-1.6,13.22
2020-09-07,688277,72.88,67.0,73.0,66.12,37752,262072890.0,9.38,-8.67,-6.36,10.79
2020-09-08,688277,67.86,69.54,72.7,67.01,28199,197073719.0,8.49,3.79,2.54,8.06
2020-09-09,688277,68.47,70.42,72.74,66.0,29729,207773636.0,9.69,1.27,0.88,8.5
2020-09-10,688277,72.0,69.17,72.5,67.0,24062,167871157.0,7.81,-1.78,-1.25,6.88
2020-09-11,688277,68.23,69.9,70.89,67.6,18817,130247174.0,4.76,1.06,0.73,5.38
2020-09-14,688277,71.14,70.87,72.99,69.71,17040,121368727.0,4.69,1.39,0.97,4.87
2020-09-15,688277,70.99,67.23,70.99,66.9,24556,167109833.0,5.77,-5.14,-3.64,7.02
2020-09-16,688277,67.9,65.68,67.9,64.7,18324,120006119.0,4.76,-2.31,-1.55,5.24
2020-09-17,688277,66.08,72.04,74.82,65.08,46209,329205566.0,14.83,9.68,6.36,13.2
2020-09-18,688277,71.63,70.89,72.68,69.8,22691,160870764.0,4.0,-1.6,-1.15,6.48
2020-09-21,688277,70.4,70.09,71.6,69.57,15331,107822907.0,2.86,-1.13,-0.8,4.38
2020-09-22,688277,69.8,67.88,70.83,67.24,16480,113211413.0,5.12,-3.15,-2.21,4.71
2020-09-23,688277,68.4,69.2,70.2,67.82,15592,107978355.0,3.51,1.94,1.32,4.46
2020-09-24,688277,68.65,67.49,68.8,66.0,14245,96259240.0,4.05,-2.47,-1.71,4.07
2020-09-25,688277,67.74,65.2,68.28,65.16,13210,87525594.0,4.62,-3.39,-2.29,3.77
2020-09-28,688277,65.51,63.08,65.89,62.5,11113,70634349.0,5.2,-3.25,-2.12,3.18
2020-09-29,688277,63.59,63.86,65.75,63.2,9860,63766325.0,4.04,1.24,0.78,2.82
2020-09-30,688277,64.34,63.01,64.68,62.99,8302,52773074.0,2.65,-1.33,-0.85,2.37
2020-10-09,688277,64.7,64.88,65.5,64.0,10148,65698846.0,2.38,2.97,1.87,2.9
2020-10-12,688277,65.49,69.28,69.29,65.21,17058,115687612.0,6.29,6.78,4.4,4.87
2020-10-13,688277,69.0,69.79,71.6,68.0,20911,146372014.0,5.2,0.74,0.51,5.98
2020-10-14,688277,70.01,70.47,71.88,69.06,15259,107377967.0,4.04,0.97,0.68,4.36
2020-10-15,688277,70.05,68.42,70.99,68.08,11331,78267696.0,4.13,-2.91,-2.05,3.24
2020-10-16,688277,68.58,69.36,70.88,66.39,15642,107703552.0,6.56,1.37,0.94,4.47
2020-10-19,688277,69.4,70.43,73.78,69.05,24172,173355505.0,6.82,1.54,1.07,6.91
2020-10-20,688277,70.99,68.54,71.16,67.45,14073,96633254.0,5.27,-2.68,-1.89,4.02
2020-10-21,688277,68.6,66.1,69.84,65.31,16149,108118311.0,6.61,-3.56,-2.44,4.61
2020-10-22,688277,65.53,66.27,67.0,65.53,8292,54943760.0,2.22,0.26,0.17,2.37
2020-10-23,688277,66.27,63.0,66.8,62.5,16854,108185008.0,6.49,-4.93,-3.27,4.82
2020-10-26,688277,62.73,63.5,64.39,62.73,7420,47084099.0,2.63,0.79,0.5,2.12
2020-10-27,688277,63.4,63.9,64.3,62.77,7453,47428427.0,2.41,0.63,0.4,2.13
2020-10-28,688277,62.25,55.62,62.25,55.0,38771,222002131.0,11.35,-12.96,-8.28,11.08
2020-10-29,688277,54.8,55.58,56.59,54.46,13806,76915850.0,3.83,-0.07,-0.04,3.95
2020-10-30,688277,56.32,56.01,58.42,55.62,19455,110698848.0,5.04,0.77,0.43,5.56
2020-11-02,688277,55.8,54.07,56.64,53.2,16500,89926159.0,6.14,-3.46,-1.94,4.71
2020-11-03,688277,54.14,56.13,57.51,54.14,14525,81255931.0,6.23,3.81,2.06,4.15
2020-11-04,688277,56.44,56.07,58.0,55.17,13138,74044907.0,5.04,-0.11,-0.06,3.75
2020-11-05,688277,57.35,57.74,57.95,56.3,13593,77967738.0,2.94,2.98,1.67,3.88
2020-11-06,688277,57.74,56.39,57.74,55.77,11385,64161554.0,3.41,-2.34,-1.35,3.25
2020-11-09,688277,57.0,58.3,59.0,56.51,15785,91687681.0,4.42,3.39,1.91,4.51
2020-11-10,688277,58.45,56.44,58.77,56.3,14436,82587969.0,4.24,-3.19,-1.86,4.13
2020-11-11,688277,56.12,53.75,56.49,53.38,16675,90398225.0,5.51,-4.77,-2.69,4.76
2020-11-12,688277,53.75,53.53,54.65,53.2,8389,44985198.0,2.7,-0.41,-0.22,2.4
2020-11-13,688277,53.32,52.97,53.52,52.27,7578,40053829.0,2.34,-1.05,-0.56,2.17
2020-11-16,688277,52.98,51.29,53.69,50.55,14805,76604248.0,5.93,-3.17,-1.68,4.23
2020-11-17,688277,51.29,48.63,51.57,48.13,23677,116371500.0,6.71,-5.19,-2.66,6.77
2020-11-18,688277,48.74,48.97,50.14,48.01,18245,89520722.0,4.38,0.7,0.34,5.21
2020-11-19,688277,49.75,48.89,50.0,48.0,12727,62214890.0,4.08,-0.16,-0.08,3.64
2020-11-20,688277,49.0,47.88,49.5,47.35,20998,101181220.0,4.4,-2.07,-1.01,6.0
2020-11-23,688277,48.01,47.07,48.39,46.55,16497,78047481.0,3.84,-1.69,-0.81,4.71
2020-11-24,688277,47.35,48.86,49.98,46.68,27409,133306501.0,7.01,3.8,1.79,7.83
2020-11-25,688277,48.42,47.19,48.79,46.98,18063,85881021.0,3.7,-3.42,-1.67,5.16
2020-11-26,688277,47.02,46.65,48.56,46.51,15701,74736944.0,4.34,-1.14,-0.54,4.49
2020-11-27,688277,46.56,46.32,47.31,45.89,11418,53046278.0,3.04,-0.71,-0.33,3.26
2020-11-30,688277,46.75,47.73,49.06,45.75,18479,88154987.0,7.15,3.04,1.41,5.28
2020-12-01,688277,47.65,48.61,49.18,47.06,14824,72099489.0,4.44,1.84,0.88,4.24
2020-12-02,688277,48.94,48.13,49.1,47.76,11952,57905329.0,2.76,-0.99,-0.48,3.42
2020-12-03,688277,47.21,48.88,49.13,47.21,15121,72919885.0,3.99,1.56,0.75,4.32
2020-12-04,688277,48.67,48.53,49.36,48.2,9066,44092904.0,2.37,-0.72,-0.35,2.59
2020-12-07,688277,48.53,48.66,49.35,48.1,8444,41155015.0,2.58,0.27,0.13,2.41
2020-12-08,688277,48.66,47.26,48.87,47.01,11766,56068737.0,3.82,-2.88,-1.4,3.36
2020-12-09,688277,47.29,45.92,47.29,45.9,11158,51718758.0,2.94,-2.84,-1.34,3.19
2020-12-10,688277,45.93,45.88,46.6,45.49,6855,31549472.0,2.42,-0.09,-0.04,1.96
2020-12-11,688277,45.88,43.24,45.96,42.99,17877,78853646.0,6.47,-5.75,-2.64,5.11
2020-12-14,688277,43.0,43.7,44.75,42.22,12736,55835432.0,5.85,1.06,0.46,3.64
2020-12-15,688277,43.49,43.32,44.3,43.01,10470,45482615.0,2.95,-0.87,-0.38,2.99
2020-12-16,688277,43.1,40.66,43.25,40.66,15585,64774546.0,5.98,-6.14,-2.66,4.45
2020-12-17,688277,40.67,43.5,43.82,40.66,18388,77842709.0,7.77,6.98,2.84,5.25
2020-12-18,688277,43.39,41.88,43.51,41.41,11970,50513624.0,4.83,-3.72,-1.62,3.42
2020-12-21,688277,41.96,42.51,43.47,41.47,9892,42055841.0,4.78,1.5,0.63,2.83
2020-12-22,688277,42.31,41.92,42.78,41.31,10971,45924737.0,3.46,-1.39,-0.59,3.13
2020-12-23,688277,41.64,40.33,41.9,39.87,15803,63959439.0,4.84,-3.79,-1.59,4.52
2020-12-24,688277,40.33,38.24,40.4,37.9,15894,61812677.0,6.2,-5.18,-2.09,4.54
2020-12-25,688277,38.23,36.2,38.23,36.2,18039,66434707.0,5.31,-5.33,-2.04,5.15
2020-12-28,688277,36.38,36.02,37.8,35.52,17965,65927300.0,6.3,-0.5,-0.18,5.13
2020-12-29,688277,35.88,35.88,36.5,35.2,10427,37471183.0,3.61,-0.39,-0.14,2.98
2020-12-30,688277,35.8,36.24,36.35,35.25,9987,35782446.0,3.07,1.0,0.36,2.85
2020-12-31,688277,36.26,38.13,38.59,36.01,15753,59518337.0,7.12,5.22,1.89,4.5
2021-01-04,688277,38.47,37.68,38.78,37.0,19243,72822362.0,4.67,-1.18,-0.45,5.5
2021-01-05,688277,37.81,45.22,45.22,37.69,42611,182001772.0,19.98,20.01,7.54,12.18
2021-01-06,688277,45.79,42.54,45.81,41.88,41409,179062626.0,8.69,-5.93,-2.68,11.83
2021-01-07,688277,42.0,45.0,48.71,41.31,60063,275010352.0,17.4,5.78,2.46,16.31
2021-01-08,688277,46.31,45.5,48.5,45.11,34254,158752045.0,7.53,1.11,0.5,9.3
2021-01-11,688277,45.16,42.46,45.18,42.0,27677,119699675.0,6.99,-6.68,-3.04,7.51
2021-01-12,688277,42.42,41.81,43.8,41.5,17730,75046621.0,5.42,-1.53,-0.65,4.81
2021-01-13,688277,42.31,37.88,42.44,37.83,31638,123747211.0,11.03,-9.4,-3.93,8.59
2021-01-14,688277,37.97,39.85,40.8,36.6,26831,104642962.0,11.09,5.2,1.97,7.28
2021-01-15,688277,39.47,40.8,42.0,38.87,19316,78621407.0,7.85,2.38,0.95,5.24
2021-01-18,688277,40.79,43.98,45.69,40.58,28432,124829523.0,12.52,7.79,3.18,7.72
2021-01-19,688277,43.99,44.43,45.95,43.01,20123,89944693.0,6.68,1.02,0.45,5.46
2021-01-20,688277,44.22,44.15,44.79,43.18,13242,58129110.0,3.62,-0.63,-0.28,3.59
2021-01-21,688277,44.0,46.48,47.49,44.0,24986,115614312.0,7.9,5.28,2.33,6.78
2021-01-22,688277,46.4,45.16,47.31,44.2,19601,88896688.0,6.69,-2.84,-1.32,5.32
2021-01-25,688277,44.52,43.75,44.59,42.33,17941,77851574.0,5.0,-3.12,-1.41,4.87
2021-01-26,688277,43.41,43.53,46.87,42.81,21105,94695106.0,9.28,-0.5,-0.22,5.73
2021-01-27,688277,43.52,41.49,44.37,41.1,17471,73817486.0,7.51,-4.69,-2.04,4.74
2021-01-28,688277,41.69,40.41,43.48,40.33,13332,55971817.0,7.59,-2.6,-1.08,3.62
2021-01-29,688277,40.0,38.9,40.0,37.52,21929,84754598.0,6.14,-3.74,-1.51,5.95
2021-02-01,688277,38.22,38.56,39.3,37.95,8848,33998107.0,3.47,-0.87,-0.34,2.4
2021-02-02,688277,38.87,39.57,41.48,37.78,14622,58167194.0,9.6,2.62,1.01,3.97
2021-02-03,688277,39.3,37.02,40.7,36.7,15591,58974351.0,10.11,-6.44,-2.55,4.23
2021-02-04,688277,37.02,36.5,37.72,35.57,11870,43088722.0,5.81,-1.4,-0.52,3.22
2021-02-05,688277,36.3,36.08,37.3,35.78,8231,29975875.0,4.16,-1.15,-0.42,2.23
2021-02-08,688277,36.09,36.67,37.2,35.71,7228,26439940.0,4.13,1.64,0.59,1.96
2021-02-09,688277,36.49,37.91,38.7,35.59,13904,52140339.0,8.48,3.38,1.24,3.77
2021-02-10,688277,37.9,39.99,40.64,37.6,15458,61254154.0,8.02,5.49,2.08,4.2
2021-02-18,688277,39.99,40.8,41.53,39.99,14341,58269536.0,3.85,2.03,0.81,3.89
2021-02-19,688277,40.79,40.58,41.25,39.84,8026,32478104.0,3.46,-0.54,-0.22,2.18
2021-02-22,688277,41.99,40.49,42.37,40.22,12189,50334814.0,5.3,-0.22,-0.09,3.31
2021-02-23,688277,40.45,39.56,40.45,39.0,8338,33079620.0,3.58,-2.3,-0.93,2.26
2021-02-24,688277,39.22,39.32,41.5,39.06,12840,51684265.0,6.17,-0.61,-0.24,3.49
2021-02-25,688277,39.66,37.76,40.55,37.73,14005,54072741.0,7.17,-3.97,-1.56,3.8
2021-02-26,688277,37.51,37.34,38.58,37.09,9329,35284045.0,3.95,-1.11,-0.42,2.53
2021-03-01,688277,37.72,38.5,39.24,37.57,8410,32370823.0,4.47,3.11,1.16,2.28
2021-03-02,688277,38.5,37.47,38.9,36.85,9528,35723247.0,5.32,-2.68,-1.03,2.59
2021-03-03,688277,37.39,37.78,38.02,36.88,8547,31991884.0,3.04,0.83,0.31,2.32
2021-03-04,688277,37.6,36.48,37.83,36.12,11847,43623059.0,4.53,-3.44,-1.3,3.22
2021-03-05,688277,36.49,37.5,38.06,36.0,10910,40478275.0,5.65,2.8,1.02,2.96
2021-03-08,688277,37.6,36.75,38.28,36.65,8423,31394856.0,4.35,-2.0,-0.75,2.29
2021-03-09,688277,36.7,34.82,36.75,34.58,13980,49578396.0,5.9,-5.25,-1.93,3.8
2021-03-10,688277,35.3,33.55,35.49,33.4,11447,39237986.0,6.0,-3.65,-1.27,3.11
2021-03-11,688277,33.4,33.3,33.53,32.61,10906,36109791.0,2.74,-0.75,-0.25,2.96
2021-03-12,688277,33.3,31.24,33.55,30.58,21290,67395675.0,8.92,-6.19,-2.06,5.78
2021-03-15,688277,30.97,30.8,31.59,30.5,9139,28260298.0,3.49,-1.41,-0.44,2.48
2021-03-16,688277,31.25,30.33,31.7,30.2,9960,30652401.0,4.87,-1.53,-0.47,2.7
2021-03-17,688277,29.8,30.77,30.85,29.8,7504,22940220.0,3.46,1.45,0.44,2.04
2021-03-18,688277,30.49,33.56,35.9,30.49,32001,107784248.0,17.58,9.07,2.79,8.69
2021-03-19,688277,33.93,33.02,34.14,32.65,13858,46003092.0,4.44,-1.61,-0.54,3.76
2021-03-22,688277,32.83,33.27,33.39,32.2,7062,23243009.0,3.6,0.76,0.25,1.92
2021-03-23,688277,33.26,33.69,34.89,32.94,12949,43778817.0,5.86,1.26,0.42,3.52
2021-03-24,688277,33.55,32.24,33.69,32.1,9815,32086182.0,4.72,-4.3,-1.45,2.66
2021-03-25,688277,32.01,31.9,32.8,31.86,4412,14183955.0,2.92,-1.05,-0.34,1.2
2021-03-26,688277,31.97,32.4,32.59,31.37,5849,18710584.0,3.82,1.57,0.5,1.59
2021-03-29,688277,32.9,32.37,33.47,32.23,5374,17571409.0,3.83,-0.09,-0.03,1.46
2021-03-30,688277,32.32,31.3,32.32,30.9,12074,37965580.0,4.39,-3.31,-1.07,3.28
2021-03-31,688277,31.29,31.12,31.48,30.9,3983,12389407.0,1.85,-0.58,-0.18,1.08
2021-04-01,688277,31.3,31.85,32.23,30.78,8319,26267690.0,4.66,2.35,0.73,2.26
2021-04-02,688277,31.59,32.46,34.08,31.58,12333,40647400.0,7.85,1.92,0.61,3.35
2021-04-06,688277,32.8,31.93,32.8,31.51,11183,35596974.0,3.97,-1.63,-0.53,3.04
2021-04-07,688277,32.13,32.5,32.69,31.36,8552,27408582.0,4.17,1.79,0.57,2.32
2021-04-08,688277,32.5,32.11,33.14,31.81,6919,22457847.0,4.09,-1.2,-0.39,1.88
2021-04-09,688277,31.94,31.57,32.27,31.22,6533,20632568.0,3.27,-1.68,-0.54,1.77
2021-04-12,688277,31.49,30.63,31.55,30.4,7934,24524915.0,3.64,-2.98,-0.94,2.15
2021-04-13,688277,30.57,30.38,30.83,30.0,5194,15794942.0,2.71,-0.82,-0.25,1.41
2021-04-14,688277,30.18,31.0,31.3,30.08,5546,17045459.0,4.02,2.04,0.62,1.51
2021-04-15,688277,30.87,30.55,31.06,30.1,5676,17332274.0,3.1,-1.45,-0.45,1.54
2021-04-16,688277,30.96,32.82,32.99,30.6,19227,61780654.0,7.82,7.43,2.27,5.22
2021-04-19,688277,33.0,33.8,34.73,32.24,18295,61950858.0,7.59,2.99,0.98,4.97
2021-04-20,688277,33.81,33.17,34.16,32.93,11465,38262209.0,3.64,-1.86,-0.63,3.11
2021-04-21,688277,33.07,33.86,34.4,33.07,10696,36260629.0,4.01,2.08,0.69,2.9
2021-04-22,688277,33.9,33.95,35.4,33.8,14224,49108173.0,4.73,0.27,0.09,3.86
2021-04-23,688277,33.6,32.6,34.37,32.31,15990,53058683.0,6.07,-3.98,-1.35,4.34
2021-04-26,688277,32.62,33.74,35.0,32.62,22318,76397929.0,7.3,3.5,1.14,6.06
2021-04-27,688277,33.66,32.94,33.73,32.65,9996,33033906.0,3.2,-2.37,-0.8,2.71
2021-04-28,688277,32.0,31.6,32.32,30.88,14163,44738714.0,4.37,-4.07,-1.34,3.85
2021-04-29,688277,31.29,31.41,32.58,31.29,8241,26202925.0,4.08,-0.6,-0.19,2.24
2021-04-30,688277,31.88,30.38,31.9,30.2,11972,36747727.0,5.41,-3.28,-1.03,3.25
2021-05-06,688277,30.4,30.74,31.14,29.59,15680,47575346.0,5.1,1.18,0.36,4.26
2021-05-07,688277,30.41,30.73,30.96,30.3,7163,21855158.0,2.15,-0.03,-0.01,1.94
2021-05-10,688277,30.73,31.89,32.35,30.33,9588,30093758.0,6.57,3.77,1.16,2.6
2021-05-11,688277,31.79,32.33,32.63,31.12,11409,36615263.0,4.74,1.38,0.44,3.1
2021-05-12,688277,32.23,31.99,32.57,31.51,7822,25073059.0,3.28,-1.05,-0.34,2.12
2021-05-13,688277,31.56,32.59,33.11,31.53,10889,35371721.0,4.94,1.88,0.6,2.96
2021-05-14,688277,32.6,32.91,33.33,32.09,10792,35402020.0,3.8,0.98,0.32,2.93
2021-05-17,688277,32.93,33.84,34.26,32.52,13105,43751541.0,5.29,2.83,0.93,3.56
2021-05-18,688277,33.6,36.81,38.0,33.2,36986,134434316.0,14.18,8.78,2.97,10.04
2021-05-19,688277,36.36,35.76,37.37,35.45,19150,69038020.0,5.22,-2.85,-1.05,5.2
2021-05-20,688277,35.9,36.13,36.48,35.35,11897,42830051.0,3.16,1.03,0.37,3.23
2021-05-21,688277,36.09,34.45,36.53,34.45,12463,43822431.0,5.76,-4.65,-1.68,3.38
2021-05-24,688277,34.43,35.07,35.4,33.95,9960,34532143.0,4.21,1.8,0.62,2.7
2021-05-25,688277,35.07,35.78,36.1,34.25,17932,63093865.0,5.28,2.02,0.71,4.87
2021-05-26,688277,35.95,35.5,37.28,35.43,11942,43218565.0,5.17,-0.78,-0.28,3.24
2021-05-27,688277,35.5,37.04,37.3,35.22,16588,60368745.0,5.86,4.34,1.54,4.5
2021-05-28,688277,37.52,37.26,39.8,37.26,26878,103347165.0,6.86,0.59,0.22,7.3
2021-05-31,688277,37.4,40.35,40.88,37.01,32607,129242843.0,10.39,8.29,3.09,8.85
2021-06-01,688277,41.5,39.9,41.8,39.51,18308,73458214.0,5.68,-1.12,-0.45,4.97
2021-06-02,688277,39.5,43.0,43.43,39.5,43412,183173022.0,9.85,7.77,3.1,11.79
2021-06-03,688277,42.01,42.8,44.76,42.01,28645,124160026.0,6.4,-0.47,-0.2,7.78
2021-06-04,688277,42.3,42.54,43.88,42.11,14916,64033560.0,4.14,-0.61,-0.26,4.05
2021-06-07,688277,42.54,42.93,43.1,41.66,13273,56116889.0,3.39,0.92,0.39,3.6
2021-06-08,688277,43.49,41.18,43.5,41.0,18613,77531752.0,5.82,-4.08,-1.75,5.05
2021-06-09,688277,41.0,39.11,41.55,38.78,16203,64520086.0,6.73,-5.03,-2.07,4.4
2021-06-10,688277,38.96,39.13,39.66,38.6,7518,29408871.0,2.71,0.05,0.02,2.04
2021-06-11,688277,39.2,37.56,39.51,37.56,9933,38145348.0,4.98,-4.01,-1.57,2.7
2021-06-15,688277,37.56,37.07,38.15,36.68,9371,34816578.0,3.91,-1.3,-0.49,2.54
2021-06-16,688277,37.07,36.05,37.48,35.98,7444,27238990.0,4.05,-2.75,-1.02,2.02
2021-06-17,688277,36.16,37.01,37.44,35.31,10584,38493297.0,5.91,2.66,0.96,2.87
2021-06-18,688277,36.88,36.73,38.18,36.73,10894,40780101.0,3.92,-0.76,-0.28,2.96
2021-06-21,688277,37.1,37.74,38.48,37.1,9506,36001647.0,3.76,2.75,1.01,2.58
2021-06-22,688277,37.74,37.57,38.31,37.16,7020,26501742.0,3.05,-0.45,-0.17,1.91
2021-06-23,688277,37.01,36.66,37.99,36.6,10727,39786079.0,3.7,-2.42,-0.91,2.91
2021-06-24,688277,37.28,37.54,39.1,36.91,17817,67655851.0,5.97,2.4,0.88,4.84
2021-06-25,688277,37.41,36.42,37.41,36.36,10159,37237577.0,2.8,-2.98,-1.12,2.76
2021-06-28,688277,36.56,37.06,37.7,35.75,8958,33080524.0,5.35,1.76,0.64,2.43
2021-06-29,688277,37.07,36.24,37.97,36.06,7911,29082597.0,5.15,-2.21,-0.82,2.15
2021-06-30,688277,36.24,35.97,36.96,35.68,8523,30862266.0,3.53,-0.75,-0.27,2.22
2021-07-01,688277,36.0,35.69,37.19,35.56,10559,38267214.0,4.53,-0.78,-0.28,2.75
2021-07-02,688277,35.58,32.89,35.78,32.37,17820,59674125.0,9.55,-7.85,-2.8,4.65
2021-07-05,688277,32.0,33.35,33.39,32.0,8921,29285048.0,4.23,1.4,0.46,2.33
2021-07-06,688277,33.5,34.38,36.45,32.71,23508,82052640.0,11.21,3.09,1.03,6.13
2021-07-07,688277,27.5,28.06,29.94,27.5,160915,451196800.0,7.1,-18.38,-6.32,5.42
2021-07-08,688277,27.32,26.02,27.52,25.96,109477,290777168.0,5.56,-7.27,-2.04,3.69
2021-07-09,688277,26.15,25.79,26.26,25.63,50956,131792256.0,2.42,-0.88,-0.23,1.72
2021-07-12,688277,25.72,26.17,26.54,25.5,61728,161001453.0,4.03,1.47,0.38,2.08
2021-07-13,688277,26.15,25.6,26.26,25.39,42615,109729983.0,3.32,-2.18,-0.57,1.43
2021-07-14,688277,25.57,25.34,25.75,25.13,33076,84250741.0,2.42,-1.02,-0.26,1.11
2021-07-15,688277,25.35,24.68,25.37,24.18,58556,144252618.0,4.7,-2.6,-0.66,1.97
2021-07-16,688277,24.69,24.22,24.88,24.06,39129,95269727.0,3.32,-1.86,-0.46,1.32
2021-07-19,688277,24.29,23.52,24.29,23.47,38747,92136717.0,3.39,-2.89,-0.7,1.3
2021-07-20,688277,23.3,23.27,23.91,23.14,44865,105476710.0,3.27,-1.06,-0.25,1.51
2021-07-21,688277,23.33,23.39,23.58,23.17,55750,130292469.0,1.76,0.52,0.12,1.88
2021-07-22,688277,23.38,24.91,25.18,23.29,82945,202183217.0,8.08,6.5,1.52,2.79
2021-07-23,688277,24.68,24.73,25.77,24.23,70421,175761831.0,6.18,-0.72,-0.18,2.37
2021-07-26,688277,24.73,25.05,25.38,24.1,50029,123624406.0,5.18,1.29,0.32,1.68
2021-07-27,688277,25.05,25.36,26.07,24.79,65710,167491196.0,5.11,1.24,0.31,2.21
2021-07-28,688277,25.15,23.99,25.4,23.7,55668,135576381.0,6.7,-5.4,-1.37,1.87
2021-07-29,688277,23.99,24.32,25.28,23.9,63322,156166794.0,5.75,1.38,0.33,2.13
2021-07-30,688277,24.29,24.9,25.39,24.06,63386,157432357.0,5.47,2.38,0.58,2.13
2021-08-02,688277,24.45,25.22,25.33,24.25,47424,118098093.0,4.34,1.29,0.32,1.6
2021-08-03,688277,25.22,26.58,27.5,25.12,89740,239601056.0,9.44,5.39,1.36,3.02
2021-08-04,688277,26.72,26.58,27.1,26.05,71556,190061697.0,3.95,0.0,0.0,2.41
2021-08-05,688277,26.44,25.56,26.45,25.55,48163,124659783.0,3.39,-3.84,-1.02,1.62
2021-08-06,688277,25.7,24.97,25.7,24.69,37321,93373806.0,3.95,-2.31,-0.59,1.26
2021-08-09,688277,24.9,25.6,26.03,24.8,49349,125631594.0,4.93,2.52,0.63,1.66
2021-08-10,688277,25.68,25.5,25.88,25.13,38295,97766960.0,2.93,-0.39,-0.1,1.29
2021-08-11,688277,25.51,24.82,25.94,24.78,42949,107611700.0,4.55,-2.67,-0.68,1.45
2021-08-12,688277,24.82,24.82,25.0,24.65,25847,64060887.0,1.41,0.0,0.0,0.87
2021-08-13,688277,25.1,26.0,26.8,24.91,105364,274386688.0,7.61,4.75,1.18,3.55
2021-08-16,688277,25.85,27.66,28.58,25.58,134766,371283168.0,11.54,6.38,1.66,4.54
2021-08-17,688277,27.08,26.28,27.94,26.1,100483,270496976.0,6.65,-4.99,-1.38,3.38
2021-08-18,688277,26.7,27.0,27.1,26.0,60367,160667662.0,4.19,2.74,0.72,2.03
2021-08-19,688277,26.56,27.77,28.48,26.5,92563,258184318.0,7.33,2.85,0.77,3.12
2021-08-20,688277,27.99,26.85,28.2,26.49,69084,186055915.0,6.16,-3.31,-0.92,2.33
2021-08-23,688277,26.85,28.42,28.9,26.61,87810,246825762.0,8.53,5.85,1.57,2.96
2021-08-24,688277,28.42,29.42,30.34,28.42,101083,298775584.0,6.76,3.52,1.0,3.4
2021-08-25,688277,29.42,28.98,30.68,28.85,90980,271289904.0,6.22,-1.5,-0.44,3.06
2021-08-26,688277,29.11,29.8,30.35,28.2,78430,231566133.0,7.42,2.83,0.82,2.64
2021-08-27,688277,30.2,29.56,30.32,29.0,56060,165840913.0,4.43,-0.81,-0.24,1.89
2021-08-30,688277,29.5,27.7,29.56,27.68,87798,250101003.0,6.36,-6.29,-1.86,2.96
2021-08-31,688277,27.89,28.75,28.79,26.4,90998,250606906.0,8.63,3.79,1.05,3.06
2021-09-01,688277,30.51,29.31,31.99,28.75,124447,375576272.0,11.27,1.95,0.56,4.19
2021-09-02,688277,29.39,29.43,30.6,27.81,86982,252605615.0,9.52,0.41,0.12,2.93
2021-09-03,688277,29.12,28.49,29.3,28.3,53766,154273446.0,3.4,-3.19,-0.94,1.81
2021-09-06,688277,28.51,28.09,28.75,27.8,51004,143302144.0,3.33,-1.4,-0.4,1.72
2021-09-07,688277,27.93,28.04,28.79,27.83,49581,139556273.0,3.42,-0.18,-0.05,1.67
2021-09-08,688277,28.0,27.55,28.29,27.51,42689,118586515.0,2.78,-1.75,-0.49,1.44
2021-09-09,688277,27.48,27.74,28.3,27.48,38979,108950902.0,2.98,0.69,0.19,1.31
2021-09-10,688277,27.73,27.15,27.99,26.5,65830,178541299.0,5.37,-2.13,-0.59,2.22
2021-09-13,688277,27.28,26.37,27.28,26.06,44044,117167783.0,4.49,-2.87,-0.78,1.48
2021-09-14,688277,26.41,26.95,27.65,26.14,52059,140390863.0,5.73,2.2,0.58,1.75
2021-09-15,688277,26.7,26.51,27.4,26.34,43652,116894089.0,3.93,-1.63,-0.44,1.47
2021-09-16,688277,26.5,26.09,26.75,26.09,29017,76542792.0,2.49,-1.58,-0.42,0.98
2021-09-17,688277,26.4,25.5,26.4,24.96,44808,114036722.0,5.52,-2.26,-0.59,1.51
2021-09-22,688277,25.45,25.75,26.68,25.15,29202,76128967.0,6.0,0.98,0.25,0.98
2021-09-23,688277,25.7,25.59,26.51,25.5,32556,84334216.0,3.92,-0.62,-0.16,1.1
2021-09-24,688277,25.5,25.49,25.8,25.1,25123,63624372.0,2.74,-0.39,-0.1,0.85
2021-09-27,688277,25.36,25.55,25.79,25.13,27566,70157161.0,2.59,0.24,0.06,0.93
2021-09-28,688277,25.53,25.27,25.53,25.17,18437,46722958.0,1.41,-1.1,-0.28,0.62
2021-09-29,688277,25.1,24.25,25.34,24.25,25546,62972643.0,4.31,-4.04,-1.02,0.86
2021-09-30,688277,24.35,24.21,24.51,24.2,15874,38595762.0,1.28,-0.16,-0.04,0.53
2021-10-08,688277,24.38,24.52,24.84,24.38,19315,47453848.0,1.9,1.28,0.31,0.65
2021-10-11,688277,24.8,25.9,26.1,24.6,45333,116272114.0,6.12,5.63,1.38,1.53
2021-10-12,688277,25.68,25.71,26.14,25.5,22635,58472622.0,2.47,-0.73,-0.19,0.76
2021-10-13,688277,25.7,25.68,25.79,24.99,23679,60070135.0,3.11,-0.12,-0.03,0.8
2021-10-14,688277,25.46,25.46,25.6,25.27,13609,34588493.0,1.29,-0.86,-0.22,0.46
2021-10-15,688277,25.31,24.56,25.46,24.33,32316,79679761.0,4.44,-3.53,-0.9,1.09
2021-10-18,688277,24.32,23.89,24.32,23.69,38301,91520744.0,2.57,-2.73,-0.67,1.29
2021-10-19,688277,23.82,24.11,24.24,23.71,18524,44401530.0,2.22,0.92,0.22,0.62
2021-10-20,688277,24.3,23.8,24.3,23.8,22532,53989966.0,2.07,-1.29,-0.31,0.76
2021-10-21,688277,23.8,23.96,24.46,23.62,19535,46997397.0,3.53,0.67,0.16,0.66
2021-10-22,688277,23.88,23.53,23.99,23.43,27044,63828147.0,2.34,-1.79,-0.43,0.91
2021-10-25,688277,23.53,23.62,23.73,23.27,17105,40349924.0,1.95,0.38,0.09,0.58
2021-10-26,688277,23.62,23.63,23.82,23.51,22332,52793163.0,1.31,0.04,0.01,0.75
2021-10-27,688277,23.51,22.76,23.85,22.76,26071,60741120.0,4.61,-3.68,-0.87,0.88
2021-10-28,688277,21.0,19.7,22.15,19.65,97738,199689052.0,10.98,-13.44,-3.06,3.29
2021-10-29,688277,19.61,20.08,20.28,19.5,27850,55691622.0,3.96,1.93,0.38,0.94
2021-11-01,688277,20.28,20.41,20.47,19.86,19567,39637503.0,3.04,1.64,0.33,0.66
2021-11-02,688277,20.38,20.1,20.69,19.81,29457,59692851.0,4.31,-1.52,-0.31,0.99
2021-11-03,688277,20.15,20.08,20.49,19.99,23057,46464868.0,2.49,-0.1,-0.02,0.78
2021-11-04,688277,20.2,20.28,20.35,20.0,21391,43183618.0,1.74,1.0,0.2,0.72
2021-11-05,688277,20.27,20.18,20.57,20.12,25866,52498331.0,2.22,-0.49,-0.1,0.87
2021-11-08,688277,20.43,19.98,20.43,19.91,16544,33119041.0,2.58,-0.99,-0.2,0.56
2021-11-09,688277,20.0,21.0,21.37,19.91,43547,90123064.0,7.31,5.11,1.02,1.47
2021-11-10,688277,20.8,21.0,21.88,20.8,32960,70052057.0,5.14,0.0,0.0,1.11
2021-11-11,688277,20.94,21.25,21.7,20.87,30644,65486480.0,3.95,1.19,0.25,1.03
2021-11-12,688277,21.29,22.0,22.09,21.14,33818,73544045.0,4.47,3.53,0.75,1.14
2021-11-15,688277,22.08,22.5,22.74,21.7,46439,103143727.0,4.73,2.27,0.5,1.56
2021-11-16,688277,22.45,22.27,22.84,22.23,33493,75294902.0,2.71,-1.02,-0.23,1.13
2021-11-17,688277,22.15,22.38,22.63,22.01,19495,43549538.0,2.78,0.49,0.11,0.66
2021-11-18,688277,22.53,21.95,22.65,21.8,23261,51760432.0,3.8,-1.92,-0.43,0.78
2021-11-19,688277,22.0,22.33,22.54,21.91,20697,46248030.0,2.87,1.73,0.38,0.7
2021-11-22,688277,22.14,22.17,22.58,21.98,22243,49215533.0,2.69,-0.72,-0.16,0.75
2021-11-23,688277,22.05,23.49,24.04,22.02,58719,137150130.0,9.11,5.95,1.32,1.98
2021-11-24,688277,23.4,23.5,23.73,23.11,24256,56764899.0,2.64,0.04,0.01,0.82
2021-11-25,688277,23.73,24.29,24.68,23.53,49934,121467467.0,4.89,3.36,0.79,1.68
2021-11-26,688277,24.23,23.4,24.24,23.4,31378,74241096.0,3.46,-3.66,-0.89,1.06
2021-11-29,688277,23.1,23.39,23.65,22.95,25639,59898920.0,2.99,-0.04,-0.01,0.86
2021-11-30,688277,23.62,23.18,23.62,22.76,28927,67069426.0,3.68,-0.9,-0.21,0.97
2021-12-01,688277,23.39,23.05,23.62,22.93,25225,58502861.0,2.98,-0.56,-0.13,0.85
2021-12-02,688277,22.99,22.58,23.19,22.5,19213,43764522.0,2.99,-2.04,-0.47,0.65
2021-12-03,688277,22.76,22.61,22.87,22.1,16389,37010503.0,3.41,0.13,0.03,0.55
2021-12-06,688277,22.5,21.69,22.67,21.61,28374,62338172.0,4.69,-4.07,-0.92,0.96
2021-12-07,688277,21.82,21.83,22.2,21.23,24063,52151773.0,4.47,0.65,0.14,0.81
2021-12-08,688277,22.15,22.46,22.78,22.1,27747,62288530.0,3.11,2.89,0.63,0.93
2021-12-09,688277,22.46,22.71,22.79,22.25,27702,62638604.0,2.4,1.11,0.25,0.93
2021-12-10,688277,22.41,23.09,23.22,22.33,39468,90127231.0,3.92,1.67,0.38,1.33
2021-12-13,688277,23.22,22.87,23.53,22.7,22243,51152761.0,3.59,-0.95,-0.22,0.75
2021-12-14,688277,23.0,23.04,23.36,22.83,18514,42698677.0,2.32,0.74,0.17,0.62
2021-12-15,688277,24.43,23.52,24.68,23.4,52616,125487308.0,5.56,2.08,0.48,1.77
2021-12-16,688277,23.68,22.87,23.7,22.8,34357,79289209.0,3.83,-2.76,-0.65,1.16
2021-12-17,688277,22.9,22.3,23.05,22.28,25421,57260704.0,3.37,-2.49,-0.57,0.86
2021-12-20,688277,22.3,21.82,22.57,21.78,22162,49034030.0,3.54,-2.15,-0.48,0.75
2021-12-21,688277,21.8,22.01,22.14,21.76,16571,36318789.0,1.74,0.87,0.19,0.56
2021-12-22,688277,22.15,22.04,22.33,21.96,15751,34814335.0,1.68,0.14,0.03,0.53
2021-12-23,688277,22.04,21.57,22.04,21.41,29060,62790053.0,2.86,-2.13,-0.47,0.98
2021-12-24,688277,21.57,21.6,22.0,21.08,32200,69258068.0,4.27,0.14,0.03,1.08
2021-12-27,688277,21.74,22.83,22.85,21.39,41013,90864131.0,6.76,5.69,1.23,1.38
2021-12-28,688277,22.79,23.9,24.93,22.79,102312,245799808.0,9.37,4.69,1.07,3.44
2021-12-29,688277,24.3,23.85,24.4,23.52,40208,96403557.0,3.68,-0.21,-0.05,1.35
2021-12-30,688277,23.85,25.14,25.31,23.55,93005,229183416.0,7.38,5.41,1.29,3.13
2021-12-31,688277,25.1,26.25,26.42,24.78,91822,237632720.0,6.52,4.42,1.11,3.07
2022-01-04,688277,25.91,26.07,26.77,25.8,67801,178337065.0,3.7,-0.69,-0.18,2.27
2022-01-05,688277,26.03,25.48,26.18,25.2,42994,110165136.0,3.76,-2.26,-0.59,1.44
2022-01-06,688277,25.5,25.25,26.04,24.83,74358,188878880.0,4.75,-0.9,-0.23,2.49
2022-01-07,688277,25.23,25.94,26.67,25.19,51375,134614469.0,5.86,2.73,0.69,1.72
2022-01-10,688277,26.16,25.95,26.49,25.43,33260,86068789.0,4.09,0.04,0.01,1.11
2022-01-11,688277,25.85,25.26,26.34,25.01,30550,78004886.0,5.13,-2.66,-0.69,1.02
2022-01-12,688277,25.2,25.2,25.57,25.05,23601,59608894.0,2.06,-0.24,-0.06,0.79
2022-01-13,688277,25.49,24.73,25.49,24.7,21775,54324092.0,3.13,-1.87,-0.47,0.73
2022-01-14,688277,24.6,24.56,25.18,24.46,25387,62778286.0,2.91,-0.69,-0.17,0.85
2022-01-17,688277,24.8,25.31,25.95,24.42,40313,101816988.0,6.23,3.05,0.75,1.35
2022-01-18,688277,25.1,24.04,25.28,23.99,47471,115642228.0,5.1,-5.02,-1.27,1.59
2022-01-19,688277,24.07,24.06,24.55,23.86,24269,58455327.0,2.87,0.08,0.02,0.81
2022-01-20,688277,23.9,23.38,24.16,23.32,23430,55451991.0,3.49,-2.83,-0.68,0.78
2022-01-21,688277,23.12,22.81,23.55,22.78,21733,50120062.0,3.29,-2.44,-0.57,0.73
2022-01-24,688277,22.57,22.4,23.12,22.4,21088,47689619.0,3.16,-1.8,-0.41,0.71
2022-01-25,688277,22.31,21.14,22.54,21.14,27190,58889065.0,6.25,-5.63,-1.26,0.91
2022-01-26,688277,21.12,20.54,21.28,20.31,40169,83143007.0,4.59,-2.84,-0.6,1.34
2022-01-27,688277,20.62,19.97,20.81,19.9,29007,58671348.0,4.43,-2.78,-0.57,0.97
2022-01-28,688277,20.05,19.99,20.45,19.93,26259,52792889.0,2.6,0.1,0.02,0.88
2022-02-07,688277,20.3,20.15,20.58,20.07,20151,40887640.0,2.55,0.8,0.16,0.67
2022-02-08,688277,20.32,20.3,20.54,19.97,20970,42523823.0,2.83,0.74,0.15,0.7
2022-02-09,688277,20.47,21.17,21.41,20.24,30199,63416170.0,5.76,4.29,0.87,1.01
2022-02-10,688277,21.09,21.1,21.36,20.92,17105,36147964.0,2.08,-0.33,-0.07,0.57
2022-02-11,688277,21.18,20.2,21.21,20.08,34237,70163189.0,5.36,-4.27,-0.9,1.14
2022-02-14,688277,20.0,18.97,20.25,18.77,64940,125816080.0,7.33,-6.09,-1.23,2.17
2022-02-15,688277,18.99,19.22,19.25,18.6,39116,73989243.0,3.43,1.32,0.25,1.31
2022-02-16,688277,19.22,19.52,19.76,19.18,25608,49986816.0,3.02,1.56,0.3,0.86
2022-02-17,688277,19.35,18.99,19.59,18.98,19653,37787014.0,3.13,-2.72,-0.53,0.66
2022-02-18,688277,18.86,19.3,19.3,18.81,18983,36251996.0,2.58,1.63,0.31,0.63
2022-02-21,688277,19.28,19.49,19.62,19.12,19305,37567456.0,2.59,0.98,0.19,0.65
2022-02-22,688277,19.48,19.15,19.48,18.85,18808,35908257.0,3.23,-1.74,-0.34,0.63
2022-02-23,688277,19.15,19.52,19.65,19.11,18912,36799344.0,2.82,1.93,0.37,0.63
2022-02-24,688277,19.5,18.84,19.86,18.68,31363,60153120.0,6.05,-3.48,-0.68,1.05
2022-02-25,688277,18.85,19.33,19.68,18.85,24515,47571856.0,4.41,2.6,0.49,0.82
2022-02-28,688277,19.33,19.45,19.57,19.01,16194,31291999.0,2.9,0.62,0.12,0.54
2022-03-01,688277,19.45,19.37,19.6,19.23,13166,25572876.0,1.9,-0.41,-0.08,0.44
2022-03-02,688277,19.38,19.16,19.38,19.06,19587,37593170.0,1.65,-1.08,-0.21,0.65
2022-03-03,688277,19.21,18.39,19.26,18.3,60018,111734520.0,5.01,-4.02,-0.77,2.01
2022-03-04,688277,18.36,17.77,18.5,17.5,88794,159098192.0,5.44,-3.37,-0.62,2.97
2022-03-07,688277,17.6,17.32,17.78,17.13,44742,77748521.0,3.66,-2.53,-0.45,1.5
2022-03-08,688277,17.34,16.69,17.46,16.63,40559,68706102.0,4.79,-3.64,-0.63,1.36
2022-03-09,688277,16.8,16.52,17.2,15.86,47705,79303102.0,8.03,-1.02,-0.17,1.59
2022-03-10,688277,16.99,16.75,17.24,16.6,31585,53384479.0,3.87,1.39,0.23,1.06
2022-03-11,688277,16.66,17.06,17.08,16.11,37952,63250942.0,5.79,1.85,0.31,1.27
2022-03-14,688277,16.81,16.3,17.0,16.27,25715,42823264.0,4.28,-4.45,-0.76,0.86
2022-03-15,688277,16.3,15.15,16.32,15.1,42727,67032312.0,7.48,-7.06,-1.15,1.43
2022-03-16,688277,15.43,15.73,15.75,14.9,39966,61312633.0,5.61,3.83,0.58,1.34
2022-03-17,688277,15.9,16.14,16.43,15.8,40230,65118660.0,4.01,2.61,0.41,1.35
2022-03-18,688277,15.97,16.02,16.26,15.79,22982,36743973.0,2.91,-0.74,-0.12,0.77
2022-03-21,688277,15.96,16.08,16.25,15.86,28155,45238201.0,2.43,0.37,0.06,0.94
2022-03-22,688277,16.0,15.72,16.15,15.53,27974,44062544.0,3.86,-2.24,-0.36,0.94
2022-03-23,688277,15.72,15.79,16.18,15.6,26512,42133134.0,3.69,0.45,0.07,0.89
2022-03-24,688277,15.82,15.5,15.82,15.31,21575,33395362.0,3.23,-1.84,-0.29,0.72
2022-03-25,688277,15.5,15.2,15.8,15.1,24865,38376136.0,4.52,-1.94,-0.3,0.83
2022-03-28,688277,15.23,14.94,15.23,14.7,23535,35160879.0,3.49,-1.71,-0.26,0.79
2022-03-29,688277,15.14,14.69,15.46,14.62,26946,40431160.0,5.62,-1.67,-0.25,0.9
2022-03-30,688277,14.78,15.23,15.28,14.64,24987,37491852.0,4.36,3.68,0.54,0.84
2022-03-31,688277,15.22,14.97,15.27,14.96,17648,26630760.0,2.04,-1.71,-0.26,0.59
2022-04-01,688277,14.89,15.02,15.05,14.75,22921,34059306.0,2.0,0.33,0.05,0.77
2022-04-06,688277,14.9,15.06,15.42,14.9,30866,46919372.0,3.46,0.27,0.04,1.03
2022-04-07,688277,15.04,14.56,15.04,14.55,27307,40284934.0,3.25,-3.32,-0.5,0.91
2022-04-08,688277,14.5,14.17,14.66,13.98,28720,40801829.0,4.67,-2.68,-0.39,0.96
2022-04-11,688277,14.19,13.55,14.19,13.53,22980,31642492.0,4.66,-4.38,-0.62,0.77
2022-04-12,688277,13.57,14.45,14.77,13.42,36622,51806396.0,9.96,6.64,0.9,1.22
2022-04-13,688277,14.25,13.99,14.34,13.93,21921,30909917.0,2.84,-3.18,-0.46,0.73
2022-04-14,688277,14.02,14.42,14.57,13.95,26052,37424257.0,4.43,3.07,0.43,0.87
2022-04-15,688277,14.37,14.16,14.37,13.86,19646,27731887.0,3.54,-1.8,-0.26,0.66
2022-04-18,688277,14.08,14.34,14.45,13.8,20108,28623225.0,4.59,1.27,0.18,0.67
2022-04-19,688277,14.34,14.46,14.6,14.22,19478,28060401.0,2.65,0.84,0.12,0.65
2022-04-20,688277,14.42,14.25,14.73,14.24,22627,32791660.0,3.39,-1.45,-0.21,0.76
2022-04-21,688277,14.4,13.7,14.43,13.69,25893,36343527.0,5.19,-3.86,-0.55,0.87
2022-04-22,688277,13.62,13.43,13.89,13.34,24681,33490872.0,4.01,-1.97,-0.27,0.83
2022-04-25,688277,13.12,11.94,13.2,11.91,47008,58555906.0,9.61,-11.09,-1.49,1.57
2022-04-26,688277,11.83,11.59,12.28,11.54,30807,36656939.0,6.2,-2.93,-0.35,1.03
2022-04-27,688277,11.35,11.95,12.09,11.2,34680,40286656.0,7.68,3.11,0.36,1.16
2022-04-28,688277,11.81,11.7,12.07,11.55,23226,27440052.0,4.35,-2.09,-0.25,0.78
2022-04-29,688277,11.75,12.53,12.69,11.75,35295,43720481.0,8.03,7.09,0.83,1.18
2022-05-05,688277,12.55,12.46,12.85,12.43,22480,28389544.0,3.35,-0.56,-0.07,0.75
2022-05-06,688277,12.23,12.53,12.78,12.15,21422,26853620.0,5.06,0.56,0.07,0.72
2022-05-09,688277,12.42,12.68,12.9,12.42,17959,22817826.0,3.83,1.2,0.15,0.6
2022-05-10,688277,12.54,12.77,12.85,12.33,19356,24609752.0,4.1,0.71,0.09,0.65
2022-05-11,688277,12.73,12.68,13.13,12.66,29637,38390518.0,3.68,-0.7,-0.09,0.99
2022-05-12,688277,12.55,12.82,13.1,12.55,23114,29616042.0,4.34,1.1,0.14,0.77
2022-05-13,688277,12.77,12.7,13.0,12.61,14698,18724170.0,3.04,-0.94,-0.12,0.49
2022-05-16,688277,12.86,13.18,13.42,12.86,41773,55045293.0,4.41,3.78,0.48,1.4
2022-05-17,688277,13.2,12.96,13.33,12.66,31529,40670543.0,5.08,-1.67,-0.22,1.05
2022-05-18,688277,12.95,12.99,13.36,12.95,22720,29854726.0,3.16,0.23,0.03,0.76
2022-05-19,688277,12.8,13.01,13.09,12.63,16374,21164477.0,3.54,0.15,0.02,0.55
2022-05-20,688277,13.03,13.18,13.33,12.92,22482,29479990.0,3.15,1.31,0.17,0.75
2022-05-23,688277,13.15,13.47,13.63,13.15,18968,25456571.0,3.64,2.2,0.29,0.63
2022-05-24,688277,13.43,12.66,13.6,12.65,25836,33809204.0,7.05,-6.01,-0.81,0.86
2022-05-25,688277,12.57,12.73,12.87,12.57,12067,15373547.0,2.37,0.55,0.07,0.4
2022-05-26,688277,12.73,12.5,12.74,12.26,17253,21561320.0,3.77,-1.81,-0.23,0.58
2022-05-27,688277,12.59,12.25,12.67,12.18,17561,21795657.0,3.92,-2.0,-0.25,0.59
2022-05-30,688277,12.29,12.53,12.59,12.2,16327,20286846.0,3.18,2.29,0.28,0.55
2022-05-31,688277,12.65,12.88,13.28,12.36,47795,61490648.0,7.34,2.79,0.35,1.6
2022-06-01,688277,13.0,13.88,14.81,12.85,115284,160490194.0,15.22,7.76,1.0,3.85
2022-06-02,688277,14.18,14.79,15.24,13.49,137190,196911050.0,12.61,6.56,0.91,4.59
2022-06-06,688277,14.9,14.86,15.22,14.7,122072,181921915.0,3.52,0.47,0.07,4.08
2022-06-07,688277,14.77,14.36,14.95,14.21,75281,108949843.0,4.98,-3.36,-0.5,2.52
2022-06-08,688277,14.44,14.12,14.55,13.66,90194,126793915.0,6.2,-1.67,-0.24,3.02
2022-06-09,688277,14.08,13.44,14.12,13.28,55673,75592091.0,5.95,-4.82,-0.68,1.86
2022-06-10,688277,13.47,13.7,13.75,13.36,47144,64122901.0,2.9,1.93,0.26,1.58
2022-06-13,688277,13.57,14.78,14.98,13.54,95461,137488200.0,10.51,7.88,1.08,3.19
2022-06-14,688277,14.54,14.19,14.73,13.88,68529,97339848.0,5.75,-3.99,-0.59,2.29
2022-06-15,688277,14.15,14.07,14.46,14.0,50399,71481615.0,3.24,-0.85,-0.12,1.69
2022-06-16,688277,14.03,14.15,14.48,14.03,38794,55420773.0,3.2,0.57,0.08,1.3
2022-06-17,688277,14.0,14.2,14.33,13.82,37620,53082848.0,3.6,0.35,0.05,1.26
2022-06-20,688277,14.24,14.27,14.59,14.15,33340,47903114.0,3.1,0.49,0.07,1.11
2022-06-21,688277,14.4,14.66,15.34,14.12,82855,122780908.0,8.55,2.73,0.39,2.77
2022-06-22,688277,14.59,13.99,14.65,13.94,48102,68575228.0,4.84,-4.57,-0.67,1.61
2022-06-23,688277,13.9,14.4,14.4,13.9,34602,48980725.0,3.57,2.93,0.41,1.16
2022-06-24,688277,14.52,14.63,14.87,14.2,39497,57588610.0,4.65,1.6,0.23,1.32
2022-06-27,688277,14.6,14.48,14.85,14.37,32390,47109630.0,3.28,-1.03,-0.15,1.08
2022-06-28,688277,14.48,15.09,15.2,14.15,70434,104932687.0,7.25,4.21,0.61,2.35
2022-06-29,688277,15.15,14.64,15.25,14.61,49844,74266231.0,4.24,-2.98,-0.45,1.67
2022-06-30,688277,14.75,14.39,14.85,14.31,45500,65960856.0,3.69,-1.71,-0.25,1.53
2022-07-01,688277,14.38,14.05,14.49,14.0,37255,52744320.0,3.41,-2.36,-0.34,1.25
2022-07-04,688277,14.04,14.78,14.95,13.85,57993,84269836.0,7.83,5.2,0.73,1.95
2022-07-05,688277,14.61,14.37,14.81,14.11,44845,64415110.0,4.74,-2.77,-0.41,1.51
2022-07-06,688277,14.22,14.96,15.63,14.1,107288,161635378.0,10.65,4.11,0.59,3.61
2022-07-07,688277,14.85,14.55,15.58,14.53,69587,103475690.0,7.02,-2.74,-0.41,2.33
2022-07-08,688277,14.51,14.84,15.31,14.51,66879,100268516.0,5.5,1.99,0.29,2.24
2022-07-11,688277,15.04,14.42,15.04,14.28,53138,77347463.0,5.12,-2.83,-0.42,1.78
2022-07-12,688277,14.43,13.68,14.5,13.66,58695,81424193.0,5.83,-5.13,-0.74,1.96
2022-07-13,688277,13.7,13.55,13.78,13.46,25995,35444756.0,2.34,-0.95,-0.13,0.87
2022-07-14,688277,13.55,14.2,14.39,13.53,61458,86691205.0,6.35,4.8,0.65,2.05
2022-07-15,688277,14.3,13.96,14.3,13.88,28760,40349365.0,2.96,-1.69,-0.24,0.96
2022-07-18,688277,14.07,14.13,14.21,13.83,20804,29233350.0,2.72,1.22,0.17,0.7
2022-07-19,688277,14.17,14.78,14.89,14.14,54697,80158648.0,5.31,4.6,0.65,1.83
2022-07-20,688277,14.9,14.8,14.95,14.7,35795,53050438.0,1.69,0.14,0.02,1.2
2022-07-21,688277,14.72,14.86,15.16,14.67,36252,54203552.0,3.31,0.41,0.06,1.21
2022-07-22,688277,14.97,14.6,15.17,14.45,31079,45783076.0,4.85,-1.75,-0.26,1.04
2022-07-25,688277,14.63,14.65,14.98,14.56,28006,41345548.0,2.88,0.34,0.05,0.94
2022-07-26,688277,14.69,14.6,14.78,14.3,23209,33637269.0,3.28,-0.34,-0.05,0.78
2022-07-27,688277,14.58,14.9,14.98,14.53,30529,45073321.0,3.08,2.05,0.3,1.02
2022-07-28,688277,14.98,15.97,16.23,14.98,144235,226040402.0,8.39,7.18,1.07,4.82
2022-07-29,688277,16.25,15.63,16.28,15.51,82854,130985957.0,4.82,-2.13,-0.34,2.77
2022-08-01,688277,15.58,16.0,16.21,15.4,64931,103209665.0,5.18,2.37,0.37,2.17
2022-08-02,688277,15.8,15.09,15.87,14.75,84838,129169437.0,7.0,-5.69,-0.91,2.84
2022-08-03,688277,15.23,14.76,15.64,14.58,64685,98212628.0,7.02,-2.19,-0.33,2.16
2022-08-04,688277,14.98,15.21,15.45,14.97,48597,73824107.0,3.25,3.05,0.45,1.62
2022-08-05,688277,15.32,15.64,15.69,15.18,53217,82696234.0,3.35,2.83,0.43,1.78
2022-08-08,688277,15.79,15.59,15.79,15.4,46612,72597503.0,2.49,-0.32,-0.05,1.56
2022-08-09,688277,15.52,15.49,15.8,15.3,38290,59189266.0,3.21,-0.64,-0.1,1.28
2022-08-10,688277,15.5,15.39,15.62,15.22,35324,54424515.0,2.58,-0.65,-0.1,1.18
2022-08-11,688277,15.54,15.87,15.99,15.44,60458,95591080.0,3.57,3.12,0.48,2.02
2022-08-12,688277,16.15,15.38,16.25,15.36,58677,92118363.0,5.61,-3.09,-0.49,1.96
2022-08-15,688277,15.33,15.36,15.57,15.03,41938,64220388.0,3.51,-0.13,-0.02,1.4
2022-08-16,688277,15.54,16.16,16.25,15.37,111834,178602843.0,5.73,5.21,0.8,3.74
2022-08-17,688277,16.08,16.31,16.49,15.85,75091,121262267.0,3.96,0.93,0.15,2.51
2022-08-18,688277,16.14,16.42,16.67,16.0,69937,114548828.0,4.11,0.67,0.11,2.34
2022-08-19,688277,16.59,15.62,16.59,15.59,83488,132892499.0,6.09,-4.87,-0.8,2.79
2022-08-22,688277,15.58,15.12,15.73,15.07,65336,100008779.0,4.23,-3.2,-0.5,2.18
2022-08-23,688277,15.16,15.0,15.2,14.85,42005,63005445.0,2.31,-0.79,-0.12,1.4
2022-08-24,688277,14.92,13.89,14.99,13.83,83561,119438434.0,7.73,-7.4,-1.11,2.79
2022-08-25,688277,13.92,13.65,14.02,13.49,43813,60029303.0,3.82,-1.73,-0.24,1.46
2022-08-26,688277,13.65,13.69,14.16,13.61,34603,47913869.0,4.03,0.29,0.04,1.16
2022-08-29,688277,13.55,13.61,13.8,13.19,31229,42376105.0,4.46,-0.58,-0.08,1.04
2022-08-30,688277,13.61,13.72,13.97,13.48,28040,38359440.0,3.6,0.81,0.11,0.94
2022-08-31,688277,13.87,13.29,13.87,13.28,30800,41537232.0,4.3,-3.13,-0.43,1.03
2022-09-01,688277,13.4,13.25,13.53,13.18,24101,32143090.0,2.63,-0.3,-0.04,0.81
2022-09-02,688277,13.27,13.5,13.6,13.21,26990,36288517.0,2.94,1.89,0.25,0.9
2022-09-05,688277,14.0,13.86,14.58,13.82,54537,76724892.0,5.63,2.67,0.36,1.82
2022-09-06,688277,13.7,13.63,13.86,13.53,39022,53281462.0,2.38,-1.66,-0.23,1.3
2022-09-07,688277,13.64,13.78,13.92,13.51,32255,44281507.0,3.01,1.1,0.15,1.08
2022-09-08,688277,13.78,13.54,13.8,13.51,19324,26330134.0,2.1,-1.74,-0.24,0.65
2022-09-09,688277,13.56,13.64,13.77,13.53,15684,21461936.0,1.77,0.74,0.1,0.52
2022-09-13,688277,13.64,13.58,13.83,13.5,19598,26741811.0,2.42,-0.44,-0.06,0.66
2022-09-14,688277,13.41,13.36,13.41,13.2,23523,31281419.0,1.55,-1.62,-0.22,0.79
2022-09-15,688277,13.41,12.89,13.41,12.65,36429,47297053.0,5.69,-3.52,-0.47,1.22
2022-09-16,688277,12.82,12.6,13.04,12.6,23864,30607072.0,3.41,-2.25,-0.29,0.8
2022-09-19,688277,12.79,12.2,12.79,12.1,25076,30883259.0,5.48,-3.17,-0.4,0.84
2022-09-20,688277,12.34,12.38,12.47,12.31,17244,21364165.0,1.31,1.48,0.18,0.58
2022-09-21,688277,12.37,12.26,12.38,12.13,27779,34023023.0,2.02,-0.97,-0.12,0.93
2022-09-22,688277,12.19,12.05,12.32,12.04,18744,22787611.0,2.28,-1.71,-0.21,0.63
2022-09-23,688277,12.08,11.75,12.1,11.58,31518,37185536.0,4.32,-2.49,-0.3,1.05
2022-09-26,688277,11.68,11.53,11.85,11.49,20684,24070959.0,3.06,-1.87,-0.22,0.69
2022-09-27,688277,11.54,12.06,12.29,11.54,30333,36059221.0,6.5,4.6,0.53,1.01
2022-09-28,688277,12.0,11.9,12.35,11.88,31890,38489903.0,3.9,-1.33,-0.16,1.07
2022-09-29,688277,12.05,12.23,12.68,11.96,47447,58611657.0,6.05,2.77,0.33,1.59
2022-09-30,688277,12.23,12.01,12.42,11.96,29921,36570119.0,3.76,-1.8,-0.22,1.0
2022-10-10,688277,12.02,11.7,12.37,11.62,28346,34067110.0,6.24,-2.58,-0.31,0.95
2022-10-11,688277,11.72,11.48,11.9,11.37,18716,21595007.0,4.53,-1.88,-0.22,0.63
2022-10-12,688277,11.6,11.87,11.88,11.23,24084,27668851.0,5.66,3.4,0.39,0.81
2022-10-13,688277,11.76,12.26,12.38,11.72,34184,41716610.0,5.56,3.29,0.39,1.14
2022-10-14,688277,12.39,13.21,13.41,12.38,72918,95447079.0,8.4,7.75,0.95,2.44
2022-10-17,688277,13.22,13.58,13.84,13.16,59941,81358710.0,5.15,2.8,0.37,2.0
2022-10-18,688277,13.61,13.78,13.95,13.32,49742,68126237.0,4.64,1.47,0.2,1.66
2022-10-19,688277,13.79,13.94,14.55,13.63,78273,109989611.0,6.68,1.16,0.16,2.62
2022-10-20,688277,13.93,14.25,14.44,13.74,75886,107278471.0,5.02,2.22,0.31,2.54
2022-10-21,688277,14.06,14.24,14.45,14.0,46658,66352085.0,3.16,-0.07,-0.01,1.56
2022-10-24,688277,14.14,13.78,14.49,13.7,47924,67303132.0,5.55,-3.23,-0.46,1.6
2022-10-25,688277,13.7,13.4,13.9,13.06,43620,58715682.0,6.1,-2.76,-0.38,1.46
2022-10-26,688277,13.48,14.26,14.39,13.32,59123,83773444.0,7.99,6.42,0.86,1.98
2022-10-27,688277,14.2,14.17,14.42,13.98,56187,79917822.0,3.09,-0.63,-0.09,1.88
2022-10-28,688277,13.99,13.51,14.34,13.42,42634,59020310.0,6.49,-4.66,-0.66,1.43
2022-10-31,688277,13.64,14.05,14.27,13.46,42192,58762213.0,6.0,4.0,0.54,1.41
2022-11-01,688277,14.01,14.07,14.48,13.86,43309,61002878.0,4.41,0.14,0.02,1.45
2022-11-02,688277,13.99,14.4,14.66,13.99,87722,126142067.0,4.76,2.35,0.33,2.93
2022-11-03,688277,14.2,14.2,14.38,14.05,38745,54909725.0,2.29,-1.39,-0.2,1.3
2022-11-04,688277,14.21,14.1,14.37,13.96,57573,81106573.0,2.89,-0.7,-0.1,1.92
2022-11-07,688277,14.18,14.34,14.83,14.18,66831,96538284.0,4.61,1.7,0.24,2.23
2022-11-08,688277,14.25,14.14,14.36,13.98,38901,54875402.0,2.65,-1.39,-0.2,1.3
2022-11-09,688277,14.07,14.05,14.28,13.88,35060,49328595.0,2.83,-0.64,-0.09,1.17
2022-11-10,688277,13.92,13.92,14.54,13.91,62061,88014461.0,4.48,-0.93,-0.13,2.07
2022-11-11,688277,14.16,13.65,14.4,13.61,87033,122289385.0,5.68,-1.94,-0.27,2.91
2022-11-14,688277,13.69,13.93,14.24,13.41,68435,95421327.0,6.08,2.05,0.28,2.29
2022-11-15,688277,14.0,14.38,14.41,13.73,76098,108021300.0,4.88,3.23,0.45,2.54
2022-11-16,688277,14.41,14.21,14.5,14.13,42002,60042797.0,2.57,-1.18,-0.17,1.4
2022-11-17,688277,14.2,14.2,14.29,14.05,29554,41820509.0,1.69,-0.07,-0.01,0.99
2022-11-18,688277,14.29,14.17,14.67,14.17,60897,87738496.0,3.52,-0.21,-0.03,2.04
2022-11-21,688277,14.09,14.07,14.2,13.95,37373,52539958.0,1.76,-0.71,-0.1,1.25
2022-11-22,688277,14.12,13.42,14.19,13.38,67399,92569887.0,5.76,-4.62,-0.65,2.25
2022-11-23,688277,13.45,13.05,13.6,12.9,45994,60432439.0,5.22,-2.76,-0.37,1.54
2022-11-24,688277,13.08,12.99,13.28,12.99,34934,45766587.0,2.22,-0.46,-0.06,1.17
2022-11-25,688277,13.01,12.88,13.05,12.7,31575,40688849.0,2.69,-0.85,-0.11,1.06
2022-11-28,688277,12.8,12.66,12.98,12.5,36995,46935098.0,3.73,-1.71,-0.22,1.24
2022-11-29,688277,12.6,12.98,13.07,12.6,33449,43261031.0,3.71,2.53,0.32,1.12
2022-11-30,688277,13.09,12.79,13.13,12.73,32305,41700088.0,3.08,-1.46,-0.19,1.08
2022-12-01,688277,12.96,12.82,13.04,12.77,32340,41663173.0,2.11,0.23,0.03,1.08
2022-12-02,688277,12.88,13.18,13.44,12.76,51646,68137107.0,5.3,2.81,0.36,1.73
2022-12-05,688277,13.21,13.07,13.33,12.95,45270,59212329.0,2.88,-0.83,-0.11,1.51
2022-12-06,688277,13.14,13.03,13.17,12.97,26811,35008153.0,1.53,-0.31,-0.04,0.9
2022-12-07,688277,12.99,12.98,13.19,12.9,24825,32400823.0,2.23,-0.38,-0.05,0.83
2022-12-08,688277,13.09,12.91,13.09,12.9,22474,29131993.0,1.46,-0.54,-0.07,0.75
2022-12-09,688277,12.91,12.97,13.13,12.88,24183,31395917.0,1.94,0.46,0.06,0.81
2022-12-12,688277,12.97,13.15,13.19,12.93,28678,37554667.0,2.0,1.39,0.18,0.96
2022-12-13,688277,13.13,12.82,13.16,12.79,33742,43598235.0,2.81,-2.51,-0.33,1.13
2022-12-14,688277,12.84,12.62,12.89,12.58,31030,39464536.0,2.42,-1.56,-0.2,1.04
2022-12-15,688277,12.65,12.71,12.8,12.58,15437,19652406.0,1.74,0.71,0.09,0.52
2022-12-16,688277,12.71,12.87,12.91,12.43,34082,43219323.0,3.78,1.26,0.16,1.14
2022-12-19,688277,12.81,12.21,12.88,12.13,38998,48277648.0,5.83,-5.13,-0.66,1.3
2022-12-20,688277,12.24,12.29,12.39,12.12,18217,22363665.0,2.21,0.66,0.08,0.61
2022-12-21,688277,12.35,12.08,12.35,11.99,19712,23870630.0,2.93,-1.71,-0.21,0.66
2022-12-22,688277,12.19,11.9,12.24,11.84,18361,22139579.0,3.31,-1.49,-0.18,0.61
2022-12-23,688277,11.94,12.08,12.25,11.92,20356,24603865.0,2.77,1.51,0.18,0.68
2022-12-26,688277,12.1,12.1,12.2,11.99,18330,22097914.0,1.74,0.17,0.02,0.61
2022-12-27,688277,12.06,12.01,12.2,11.9,25713,30937921.0,2.48,-0.74,-0.09,0.86
2022-12-28,688277,11.99,11.8,12.02,11.78,21917,25979093.0,2.0,-1.75,-0.21,0.73
2022-12-29,688277,11.76,11.85,11.94,11.75,14967,17764452.0,1.61,0.42,0.05,0.5
2022-12-30,688277,11.85,11.89,12.05,11.8,15333,18298179.0,2.11,0.34,0.04,0.51
2023-01-03,688277,11.88,12.21,12.39,11.88,36205,44268360.0,4.29,2.69,0.32,1.21
2023-01-04,688277,12.35,12.29,12.7,12.21,34479,42834485.0,4.01,0.66,0.08,1.15
2023-01-05,688277,12.39,12.4,12.53,12.23,28947,35907209.0,2.44,0.9,0.11,0.97
2023-01-06,688277,12.4,12.22,12.41,12.21,22559,27745319.0,1.61,-1.45,-0.18,0.75
2023-01-09,688277,12.33,12.2,12.38,12.15,19719,24171949.0,1.88,-0.16,-0.02,0.66
2023-01-10,688277,12.13,12.24,12.36,12.1,25340,31076211.0,2.13,0.33,0.04,0.85
2023-01-11,688277,12.26,12.12,12.45,12.06,28705,35150867.0,3.19,-0.98,-0.12,0.96
2023-01-12,688277,12.15,12.14,12.22,12.06,20091,24405705.0,1.32,0.17,0.02,0.67
2023-01-13,688277,12.15,12.59,12.62,12.1,70912,88156120.0,4.28,3.71,0.45,2.37
2023-01-16,688277,12.59,13.26,13.41,12.55,92624,121757412.0,6.83,5.32,0.67,3.1
2023-01-17,688277,13.32,13.02,13.42,12.9,48472,63721169.0,3.92,-1.81,-0.24,1.62
2023-01-18,688277,13.1,13.02,13.14,12.92,23245,30317003.0,1.69,0.0,0.0,0.78
2023-01-19,688277,13.1,13.41,13.44,13.0,42076,55965542.0,3.38,3.0,0.39,1.41
2023-01-20,688277,13.92,13.61,14.14,13.54,71779,99141382.0,4.47,1.49,0.2,2.4
2023-01-30,688277,13.8,14.01,14.17,13.67,73103,102190036.0,3.67,2.94,0.4,2.44
2023-01-31,688277,13.91,13.95,14.2,13.8,49659,69315431.0,2.86,-0.43,-0.06,1.66
2023-02-01,688277,13.9,14.18,14.35,13.85,47602,67382666.0,3.58,1.65,0.23,1.59
2023-02-02,688277,14.19,14.48,14.7,14.1,57556,83387401.0,4.23,2.12,0.3,1.92
2023-02-03,688277,14.5,14.5,14.71,14.28,45723,66187455.0,2.97,0.14,0.02,1.53
2023-02-06,688277,14.4,14.36,14.62,14.21,41873,60160610.0,2.83,-0.97,-0.14,1.4
2023-02-07,688277,14.45,14.74,14.86,14.31,62202,90837491.0,3.83,2.65,0.38,2.08
2023-02-08,688277,14.75,14.72,15.13,14.61,52736,78251935.0,3.53,-0.14,-0.02,1.76
2023-02-09,688277,14.66,14.71,14.76,14.44,55233,80656952.0,2.17,-0.07,-0.01,1.85
2023-02-10,688277,14.76,14.81,15.09,14.68,51093,75792054.0,2.79,0.68,0.1,1.71
2023-02-13,688277,14.82,14.98,15.35,14.82,52004,78590419.0,3.58,1.15,0.17,1.74
2023-02-14,688277,14.99,15.13,15.2,14.88,38624,58210196.0,2.14,1.0,0.15,1.29
2023-02-15,688277,15.19,14.86,15.19,14.78,61600,91953207.0,2.71,-1.78,-0.27,2.06
2023-02-16,688277,14.89,14.78,15.36,14.7,89497,134680539.0,4.44,-0.54,-0.08,2.99
2023-02-17,688277,14.94,14.51,15.05,14.49,61388,90040193.0,3.79,-1.83,-0.27,2.05
2023-02-20,688277,14.5,14.68,14.76,14.28,46236,67211034.0,3.31,1.17,0.17,1.55
2023-02-21,688277,14.75,14.61,14.88,14.51,32212,47321920.0,2.52,-0.48,-0.07,1.08
2023-02-22,688277,14.53,14.55,14.68,14.41,23003,33465408.0,1.85,-0.41,-0.06,0.77
2023-02-23,688277,14.6,14.29,14.6,14.18,33056,47479625.0,2.89,-1.79,-0.26,1.1
2023-02-24,688277,14.38,14.26,14.48,14.22,25365,36320480.0,1.82,-0.21,-0.03,0.85
2023-02-27,688277,14.22,13.85,14.35,13.77,51288,71583695.0,4.07,-2.88,-0.41,1.71
2023-02-28,688277,13.85,13.97,14.0,13.7,31288,43426747.0,2.17,0.87,0.12,1.05
2023-03-01,688277,14.03,13.98,14.03,13.78,24130,33605435.0,1.79,0.07,0.01,0.81
2023-03-02,688277,13.99,14.01,14.36,13.93,42506,60018244.0,3.08,0.21,0.03,1.42
2023-03-03,688277,14.26,14.28,14.77,14.1,77835,112543546.0,4.78,1.93,0.27,2.6
2023-03-06,688277,14.24,14.65,15.0,14.17,73121,107127588.0,5.81,2.59,0.37,2.44
2023-03-07,688277,14.7,14.1,14.8,14.1,55349,79690156.0,4.78,-3.75,-0.55,1.85
2023-03-08,688277,14.1,14.48,14.53,14.03,51149,73604923.0,3.55,2.7,0.38,1.71
2023-03-09,688277,14.54,14.53,14.8,14.41,33012,48090694.0,2.69,0.35,0.05,1.1
2023-03-10,688277,14.45,14.53,14.56,14.3,37529,54125894.0,1.79,0.0,0.0,1.25
2023-03-13,688277,14.52,14.48,14.63,14.22,32764,47140155.0,2.82,-0.34,-0.05,1.1
2023-03-14,688277,14.55,14.27,14.64,14.2,49636,71435482.0,3.04,-1.45,-0.21,1.66
2023-03-15,688277,14.34,14.68,14.88,14.32,68946,101212302.0,3.92,2.87,0.41,2.3
2023-03-16,688277,14.6,14.73,15.04,14.55,52500,77398475.0,3.34,0.34,0.05,1.75
2023-03-17,688277,14.9,15.98,16.18,14.7,149651,231889667.0,10.05,8.49,1.25,5.0
2023-03-20,688277,16.06,15.75,16.34,15.62,106914,169498910.0,4.51,-1.44,-0.23,3.57
2023-03-21,688277,15.8,16.1,16.33,15.72,79487,127188083.0,3.87,2.22,0.35,2.66
2023-03-22,688277,16.15,16.48,16.83,16.15,90669,149649479.0,4.22,2.36,0.38,3.03
2023-03-23,688277,16.48,16.51,16.77,16.24,74627,123037536.0,3.22,0.18,0.03,2.49
2023-03-24,688277,16.7,16.86,17.39,16.67,118106,201430805.0,4.36,2.12,0.35,3.95
2023-03-27,688277,16.96,18.46,18.66,16.76,192620,346966291.0,11.27,9.49,1.6,6.44
2023-03-28,688277,18.58,18.0,19.05,17.91,193411,357842529.0,6.18,-2.49,-0.46,6.46
2023-03-29,688277,17.95,18.1,18.46,17.61,113341,204420208.0,4.72,0.56,0.1,3.79
2023-03-30,688277,18.04,17.25,18.1,17.18,114216,200055643.0,5.08,-4.7,-0.85,3.82
2023-03-31,688277,17.3,17.12,17.55,16.97,81882,140874436.0,3.36,-0.75,-0.13,2.74
2023-04-03,688277,17.0,17.08,17.35,16.79,89820,152905120.0,3.27,-0.23,-0.04,3.0
2023-04-04,688277,17.08,17.28,17.9,17.08,103118,180849210.0,4.8,1.17,0.2,3.45
2023-04-06,688277,17.25,17.17,17.6,16.93,80965,139773447.0,3.88,-0.64,-0.11,2.71
2023-04-07,688277,17.06,17.52,17.92,17.0,96436,169258136.0,5.36,2.04,0.35,3.22
2023-04-10,688277,17.54,16.91,17.65,16.91,96048,165025308.0,4.22,-3.48,-0.61,3.21
2023-04-11,688277,17.07,17.08,17.4,16.93,66089,113238683.0,2.78,1.01,0.17,2.21
2023-04-12,688277,17.08,17.21,17.3,16.92,64431,110343505.0,2.22,0.76,0.13,2.15
2023-04-13,688277,17.17,16.86,17.21,16.83,75686,128463424.0,2.21,-2.03,-0.35,2.53
2023-04-14,688277,16.85,17.7,17.87,16.85,123543,215538609.0,6.05,4.98,0.84,4.13
2023-04-17,688277,17.8,17.31,17.88,17.13,84281,146825467.0,4.24,-2.2,-0.39,2.82
2023-04-18,688277,17.28,16.95,17.31,16.9,47826,81408754.0,2.37,-2.08,-0.36,1.6
2023-04-19,688277,17.05,16.6,17.24,16.52,74672,125524031.0,4.25,-2.06,-0.35,2.5
2023-04-20,688277,16.63,16.88,17.17,16.53,69343,116952485.0,3.86,1.69,0.28,2.32
2023-04-21,688277,16.84,16.03,17.04,15.95,96374,157210133.0,6.46,-5.04,-0.85,3.22
2023-04-24,688277,16.1,16.14,16.35,16.0,61957,99970157.0,2.18,0.69,0.11,2.07
2023-04-25,688277,16.18,15.46,16.18,15.15,73520,114388578.0,6.38,-4.21,-0.68,2.46
2023-04-26,688277,15.91,16.91,17.6,15.88,149247,253805180.0,11.13,9.38,1.45,4.99
2023-04-27,688277,16.7,16.55,17.0,16.44,81545,135886629.0,3.31,-2.13,-0.36,2.73
2023-04-28,688277,16.58,17.47,17.95,16.45,112713,194916113.0,9.06,5.56,0.92,3.77
2023-05-04,688277,17.41,17.82,18.25,17.32,105374,187717401.0,5.32,2.0,0.35,3.52
2023-05-05,688277,17.8,17.55,17.95,17.4,64846,114256839.0,3.09,-1.52,-0.27,2.17
2023-05-08,688277,17.66,17.05,17.66,16.81,73083,124614483.0,4.84,-2.85,-0.5,2.44
2023-05-09,688277,17.04,16.39,17.04,16.31,71808,118822438.0,4.28,-3.87,-0.66,2.4
2023-05-10,688277,16.29,16.27,16.5,16.06,43188,70238952.0,2.68,-0.73,-0.12,1.44
2023-05-11,688277,16.23,16.09,16.66,16.05,45673,74196713.0,3.75,-1.11,-0.18,1.53
2023-05-12,688277,16.0,15.9,16.45,15.81,52079,83766269.0,3.98,-1.18,-0.19,1.74
2023-05-15,688277,15.88,15.96,16.3,15.58,49470,78643608.0,4.53,0.38,0.06,1.65
2023-05-16,688277,16.1,15.67,16.18,15.6,42660,67410818.0,3.63,-1.82,-0.29,1.43
2023-05-17,688277,15.61,16.27,16.4,15.52,66513,107178423.0,5.62,3.83,0.6,2.22
2023-05-18,688277,16.38,16.69,16.88,16.22,76167,126595222.0,4.06,2.58,0.42,2.55
2023-05-19,688277,16.7,16.67,16.76,16.2,51984,86000774.0,3.36,-0.12,-0.02,1.74
2023-05-22,688277,16.55,16.66,16.83,16.54,34020,56690559.0,1.74,-0.06,-0.01,1.14
2023-05-23,688277,16.63,16.57,16.87,16.55,47768,79819781.0,1.92,-0.54,-0.09,1.6
2023-05-24,688277,16.41,16.17,16.5,16.15,57991,94524737.0,2.11,-2.41,-0.4,1.94
2023-05-25,688277,16.16,16.0,16.32,15.77,58301,93294521.0,3.4,-1.05,-0.17,1.95
2023-05-26,688277,16.0,16.42,16.49,15.78,48665,78775407.0,4.44,2.63,0.42,1.63
2023-05-29,688277,16.55,16.9,17.37,16.54,75389,127699047.0,5.05,2.92,0.48,2.52
2023-05-30,688277,16.93,17.27,17.42,16.8,68587,117653310.0,3.67,2.19,0.37,2.29
2023-05-31,688277,17.31,17.74,18.25,17.19,119202,212333888.0,6.14,2.72,0.47,3.98
2023-06-01,688277,17.66,17.73,18.1,17.61,66521,118445700.0,2.76,-0.06,-0.01,2.22
2023-06-02,688277,17.81,17.21,17.84,17.19,68221,118803575.0,3.67,-2.93,-0.52,2.28
2023-06-05,688277,17.37,17.3,17.49,17.05,51918,89639660.0,2.56,0.52,0.09,1.74
2023-06-06,688277,17.34,16.69,17.39,16.66,64666,109251062.0,4.22,-3.53,-0.61,2.16
2023-06-07,688277,16.71,16.95,17.0,16.57,44047,74172813.0,2.58,1.56,0.26,1.47
2023-06-08,688277,17.0,16.55,17.0,16.4,46517,77179832.0,3.54,-2.36,-0.4,1.55
2023-06-09,688277,16.52,16.64,16.81,16.39,40628,67499480.0,2.54,0.54,0.09,1.36
2023-06-12,688277,16.72,16.55,16.8,16.45,44811,74360174.0,2.1,-0.54,-0.09,1.5
2023-06-13,688277,16.61,16.54,16.66,16.29,37955,62618466.0,2.24,-0.06,-0.01,1.27
2023-06-14,688277,16.54,16.53,16.67,16.28,43190,71130683.0,2.36,-0.06,-0.01,1.44
2023-06-15,688277,16.53,17.96,18.15,16.38,159979,279596469.0,10.71,8.65,1.43,5.35
2023-06-16,688277,17.96,18.25,18.54,17.76,125112,227121881.0,4.34,1.61,0.29,4.18
2023-06-19,688277,18.36,18.76,19.47,18.29,152006,286558561.0,6.47,2.79,0.51,5.08
2023-06-20,688277,18.72,19.28,19.78,18.5,151209,290721720.0,6.82,2.77,0.52,5.05
2023-06-21,688277,19.5,18.5,19.54,18.5,101982,192322087.0,5.39,-4.05,-0.78,3.41
2023-06-26,688277,18.4,17.67,18.69,17.54,100597,180772558.0,6.22,-4.49,-0.83,3.36
2023-06-27,688277,17.52,17.52,18.07,17.46,63243,111896788.0,3.45,-0.85,-0.15,2.11
2023-06-28,688277,17.58,17.3,17.7,16.75,67894,116716832.0,5.42,-1.26,-0.22,2.27
2023-06-29,688277,17.45,18.52,18.77,17.25,112842,205025529.0,8.79,7.05,1.22,3.77
2023-06-30,688277,18.31,18.44,18.57,18.06,71056,130184900.0,2.75,-0.43,-0.08,2.38
2023-07-03,688277,18.74,17.59,18.76,17.52,97897,174817123.0,6.72,-4.61,-0.85,3.27
2023-07-04,688277,17.55,17.57,17.73,17.34,66937,117201987.0,2.22,-0.11,-0.02,2.24
2023-07-05,688277,17.62,17.43,18.11,17.38,85702,151872407.0,4.15,-0.8,-0.14,2.86
2023-07-06,688277,17.4,17.32,17.6,17.18,49325,85731981.0,2.41,-0.63,-0.11,1.65
2023-07-07,688277,17.49,17.27,17.52,16.97,55489,95886885.0,3.18,-0.29,-0.05,1.79
2023-07-10,688277,16.82,16.07,16.92,16.05,101576,165376092.0,5.04,-6.95,-1.2,3.28
2023-07-11,688277,16.09,16.04,16.32,15.93,62779,100867942.0,2.43,-0.19,-0.03,2.03
2023-07-12,688277,16.02,15.85,16.24,15.85,48812,78148520.0,2.43,-1.18,-0.19,1.58
2023-07-13,688277,15.9,16.21,16.37,15.9,40166,64902173.0,2.97,2.27,0.36,1.3
2023-07-14,688277,16.65,16.42,16.69,16.26,51844,85489756.0,2.65,1.3,0.21,1.67
2023-07-17,688277,16.34,16.49,16.88,16.25,43658,72036158.0,3.84,0.43,0.07,1.41
2023-07-18,688277,16.57,16.35,16.58,16.28,31842,52200778.0,1.82,-0.85,-0.14,1.03
2023-07-19,688277,16.37,16.27,16.49,16.1,21308,34663754.0,2.39,-0.49,-0.08,0.69
2023-07-20,688277,16.25,16.25,16.52,16.04,34214,55605815.0,2.95,-0.12,-0.02,1.1
2023-07-21,688277,16.68,15.62,16.9,15.3,109502,174882697.0,9.85,-3.88,-0.63,3.54
2023-07-24,688277,15.6,15.91,16.1,15.43,57365,91095706.0,4.29,1.86,0.29,1.85
2023-07-25,688277,16.01,16.01,16.19,15.97,25568,41056456.0,1.38,0.63,0.1,0.83
2023-07-26,688277,15.97,15.82,16.01,15.71,28331,44860292.0,1.87,-1.19,-0.19,0.91
2023-07-27,688277,15.81,15.59,15.92,15.5,38398,60092481.0,2.65,-1.45,-0.23,1.24
2023-07-28,688277,15.57,15.91,15.97,15.45,31357,49352832.0,3.34,2.05,0.32,1.01
2023-07-31,688277,15.85,15.57,15.98,15.51,51444,80865899.0,2.95,-2.14,-0.34,1.66
2023-08-01,688277,15.56,15.57,15.79,15.45,32551,50878010.0,2.18,0.0,0.0,1.05
2023-08-02,688277,15.55,15.62,15.77,15.51,29474,46027648.0,1.67,0.32,0.05,0.95
2023-08-03,688277,15.53,15.33,15.68,15.31,35260,54402843.0,2.37,-1.86,-0.29,1.14
2023-08-04,688277,15.45,15.52,15.73,15.38,30100,46779724.0,2.28,1.24,0.19,0.97
2023-08-07,688277,15.55,15.08,15.55,14.96,51868,78737973.0,3.8,-2.84,-0.44,1.67
2023-08-08,688277,15.07,15.03,15.18,14.94,26439,39771428.0,1.59,-0.33,-0.05,0.85
2023-08-09,688277,15.01,15.19,15.31,15.0,29932,45431873.0,2.06,1.06,0.16,0.97
2023-08-10,688277,15.23,15.03,15.28,15.0,18457,27856484.0,1.84,-1.05,-0.16,0.6
2023-08-11,688277,15.03,14.83,15.17,14.83,21860,32719412.0,2.26,-1.33,-0.2,0.71
2023-08-14,688277,14.75,14.92,14.93,14.66,22471,33228805.0,1.82,0.61,0.09,0.73
2023-08-15,688277,14.92,14.99,15.06,14.73,21004,31283273.0,2.21,0.47,0.07,0.68
2023-08-16,688277,14.87,14.85,15.04,14.8,19537,29135143.0,1.6,-0.93,-0.14,0.63
2023-08-17,688277,14.93,15.14,15.26,14.62,35653,53447094.0,4.31,1.95,0.29,1.15
2023-08-18,688277,15.13,14.83,15.34,14.79,30424,45902445.0,3.63,-2.05,-0.31,0.98
2023-08-21,688277,14.79,14.47,14.88,14.46,28350,41574147.0,2.83,-2.43,-0.36,0.92
2023-08-22,688277,14.57,14.57,14.62,14.2,27322,39498559.0,2.9,0.69,0.1,0.88
2023-08-23,688277,14.32,13.67,14.44,13.31,72733,99486728.0,7.76,-6.18,-0.9,2.35
2023-08-24,688277,13.71,13.7,14.02,13.52,43694,60105562.0,3.66,0.22,0.03,1.41
2023-08-25,688277,13.69,13.5,13.84,13.44,30976,42046526.0,2.92,-1.46,-0.2,1.0
2023-08-28,688277,14.3,13.44,14.33,13.42,50232,69994202.0,6.74,-0.44,-0.06,1.62
2023-08-29,688277,13.48,14.2,14.28,13.47,55280,77533954.0,6.03,5.65,0.76,1.78
2023-08-30,688277,14.3,14.62,14.82,14.25,48030,69902156.0,4.01,2.96,0.42,1.55
2023-08-31,688277,14.5,14.52,14.65,14.43,25727,37368737.0,1.5,-0.68,-0.1,0.83
2023-09-01,688277,14.5,14.08,14.64,13.94,36481,51620654.0,4.82,-3.03,-0.44,1.18
2023-09-04,688277,14.19,14.13,14.19,14.01,30660,43187927.0,1.28,0.36,0.05,0.99
2023-09-05,688277,14.15,14.1,14.4,14.04,26892,38184297.0,2.55,-0.21,-0.03,0.87
2023-09-06,688277,14.03,14.09,14.29,13.86,29443,41368959.0,3.05,-0.07,-0.01,0.95
2023-09-07,688277,13.96,13.54,14.01,13.44,72187,98414634.0,4.05,-3.9,-0.55,2.13
2023-09-08,688277,13.52,13.81,13.98,13.4,51639,70856940.0,4.28,1.99,0.27,1.52
2023-09-11,688277,13.89,14.04,14.2,13.67,51981,72991626.0,3.84,1.67,0.23,1.53
2023-09-12,688277,14.08,13.9,14.12,13.81,35942,49973765.0,2.21,-1.0,-0.14,1.06
2023-09-13,688277,13.95,13.51,13.95,13.4,57922,78595778.0,3.96,-2.81,-0.39,1.71
2023-09-14,688277,13.51,13.35,13.55,13.26,40637,54349984.0,2.15,-1.18,-0.16,1.2
2023-09-15,688277,13.38,13.41,13.71,13.16,55733,75053553.0,4.12,0.45,0.06,1.64
2023-09-18,688277,13.4,13.7,13.75,13.26,44977,61311486.0,3.65,2.16,0.29,1.33
2023-09-19,688277,13.66,13.28,13.75,13.25,39865,53298605.0,3.65,-3.07,-0.42,1.17
2023-09-20,688277,13.28,13.26,13.44,13.23,28027,37339223.0,1.58,-0.15,-0.02,0.83
2023-09-21,688277,13.28,13.13,13.33,13.11,23841,31452497.0,1.66,-0.98,-0.13,0.7
2023-09-22,688277,13.19,13.55,13.57,13.02,36942,49313106.0,4.19,3.2,0.42,1.09
2023-09-25,688277,13.53,13.55,13.67,13.41,29827,40317744.0,1.92,0.0,0.0,0.88
2023-09-26,688277,13.61,13.57,13.65,13.42,24359,33058751.0,1.7,0.15,0.02,0.72
2023-09-27,688277,13.48,13.88,13.93,13.48,35687,49286237.0,3.32,2.28,0.31,1.05
2023-09-28,688277,13.87,13.73,13.92,13.7,29741,40949111.0,1.59,-1.08,-0.15,0.88
2023-10-09,688277,13.74,13.59,13.85,13.46,36378,49401021.0,2.84,-1.02,-0.14,1.07
2023-10-10,688277,13.65,13.49,13.7,13.44,22362,30344378.0,1.91,-0.74,-0.1,0.66
2023-10-11,688277,13.5,13.83,14.09,13.5,50255,69644607.0,4.37,2.52,0.34,1.48
2023-10-12,688277,13.82,13.9,13.99,13.69,40223,55683161.0,2.17,0.51,0.07,1.19
2023-10-13,688277,13.81,13.91,14.08,13.76,30526,42598520.0,2.3,0.07,0.01,0.9
2023-10-16,688277,14.11,13.73,14.15,13.58,41826,57515452.0,4.1,-1.29,-0.18,1.23
2023-10-17,688277,13.83,13.54,13.83,13.33,33929,45731312.0,3.64,-1.38,-0.19,1.0
2023-10-18,688277,13.51,13.07,13.52,13.03,37222,49054023.0,3.62,-3.47,-0.47,1.1
2023-10-19,688277,12.99,12.97,13.32,12.83,37773,49482856.0,3.75,-0.77,-0.1,1.11
2023-10-20,688277,13.18,12.74,13.18,12.72,32453,41711076.0,3.55,-1.77,-0.23,0.96
2023-10-23,688277,12.68,12.43,12.8,12.3,32569,40602629.0,3.92,-2.43,-0.31,0.96
2023-10-24,688277,12.47,12.77,12.89,12.37,32996,41796991.0,4.18,2.74,0.34,0.97
2023-10-25,688277,12.92,12.93,13.23,12.82,39233,51200022.0,3.21,1.25,0.16,1.16
2023-10-26,688277,12.9,13.25,13.26,12.82,32616,42520416.0,3.4,2.47,0.32,0.96
2023-10-27,688277,13.2,13.68,13.8,13.09,44345,59767963.0,5.36,3.25,0.43,1.31
2023-10-30,688277,13.79,14.24,14.55,13.73,74329,105468554.0,5.99,4.09,0.56,2.19
2023-10-31,688277,14.27,14.25,14.47,14.12,40459,57672641.0,2.46,0.07,0.01,1.19
2023-11-01,688277,14.24,14.23,14.37,14.0,32328,45919929.0,2.6,-0.14,-0.02,0.95
2023-11-02,688277,14.29,14.05,14.38,14.03,31339,44290715.0,2.46,-1.26,-0.18,0.92
2023-11-03,688277,14.2,14.4,14.52,14.17,50886,73193546.0,2.49,2.49,0.35,1.5
2023-11-06,688277,14.55,14.55,14.64,14.4,52100,75611045.0,1.67,1.04,0.15,1.54
2023-11-07,688277,14.55,14.56,14.71,14.5,42107,61481558.0,1.44,0.07,0.01,1.24
2023-11-08,688277,14.69,14.56,14.76,14.49,37727,55209065.0,1.85,0.0,0.0,1.11
2023-11-09,688277,14.6,14.3,14.74,14.2,50337,72609428.0,3.71,-1.79,-0.26,1.48
2023-11-10,688277,14.2,14.16,14.36,14.05,38479,54490805.0,2.17,-0.98,-0.14,1.13
2023-11-13,688277,14.25,14.42,14.55,14.09,53417,76772152.0,3.25,1.84,0.26,1.57
2023-11-14,688277,14.43,14.58,14.63,14.41,40631,59043457.0,1.53,1.11,0.16,1.2
2023-11-15,688277,14.65,14.51,14.83,14.46,37438,54732575.0,2.54,-0.48,-0.07,1.1
2023-11-16,688277,14.5,14.35,14.57,14.31,23814,34343781.0,1.79,-1.1,-0.16,0.7
2023-11-17,688277,14.3,14.42,14.5,14.28,29398,42279125.0,1.53,0.49,0.07,0.87
2023-11-20,688277,14.53,14.69,14.75,14.33,43333,63423859.0,2.91,1.87,0.27,1.28
2023-11-21,688277,14.61,14.5,14.77,14.4,44773,65104763.0,2.52,-1.29,-0.19,1.32
2023-11-22,688277,14.41,14.32,14.65,14.31,35093,50874450.0,2.34,-1.24,-0.18,1.03
2023-11-23,688277,14.32,14.56,14.6,14.28,37578,54389249.0,2.23,1.68,0.24,1.11
2023-11-24,688277,14.57,14.43,14.62,14.27,39075,56274014.0,2.4,-0.89,-0.13,1.15
2023-11-27,688277,14.4,14.31,14.58,14.28,40133,57848900.0,2.08,-0.83,-0.12,1.18
2023-11-28,688277,14.34,14.53,14.66,14.16,43790,63493786.0,3.49,1.54,0.22,1.29
2023-11-29,688277,14.53,14.41,14.65,14.36,32985,47793548.0,2.0,-0.83,-0.12,0.97
2023-11-30,688277,14.43,14.3,14.5,14.13,31606,45053519.0,2.57,-0.76,-0.11,0.93
2023-12-01,688277,14.35,14.38,14.44,14.2,30110,43062843.0,1.68,0.56,0.08,0.89
2023-12-04,688277,14.4,14.05,14.43,13.93,40405,57032176.0,3.48,-2.29,-0.33,1.19
2023-12-05,688277,14.03,13.78,14.2,13.78,41717,58140232.0,2.99,-1.92,-0.27,1.23
2023-12-06,688277,13.78,13.93,14.15,13.71,34138,47410477.0,3.19,1.09,0.15,1.01
2023-12-07,688277,13.93,14.0,14.23,13.78,39019,54724199.0,3.23,0.5,0.07,1.15
2023-12-08,688277,13.99,13.97,14.16,13.93,48920,68649218.0,1.64,-0.21,-0.03,1.44
2023-12-11,688277,13.88,13.86,14.0,13.51,69503,95442952.0,3.51,-0.79,-0.11,2.05
2023-12-12,688277,13.84,13.58,13.9,13.4,50630,69138013.0,3.61,-2.02,-0.28,1.49
2023-12-13,688277,13.55,13.71,13.96,13.51,45871,63121745.0,3.31,0.96,0.13,1.35
2023-12-14,688277,13.71,13.48,13.84,13.42,26443,36055773.0,3.06,-1.68,-0.23,0.78
2023-12-15,688277,13.51,13.36,13.55,13.28,33212,44487305.0,2.0,-0.89,-0.12,0.98
2023-12-18,688277,13.29,13.18,13.42,13.15,29795,39541447.0,2.02,-1.35,-0.18,0.88
2023-12-19,688277,13.18,13.2,13.29,13.04,28285,37260066.0,1.9,0.15,0.02,0.83
2023-12-20,688277,13.23,13.03,13.31,13.02,25470,33368046.0,2.2,-1.29,-0.17,0.75
2023-12-21,688277,12.96,13.02,13.13,12.77,35769,46271340.0,2.76,-0.08,-0.01,1.05
2023-12-22,688277,13.01,12.77,13.03,12.73,26948,34630290.0,2.3,-1.92,-0.25,0.79
2023-12-25,688277,12.77,12.74,12.86,12.66,22648,28952794.0,1.57,-0.23,-0.03,0.67
2023-12-26,688277,12.74,12.53,12.88,12.41,22633,28415751.0,3.69,-1.65,-0.21,0.67
2023-12-27,688277,12.54,12.51,12.58,12.41,20886,26089303.0,1.36,-0.16,-0.02,0.62
2023-12-28,688277,12.51,12.82,12.89,12.32,39986,50725942.0,4.56,2.48,0.31,1.18
2023-12-29,688277,12.84,13.18,13.18,12.73,35302,46100841.0,3.51,2.81,0.36,1.04
2024-01-02,688277,13.18,13.18,13.46,13.01,44780,59019599.0,3.41,0.0,0.0,1.0
2024-01-03,688277,13.1,13.13,13.33,12.99,30933,40687444.0,2.58,-0.38,-0.05,0.69
2024-01-04,688277,13.13,13.02,13.13,12.9,27826,36103561.0,1.75,-0.84,-0.11,0.62
2024-01-05,688277,13.07,12.66,13.12,12.58,26796,34274481.0,4.15,-2.76,-0.36,0.6
2024-01-08,688277,12.66,12.28,12.66,12.27,38595,47890588.0,3.08,-3.0,-0.38,0.86
2024-01-09,688277,12.28,12.62,12.68,12.25,41715,52285304.0,3.5,2.77,0.34,0.93
2024-01-10,688277,12.7,12.33,12.7,12.3,28807,35869252.0,3.17,-2.3,-0.29,0.64
2024-01-11,688277,12.4,12.56,12.67,12.38,27398,34320557.0,2.35,1.87,0.23,0.61
2024-01-12,688277,12.55,12.35,12.65,12.34,25948,32320506.0,2.47,-1.67,-0.21,0.58
2024-01-15,688277,12.4,12.24,12.55,12.19,26647,32750558.0,2.91,-0.89,-0.11,0.59
2024-01-16,688277,12.29,12.19,12.32,11.98,29932,36263933.0,2.78,-0.41,-0.05,0.67
2024-01-17,688277,12.15,11.79,12.16,11.78,27924,33412612.0,3.12,-3.28,-0.4,0.62
2024-01-18,688277,11.73,11.67,11.84,11.3,57024,65743409.0,4.58,-1.02,-0.12,1.27
2024-01-19,688277,11.63,11.5,11.82,11.49,26542,30850173.0,2.83,-1.46,-0.17,0.59
2024-01-22,688277,11.47,10.82,11.47,10.66,50009,55238350.0,7.04,-5.91,-0.68,1.12
2024-01-23,688277,10.7,10.75,10.9,10.62,37753,40590302.0,2.59,-0.65,-0.07,0.84
2024-01-24,688277,10.78,10.77,10.93,10.34,38193,40528275.0,5.49,0.19,0.02,0.85
2024-01-25,688277,10.83,11.18,11.29,10.71,41697,45975815.0,5.39,3.81,0.41,0.93
2024-01-26,688277,11.15,10.97,11.33,10.95,29698,33010562.0,3.4,-1.88,-0.21,0.66
2024-01-29,688277,11.11,10.65,11.14,10.62,26913,29040341.0,4.74,-2.92,-0.32,0.6
2024-01-30,688277,10.31,10.21,10.57,10.17,39214,40628835.0,3.76,-4.13,-0.44,0.88
2024-01-31,688277,10.15,9.71,10.29,9.64,59408,58956776.0,6.37,-4.9,-0.5,1.33
2024-02-01,688277,9.65,9.51,9.84,9.43,35262,33818601.0,4.22,-2.06,-0.2,0.79
2024-02-02,688277,9.55,9.0,9.62,8.72,54163,49678775.0,9.46,-5.36,-0.51,1.21
2024-02-05,688277,8.9,7.93,8.9,7.64,82827,67122153.0,14.0,-11.89,-1.07,1.85
2024-02-06,688277,7.89,8.29,8.5,7.5,94023,74184546.0,12.61,4.54,0.36,2.1
2024-02-07,688277,8.29,7.96,8.52,7.73,76217,62110755.0,9.53,-3.98,-0.33,1.7
2024-02-08,688277,8.02,9.02,9.2,7.82,92152,78188035.0,17.34,13.32,1.06,2.06
2024-02-19,688277,9.11,9.32,9.42,9.0,58017,53535834.0,4.66,3.33,0.3,1.3
2024-02-20,688277,9.23,9.26,9.34,9.06,28280,26114064.0,3.0,-0.64,-0.06,0.63
2024-02-21,688277,9.2,9.52,9.78,9.08,45646,43522780.0,7.56,2.81,0.26,1.02
2024-02-22,688277,9.46,9.57,9.7,9.39,33579,32026075.0,3.26,0.53,0.05,0.75
2024-02-23,688277,9.57,9.83,9.83,9.45,45130,43470616.0,3.97,2.72,0.26,1.01
2024-02-26,688277,9.99,10.2,10.44,9.93,65622,67021846.0,5.19,3.76,0.37,1.46
2024-02-27,688277,10.2,10.35,10.38,9.99,55689,56606024.0,3.82,1.47,0.15,1.24
2024-02-28,688277,10.33,9.52,10.66,9.49,84792,85356787.0,11.3,-8.02,-0.83,1.89
2024-02-29,688277,9.42,9.87,9.87,9.4,58688,56944006.0,4.94,3.68,0.35,1.31
2024-03-01,688277,9.92,9.99,10.1,9.78,42032,41690245.0,3.24,1.22,0.12,0.94
2024-03-04,688277,10.01,9.93,10.11,9.76,40274,39960584.0,3.5,-0.6,-0.06,0.9
2024-03-05,688277,9.88,9.74,10.0,9.69,38837,38183089.0,3.12,-1.91,-0.19,0.87
2024-03-06,688277,9.71,9.93,10.12,9.49,46410,45647561.0,6.47,1.95,0.19,1.04
2024-03-07,688277,10.0,9.99,10.55,9.94,75071,76580332.0,6.14,0.6,0.06,1.68
2024-03-08,688277,9.9,9.98,10.15,9.81,39352,39148613.0,3.4,-0.1,-0.01,0.88
2024-03-11,688277,9.98,10.19,10.19,9.83,36767,36853111.0,3.61,2.1,0.21,0.82
2024-03-12,688277,10.24,10.27,10.29,10.06,41856,42692420.0,2.26,0.79,0.08,0.93
2024-03-13,688277,10.28,10.29,10.43,10.19,48030,49397006.0,2.34,0.19,0.02,1.07
2024-03-14,688277,10.5,10.45,10.68,10.3,85641,90096147.0,3.69,1.55,0.16,1.91
2024-03-15,688277,10.44,10.39,10.58,10.18,52295,54218033.0,3.83,-0.57,-0.06,1.17
2024-03-18,688277,10.0,10.39,10.39,9.92,93908,95119935.0,4.52,0.0,0.0,2.1
2024-03-19,688277,10.37,10.28,10.46,10.27,53875,55762851.0,1.83,-1.06,-0.11,1.2
2024-03-20,688277,10.28,10.74,10.94,10.17,99464,105210152.0,7.49,4.47,0.46,2.22
2024-03-21,688277,10.85,10.48,10.85,10.39,77492,81772740.0,4.28,-2.42,-0.26,1.73
2024-03-22,688277,10.41,10.09,10.47,10.04,59465,60503702.0,4.1,-3.72,-0.39,1.33
2024-03-25,688277,10.13,9.7,10.17,9.68,56292,56002565.0,4.86,-3.87,-0.39,1.26
2024-03-26,688277,9.74,9.52,9.79,9.31,44721,42604063.0,4.95,-1.86,-0.18,1.0
2024-03-27,688277,9.45,9.24,9.72,9.21,42145,40119887.0,5.36,-2.94,-0.28,0.94
2024-03-28,688277,9.26,9.36,9.56,9.13,41194,38627529.0,4.65,1.3,0.12,0.92
2024-03-29,688277,9.36,9.4,9.45,9.24,24742,23111837.0,2.24,0.43,0.04,0.55
2024-04-01,688277,9.43,9.58,9.65,9.39,38434,36628987.0,2.77,1.91,0.18,0.86
2024-04-02,688277,9.63,9.37,9.63,9.31,36136,33935263.0,3.34,-2.19,-0.21,0.81
2024-04-03,688277,9.3,9.05,9.35,8.93,47935,43571038.0,4.48,-3.42,-0.32,1.07
2024-04-08,688277,9.06,8.74,9.06,8.72,41419,36588928.0,3.76,-3.43,-0.31,0.92
2024-04-09,688277,8.74,9.05,9.05,8.7,34186,30421376.0,4.0,3.55,0.31,0.76
2024-04-10,688277,9.07,8.7,9.07,8.65,31789,27913368.0,4.64,-3.87,-0.35,0.71
2024-04-11,688277,8.77,8.76,8.86,8.63,22191,19494267.0,2.64,0.69,0.06,0.5
2024-04-12,688277,8.73,8.58,8.86,8.57,28796,24974750.0,3.31,-2.05,-0.18,0.64
2024-04-15,688277,8.48,8.21,8.59,8.09,55886,46428980.0,5.83,-4.31,-0.37,1.25
2024-04-16,688277,8.1,7.66,8.18,7.66,55938,43821398.0,6.33,-6.7,-0.55,1.25
2024-04-17,688277,7.8,8.0,8.06,7.78,40382,31997548.0,3.66,4.44,0.34,0.9
2024-04-18,688277,7.91,7.91,8.05,7.76,38003,30158231.0,3.63,-1.13,-0.09,0.85
2024-04-19,688277,7.79,7.76,7.94,7.69,30700,23905041.0,3.16,-1.9,-0.15,0.69
2024-04-22,688277,7.76,7.97,8.1,7.66,37293,29592271.0,5.67,2.71,0.21,0.83
2024-04-23,688277,8.05,8.12,8.22,7.99,27395,22204669.0,2.89,1.88,0.15,0.61
2024-04-24,688277,8.12,8.24,8.28,8.08,21914,17995863.0,2.46,1.48,0.12,0.49
2024-04-25,688277,8.25,8.37,8.52,8.16,32986,27582514.0,4.37,1.58,0.13,0.74
2024-04-26,688277,8.37,8.72,8.73,8.3,39708,34004432.0,5.14,4.18,0.35,0.89
2024-04-29,688277,8.64,8.9,8.92,8.63,40154,35400276.0,3.33,2.06,0.18,0.9
2024-04-30,688277,8.87,8.96,9.09,8.83,43871,39402606.0,2.92,0.67,0.06,0.98
2024-05-06,688277,9.04,9.14,9.23,9.04,30191,27580564.0,2.12,2.01,0.18,0.67
2024-05-07,688277,9.16,9.17,9.21,9.08,29175,26684219.0,1.42,0.33,0.03,0.65
2024-05-08,688277,9.17,9.04,9.28,9.0,42143,38350328.0,3.05,-1.42,-0.13,0.94
2024-05-09,688277,9.0,9.14,9.23,9.0,26642,24366497.0,2.54,1.11,0.1,0.59
2024-05-10,688277,9.16,8.85,9.17,8.81,36613,32738551.0,3.94,-3.17,-0.29,0.82
2024-05-13,688277,8.83,8.61,8.85,8.52,35896,31042203.0,3.73,-2.71,-0.24,0.8
2024-05-14,688277,8.67,8.63,8.77,8.59,26518,22998078.0,2.09,0.23,0.02,0.59
2024-05-15,688277,8.67,8.46,8.67,8.4,22253,18915669.0,3.13,-1.97,-0.17,0.5
2024-05-16,688277,8.5,8.47,8.59,8.44,23017,19601274.0,1.77,0.12,0.01,0.51
2024-05-17,688277,8.48,8.68,8.72,8.48,28262,24316595.0,2.83,2.48,0.21,0.63
2024-05-20,688277,8.68,8.73,8.83,8.6,26949,23518534.0,2.65,0.58,0.05,0.6
2024-05-21,688277,8.73,8.56,8.73,8.53,24683,21220564.0,2.29,-1.95,-0.17,0.55
2024-05-22,688277,8.7,8.62,8.7,8.54,15648,13447423.0,1.87,0.7,0.06,0.35
2024-05-23,688277,8.64,8.38,8.64,8.33,23071,19522690.0,3.6,-2.78,-0.24,0.52
2024-05-24,688277,8.38,8.16,8.55,8.15,22409,18459935.0,4.77,-2.63,-0.22,0.5
2024-05-27,688277,8.24,8.13,8.24,7.93,24231,19476356.0,3.8,-0.37,-0.03,0.54
2024-05-28,688277,8.13,8.07,8.2,7.99,19477,15787138.0,2.58,-0.74,-0.06,0.43
2024-05-29,688277,8.07,8.12,8.2,8.04,15053,12223877.0,1.98,0.62,0.05,0.34
2024-05-30,688277,8.04,8.19,8.28,7.95,27549,22503292.0,4.06,0.86,0.07,0.61
2024-05-31,688277,8.21,8.4,8.42,8.15,29441,24512022.0,3.3,2.56,0.21,0.66
2024-06-03,688277,8.4,8.05,8.4,7.93,30317,24667097.0,5.6,-4.17,-0.35,0.68
2024-06-04,688277,8.05,7.87,8.05,7.73,38541,30264590.0,3.98,-2.24,-0.18,0.86
2024-06-05,688277,7.99,7.75,7.99,7.71,21025,16412189.0,3.56,-1.52,-0.12,0.47
2024-06-06,688277,7.79,7.3,7.79,7.18,66984,49366875.0,7.87,-5.81,-0.45,1.5
2024-06-07,688277,7.39,7.41,7.52,7.31,30606,22713863.0,2.88,1.51,0.11,0.68
2024-06-11,688277,7.4,7.62,7.65,7.24,28372,21154561.0,5.53,2.83,0.21,0.63
2024-06-12,688277,7.6,7.64,7.75,7.58,24072,18462709.0,2.23,0.26,0.02,0.54
2024-06-13,688277,7.64,8.37,8.86,7.52,95351,78579770.0,17.54,9.55,0.73,2.13
2024-06-14,688277,8.25,8.22,8.3,8.02,65920,53736644.0,3.35,-1.79,-0.15,1.47
2024-06-17,688277,8.11,8.11,8.2,8.03,25754,20889683.0,2.07,-1.34,-0.11,0.57
2024-06-18,688277,8.05,8.14,8.27,7.99,23785,19377929.0,3.45,0.37,0.03,0.53
2024-06-19,688277,8.15,8.0,8.2,7.98,19346,15573713.0,2.7,-1.72,-0.14,0.43
2024-06-20,688277,7.99,8.31,8.52,7.97,70496,59022910.0,6.88,3.88,0.31,1.57
2024-06-21,688277,8.24,8.34,8.52,8.13,41137,34357102.0,4.69,0.36,0.03,0.92
2024-06-24,688277,8.25,7.77,8.29,7.77,45006,35979310.0,6.24,-6.83,-0.57,1.0
2024-06-25,688277,7.77,7.82,8.03,7.72,27399,21512162.0,3.99,0.64,0.05,0.61
2024-06-26,688277,7.75,8.14,8.16,7.62,25466,20269277.0,6.91,4.09,0.32,0.57
2024-06-27,688277,8.01,7.88,8.24,7.87,22266,17919623.0,4.55,-3.19,-0.26,0.5
2024-06-28,688277,7.81,7.74,8.09,7.71,25023,19644509.0,4.82,-1.78,-0.14,0.56
2024-07-01,688277,7.7,7.36,7.76,7.31,59385,44069102.0,5.81,-4.91,-0.38,1.32
2024-07-02,688277,7.36,7.48,7.56,7.29,29388,21873663.0,3.67,1.63,0.12,0.65
2024-07-03,688277,7.5,7.4,7.57,7.37,23096,17216311.0,2.67,-1.07,-0.08,0.51
2024-07-04,688277,7.37,7.15,7.43,7.12,29674,21485362.0,4.19,-3.38,-0.25,0.66
2024-07-05,688277,7.12,7.45,7.48,7.08,34415,25170963.0,5.59,4.2,0.3,0.77
2024-07-08,688277,7.37,7.14,7.39,7.12,23965,17216885.0,3.62,-4.16,-0.31,0.53
2024-07-09,688277,7.12,7.25,7.27,7.03,23083,16565155.0,3.36,1.54,0.11,0.51
2024-07-10,688277,7.26,7.16,7.35,7.15,16051,11622334.0,2.76,-1.24,-0.09,0.36
2024-07-11,688277,7.42,7.45,7.51,7.28,24985,18538644.0,3.21,4.05,0.29,0.56
2024-07-12,688277,7.46,7.44,7.59,7.42,23093,17344749.0,2.28,-0.13,-0.01,0.51
2024-07-15,688277,7.41,7.28,7.66,7.25,19267,14153093.0,5.51,-2.15,-0.16,0.43
2024-07-16,688277,7.32,7.29,7.32,7.15,14473,10450829.0,2.34,0.14,0.01,0.32
2024-07-17,688277,7.29,7.27,7.35,7.22,12039,8772468.0,1.78,-0.27,-0.02,0.27
2024-07-18,688277,7.27,7.13,7.27,7.04,40736,29013234.0,3.16,-1.93,-0.14,0.91
2024-07-19,688277,7.1,7.21,7.33,7.06,23695,17067785.0,3.79,1.12,0.08,0.53
2024-07-22,688277,7.25,7.32,7.41,7.15,21891,16053103.0,3.61,1.53,0.11,0.49
2024-07-23,688277,7.32,7.18,7.43,7.18,24552,17796778.0,3.42,-1.91,-0.14,0.55
2024-07-24,688277,7.2,6.93,7.2,6.93,41787,29318906.0,3.76,-3.48,-0.25,0.93
2024-07-25,688277,6.91,7.0,7.1,6.84,19579,13681627.0,3.75,1.01,0.07,0.44
2024-07-26,688277,6.99,7.09,7.12,6.99,11362,8036606.0,1.86,1.29,0.09,0.25
2024-07-29,688277,7.09,7.01,7.14,6.97,18640,13070795.0,2.4,-1.13,-0.08,0.41
2024-07-30,688277,6.98,7.04,7.13,6.93,19281,13548836.0,2.85,0.43,0.03,0.43
2024-07-31,688277,7.06,7.43,7.43,7.01,36620,26621366.0,5.97,5.54,0.39,0.81
2024-08-01,688277,7.46,7.43,7.54,7.39,28444,21224922.0,2.02,0.0,0.0,0.63
2024-08-02,688277,7.43,7.33,7.61,7.31,31876,23801133.0,4.04,-1.35,-0.1,0.71
2024-08-05,688277,7.33,7.16,7.5,7.14,37041,27105205.0,4.91,-2.32,-0.17,0.82
2024-08-06,688277,7.28,7.41,7.41,7.23,27780,20301084.0,2.51,3.49,0.25,0.62
2024-08-07,688277,7.44,7.37,7.45,7.3,16642,12279957.0,2.02,-0.54,-0.04,0.37
2024-08-08,688277,7.35,7.35,7.43,7.28,18932,13928470.0,2.04,-0.27,-0.02,0.42
2024-08-09,688277,7.47,7.35,7.61,7.34,29706,22173534.0,3.67,0.0,0.0,0.66
2024-08-12,688277,7.34,7.26,7.44,7.23,21977,16058654.0,2.86,-1.22,-0.09,0.49
2024-08-13,688277,7.25,7.21,7.29,7.1,16400,11778979.0,2.62,-0.69,-0.05,0.36
2024-08-14,688277,7.18,7.16,7.25,7.11,10746,7709632.0,1.94,-0.69,-0.05,0.24
2024-08-15,688277,7.21,7.35,7.4,7.11,22844,16640892.0,4.05,2.65,0.19,0.51
2024-08-16,688277,7.35,7.63,7.66,7.31,41231,31026432.0,4.76,3.81,0.28,0.92
2024-08-19,688277,7.71,7.48,7.75,7.47,24686,18654368.0,3.67,-1.97,-0.15,0.55
2024-08-20,688277,7.45,7.1,7.54,7.09,40678,29330929.0,6.02,-5.08,-0.38,0.91
2024-08-21,688277,7.06,7.03,7.15,7.0,18655,13175417.0,2.11,-0.99,-0.07,0.42
2024-08-22,688277,7.08,6.96,7.11,6.93,19855,13913335.0,2.56,-1.0,-0.07,0.44
2024-08-23,688277,6.96,6.87,6.98,6.78,24647,16879674.0,2.87,-1.29,-0.09,0.55
2024-08-26,688277,6.87,7.09,7.11,6.85,20757,14552415.0,3.78,3.2,0.22,0.46
2024-08-27,688277,7.04,7.04,7.16,6.99,14621,10317769.0,2.4,-0.71,-0.05,0.33
2024-08-28,688277,6.98,7.08,7.18,6.93,15509,10954022.0,3.55,0.57,0.04,0.35
2024-08-29,688277,7.02,7.16,7.19,7.02,20406,14494764.0,2.4,1.13,0.08,0.45
2024-08-30,688277,7.16,7.34,7.45,7.08,29596,21767398.0,5.17,2.51,0.18,0.66
2024-09-02,688277,7.36,7.0,7.39,6.99,28284,20229661.0,5.45,-4.63,-0.34,0.63
2024-09-03,688277,7.0,6.94,7.12,6.9,24555,17120509.0,3.14,-0.86,-0.06,0.55
2024-09-04,688277,6.87,6.78,7.0,6.75,38057,26116106.0,3.6,-2.31,-0.16,0.85
2024-09-05,688277,6.79,6.88,6.93,6.75,48988,33441908.0,2.65,1.47,0.1,1.09
2024-09-06,688277,6.88,6.59,6.91,6.55,40427,27065608.0,5.23,-4.22,-0.29,0.9
2024-09-09,688277,6.59,6.61,6.7,6.48,20413,13474114.0,3.34,0.3,0.02,0.45
2024-09-10,688277,6.65,6.62,6.66,6.49,20485,13463067.0,2.57,0.15,0.01,0.46
2024-09-11,688277,6.62,6.6,6.68,6.55,13749,9086234.0,1.96,-0.3,-0.02,0.31
2024-09-12,688277,6.68,6.57,6.74,6.53,16411,10880395.0,3.18,-0.45,-0.03,0.37
2024-09-13,688277,6.57,6.33,6.6,6.33,27985,17987596.0,4.11,-3.65,-0.24,0.62
2024-09-18,688277,6.3,6.18,6.33,6.11,21673,13392824.0,3.48,-2.37,-0.15,0.48
2024-09-19,688277,6.22,6.37,6.46,6.18,20808,13166982.0,4.53,3.07,0.19,0.46
2024-09-20,688277,6.36,6.27,6.36,6.22,16778,10546274.0,2.2,-1.57,-0.1,0.37
2024-09-23,688277,6.28,6.29,6.36,6.23,12109,7624986.0,2.07,0.32,0.02,0.27
2024-09-24,688277,6.32,6.57,6.57,6.29,23959,15462431.0,4.45,4.45,0.28,0.53
2024-09-25,688277,6.69,6.65,6.81,6.64,34324,23071598.0,2.59,1.22,0.08,0.76
2024-09-26,688277,6.62,6.98,6.98,6.59,40362,27446717.0,5.86,4.96,0.33,0.9
2024-09-27,688277,7.16,7.34,7.37,7.07,39038,28239299.0,4.3,5.16,0.36,0.87
2024-09-30,688277,7.9,8.81,8.81,7.73,169287,142083898.0,14.71,20.03,1.47,3.77
2024-10-08,688277,10.57,10.57,10.57,9.85,241625,251079740.0,8.17,19.98,1.76,5.38
2024-10-09,688277,10.57,9.99,11.25,9.93,227569,239818057.0,12.49,-5.49,-0.58,5.06
2024-10-10,688277,9.93,9.65,10.28,9.65,116434,115903087.0,6.31,-3.4,-0.34,2.59
2024-10-11,688277,9.48,8.99,9.65,8.87,103066,94649900.0,8.08,-6.84,-0.66,2.29
2024-10-14,688277,9.0,9.14,9.18,8.72,55847,50059132.0,5.12,1.67,0.15,1.24
2024-10-15,688277,9.2,8.85,9.25,8.83,52213,47267361.0,4.6,-3.17,-0.29,1.16
2024-10-16,688277,8.79,8.68,8.88,8.56,59823,52095690.0,3.62,-1.92,-0.17,1.33
2024-10-17,688277,8.68,8.53,8.8,8.48,40427,35006078.0,3.69,-1.73,-0.15,0.9
2024-10-18,688277,8.5,9.01,9.29,8.43,96831,85590213.0,10.08,5.63,0.48,2.15
2024-10-21,688277,9.1,9.3,9.48,8.94,103542,95557114.0,5.99,3.22,0.29,2.3
2024-10-22,688277,9.25,9.51,9.66,9.08,78912,74048109.0,6.24,2.26,0.21,1.76
2024-10-23,688277,9.52,9.45,9.62,9.37,60725,57691527.0,2.63,-0.63,-0.06,1.35
2024-10-24,688277,9.36,9.38,9.54,9.3,39847,37474180.0,2.54,-0.74,-0.07,0.89
2024-10-25,688277,9.35,9.7,9.84,9.29,67809,65379422.0,5.86,3.41,0.32,1.51
2024-10-28,688277,9.7,9.9,9.95,9.66,49263,48482082.0,2.99,2.06,0.2,1.1
2024-10-29,688277,9.93,9.56,10.11,9.48,67753,65911479.0,6.36,-3.43,-0.34,1.51
2024-10-30,688277,9.4,9.32,9.49,9.21,57569,53756397.0,2.93,-2.51,-0.24,1.28
2024-10-31,688277,9.24,9.53,9.65,9.23,52183,49535379.0,4.51,2.25,0.21,1.16
2024-11-01,688277,9.53,9.04,9.57,8.96,58847,54032315.0,6.4,-5.14,-0.49,1.31
2024-11-04,688277,9.04,9.37,9.54,8.94,50270,46950537.0,6.64,3.65,0.33,1.12
2024-11-05,688277,9.32,9.77,9.85,9.3,70986,68546948.0,5.87,4.27,0.4,1.58
2024-11-06,688277,9.79,10.34,10.75,9.79,158955,164944596.0,9.83,5.83,0.57,3.54
2024-11-07,688277,10.2,10.44,10.56,10.08,79244,81661950.0,4.64,0.97,0.1,1.76
2024-11-08,688277,10.5,10.52,11.0,10.48,94375,100690651.0,4.98,0.77,0.08,2.1
2024-11-11,688277,10.47,11.86,12.21,10.41,179547,204703866.0,17.11,12.74,1.34,4.0
2024-11-12,688277,11.6,11.08,11.88,10.88,168228,190780654.0,8.43,-6.58,-0.78,3.74
2024-11-13,688277,10.9,11.1,11.38,10.72,100097,110283853.0,5.96,0.18,0.02,2.23
2024-11-14,688277,11.16,10.61,11.16,10.59,66400,71655746.0,5.14,-4.41,-0.49,1.48
2024-11-15,688277,10.58,10.23,10.85,10.22,55424,58552029.0,5.94,-3.58,-0.38,1.23
2024-11-18,688277,10.31,9.91,10.47,9.87,61443,61681725.0,5.87,-3.13,-0.32,1.37
2024-11-19,688277,9.93,10.37,10.4,9.89,54810,55559739.0,5.15,4.64,0.46,1.22
2024-11-20,688277,10.3,10.67,10.78,10.2,57401,60833588.0,5.59,2.89,0.3,1.28
2024-11-21,688277,10.7,10.55,10.81,10.4,39536,41929476.0,3.84,-1.12,-0.12,0.88
2024-11-22,688277,10.55,10.19,10.8,10.11,57065,59807735.0,6.54,-3.41,-0.36,1.27
2024-11-25,688277,10.19,10.62,10.7,10.1,58433,60918066.0,5.89,4.22,0.43,1.3
2024-11-26,688277,10.59,10.75,11.15,10.55,67201,72871397.0,5.65,1.22,0.13,1.5
2024-11-27,688277,10.69,10.64,10.7,10.11,60604,62674537.0,5.49,-1.02,-0.11,1.35
2024-11-28,688277,10.64,10.54,10.66,10.45,34137,36027928.0,1.97,-0.94,-0.1,0.76
2024-11-29,688277,10.56,10.7,10.86,10.33,46396,49442711.0,5.03,1.52,0.16,1.03
2024-12-02,688277,10.79,11.16,11.38,10.71,73977,82381108.0,6.26,4.3,0.46,1.65
2024-12-03,688277,11.16,11.07,11.33,10.9,50190,55606253.0,3.85,-0.81,-0.09,1.12
2024-12-04,688277,11.01,11.45,11.76,10.91,104228,118875931.0,7.68,3.43,0.38,2.32
2024-12-05,688277,11.45,11.79,12.47,11.33,167082,199622750.0,9.96,2.97,0.34,3.72
2024-12-06,688277,11.82,11.36,11.89,11.2,109394,125102124.0,5.85,-3.65,-0.43,2.43
2024-12-09,688277,11.5,11.6,12.19,11.5,94862,112113961.0,6.07,2.11,0.24,2.11
2024-12-10,688277,11.87,12.56,13.19,11.81,252036,313540410.0,11.9,8.28,0.96,5.61
2024-12-11,688277,12.51,12.81,12.88,12.16,158278,198696496.0,5.73,1.99,0.25,3.52
2024-12-12,688277,12.85,12.42,12.88,12.21,102157,127318921.0,5.23,-3.04,-0.39,2.27
2024-12-13,688277,12.36,11.55,12.58,11.51,141187,168564905.0,8.62,-7.0,-0.87,3.14
2024-12-16,688277,11.58,11.46,11.78,11.36,66806,77142348.0,3.64,-0.78,-0.09,1.49
2024-12-17,688277,11.47,10.79,11.49,10.75,86619,95301743.0,6.46,-5.85,-0.67,1.93
2024-12-18,688277,10.85,10.88,11.0,10.55,46336,50166051.0,4.17,0.83,0.09,1.03
2024-12-19,688277,10.66,10.82,10.92,10.63,40905,43968599.0,2.67,-0.55,-0.06,0.91
2024-12-20,688277,10.82,11.1,11.28,10.75,51061,56774927.0,4.9,2.59,0.28,1.14
2024-12-23,688277,11.1,10.53,11.29,10.38,60647,64988233.0,8.2,-5.14,-0.57,1.35
2024-12-24,688277,10.65,10.6,10.68,10.33,31715,33272660.0,3.32,0.66,0.07,0.71
2024-12-25,688277,10.75,10.64,10.75,10.33,33446,35209848.0,3.96,0.38,0.04,0.74
2024-12-26,688277,10.58,10.74,10.92,10.55,30024,32241888.0,3.48,0.94,0.1,0.67
2024-12-27,688277,10.8,10.66,10.91,10.55,28662,30828405.0,3.35,-0.74,-0.08,0.64
2024-12-30,688277,10.53,10.41,10.66,10.35,31854,33318389.0,2.91,-2.35,-0.25,0.71
2024-12-31,688277,10.45,9.99,10.59,9.98,37651,38195170.0,5.86,-4.03,-0.42,0.84
2025-01-02,688277,10.03,9.56,10.04,9.42,47999,46843381.0,6.21,-4.3,-0.43,1.07
2025-01-03,688277,9.56,9.07,9.64,9.05,39167,36439324.0,6.17,-5.13,-0.49,0.87
2025-01-06,688277,9.11,9.2,9.42,8.88,33288,30695936.0,5.95,1.43,0.13,0.74
2025-01-07,688277,9.29,9.37,9.41,9.11,28039,25957651.0,3.26,1.85,0.17,0.62
2025-01-08,688277,9.45,9.36,9.53,9.1,31011,29006959.0,4.59,-0.11,-0.01,0.69
2025-01-09,688277,9.28,9.3,9.46,9.26,22439,21021645.0,2.14,-0.64,-0.06,0.5
2025-01-10,688277,9.26,8.95,9.43,8.95,25804,23670403.0,5.16,-3.76,-0.35,0.57
2025-01-13,688277,8.81,9.15,9.27,8.73,30093,27245965.0,6.03,2.23,0.2,0.67
2025-01-14,688277,9.25,9.74,9.74,9.14,38694,36876499.0,6.56,6.45,0.59,0.86
2025-01-15,688277,9.76,9.62,9.76,9.55,21693,20882268.0,2.16,-1.23,-0.12,0.48
2025-01-16,688277,9.75,9.63,9.94,9.55,29266,28483920.0,4.05,0.1,0.01,0.65
2025-01-17,688277,9.7,9.64,9.8,9.5,22895,22052662.0,3.12,0.1,0.01,0.51
2025-01-20,688277,9.67,9.55,9.81,9.5,30763,29565614.0,3.22,-0.93,-0.09,0.68
2025-01-21,688277,9.76,9.61,9.76,9.47,20678,19813140.0,3.04,0.63,0.06,0.46
2025-01-22,688277,9.61,9.49,9.62,9.42,18437,17511808.0,2.08,-1.25,-0.12,0.41
2025-01-23,688277,9.6,9.73,10.04,9.58,52140,51272854.0,4.85,2.53,0.24,1.16
2025-01-24,688277,9.64,10.02,10.06,9.61,41249,40906403.0,4.62,2.98,0.29,0.92
2025-01-27,688277,10.1,9.87,10.5,9.82,35426,35757068.0,6.79,-1.5,-0.15,0.79
2025-02-05,688277,10.11,10.37,10.58,10.07,65186,67613430.0,5.17,5.07,0.5,1.45
2025-02-06,688277,10.44,10.92,11.0,10.32,77032,82990578.0,6.56,5.3,0.55,1.71
2025-02-07,688277,10.96,10.92,11.32,10.8,91356,101242397.0,4.76,0.0,0.0,2.03
2025-02-10,688277,10.98,12.18,12.36,10.98,164809,193043516.0,12.64,11.54,1.26,3.67
2025-02-11,688277,12.06,11.95,12.2,11.75,118199,141207503.0,3.69,-1.89,-0.23,2.63
2025-02-12,688277,11.95,11.86,12.11,11.63,86120,102029132.0,4.02,-0.75,-0.09,1.92
2025-02-13,688277,11.87,11.85,12.2,11.72,87101,103897373.0,4.05,-0.08,-0.01,1.94
2025-02-14,688277,11.79,12.55,12.59,11.79,153247,189477068.0,6.75,5.91,0.7,3.41
2025-02-17,688277,12.99,14.64,15.06,12.88,405128,584603357.0,17.37,16.65,2.09,9.02
2025-02-18,688277,14.5,13.94,14.87,13.58,306782,432286022.0,8.81,-4.78,-0.7,6.83
2025-02-19,688277,13.88,14.07,14.55,13.54,251173,352954495.0,7.25,0.93,0.13,5.59
2025-02-20,688277,14.1,14.33,15.0,14.1,193388,280759034.0,6.4,1.85,0.26,4.3
2025-02-21,688277,14.35,14.53,14.7,14.0,156657,224056966.0,4.88,1.4,0.2,3.49
2025-02-24,688277,14.42,13.97,14.52,13.8,142447,200091567.0,4.96,-3.85,-0.56,3.17
2025-02-25,688277,13.84,14.57,14.88,13.83,187943,270683156.0,7.52,4.29,0.6,4.18
2025-02-26,688277,14.69,14.56,14.85,14.24,147915,215001067.0,4.19,-0.07,-0.01,3.29
2025-02-27,688277,14.46,14.8,15.5,14.28,191125,285001324.0,8.38,1.65,0.24,4.25
2025-02-28,688277,14.77,13.73,14.99,13.71,158724,224056573.0,8.65,-7.23,-1.07,3.53
2025-03-03,688277,13.83,13.74,14.19,13.42,125181,173394875.0,5.61,0.07,0.01,2.79
2025-03-04,688277,13.69,14.16,14.28,13.58,90348,127092011.0,5.09,3.06,0.42,2.01
2025-03-05,688277,14.17,14.15,14.35,13.96,73713,104171125.0,2.75,-0.07,-0.01,1.64
2025-03-06,688277,14.33,14.34,14.67,14.16,99509,143620346.0,3.6,1.34,0.19,2.21
2025-03-07,688277,14.42,14.28,14.85,14.16,154320,224282631.0,4.81,-0.42,-0.06,3.43
2025-03-10,688277,14.79,14.17,14.8,13.96,102666,146319757.0,5.88,-0.77,-0.11,2.28
2025-03-11,688277,13.9,14.12,14.2,13.72,106422,148541400.0,3.39,-0.35,-0.05,2.37
2025-03-12,688277,14.18,14.07,14.34,13.98,81224,114849948.0,2.55,-0.35,-0.05,1.81
2025-03-13,688277,14.0,13.18,14.11,13.08,123593,165952806.0,7.32,-6.33,-0.89,2.75
2025-03-14,688277,13.12,13.5,13.61,13.04,74543,99244315.0,4.32,2.43,0.32,1.66
2025-03-17,688277,13.51,13.55,13.73,13.31,55126,74682027.0,3.11,0.37,0.05,1.23
2025-03-18,688277,13.66,14.09,14.78,13.61,129490,184970210.0,8.63,3.99,0.54,2.88
2025-03-19,688277,14.07,13.84,14.25,13.74,69137,96635809.0,3.62,-1.77,-0.25,1.54
2025-03-20,688277,13.86,13.92,14.34,13.65,79290,110885945.0,4.99,0.58,0.08,1.76
2025-03-21,688277,13.8,13.01,13.87,12.99,95757,126870653.0,6.32,-6.54,-0.91,2.13
2025-03-24,688277,13.01,12.92,13.09,12.64,73671,94498211.0,3.46,-0.69,-0.09,1.64
2025-03-25,688277,12.92,12.68,13.1,12.6,40651,51924380.0,3.87,-1.86,-0.24,0.9
2025-03-26,688277,12.6,12.7,12.95,12.6,32255,41224481.0,2.76,0.16,0.02,0.72
2025-03-27,688277,12.64,12.57,12.8,12.3,50548,63651922.0,3.94,-1.02,-0.13,1.12
2025-03-28,688277,12.58,12.65,12.87,12.54,46667,59431099.0,2.63,0.64,0.08,1.04
2025-03-31,688277,12.65,12.41,12.65,12.12,45488,55894918.0,4.19,-1.9,-0.24,1.01
2025-04-01,688277,12.65,12.76,13.11,12.6,60010,77328001.0,4.11,2.82,0.35,1.34
2025-04-02,688277,12.62,12.88,13.13,12.62,38125,49317090.0,4.0,0.94,0.12,0.85
2025-04-03,688277,12.98,12.71,13.27,12.7,44190,57270151.0,4.43,-1.32,-0.17,0.98
2025-04-07,688277,12.04,10.33,12.2,10.17,118576,130298804.0,15.97,-18.73,-2.38,2.62
2025-04-08,688277,10.73,10.79,11.24,10.47,79838,86327238.0,7.45,4.45,0.46,1.76
2025-04-09,688277,10.51,11.36,11.4,9.9,96567,104261931.0,13.9,5.28,0.57,2.13
2025-04-10,688277,11.55,11.54,11.9,11.5,60638,70978880.0,3.52,1.58,0.18,1.34
2025-04-11,688277,11.4,11.66,11.85,11.35,47238,55037902.0,4.33,1.04,0.12,1.04
2025-04-14,688277,11.8,11.86,12.02,11.75,41341,49060158.0,2.32,1.72,0.2,0.91
2025-04-15,688277,11.83,11.97,12.17,11.81,49438,59182161.0,3.04,0.93,0.11,1.09
2025-04-16,688277,11.83,11.5,11.88,11.22,44417,51241785.0,5.51,-3.93,-0.47,0.98
2025-04-17,688277,11.35,11.46,11.67,11.35,30009,34633742.0,2.78,-0.35,-0.04,0.66
2025-04-18,688277,11.41,11.47,11.58,11.32,24687,28235862.0,2.27,0.09,0.01,0.55
2025-04-21,688277,11.47,11.81,11.92,11.3,32565,38086397.0,5.41,2.96,0.34,0.72
2025-04-22,688277,11.81,11.78,11.93,11.66,25475,29973173.0,2.29,-0.25,-0.03,0.56
2025-04-23,688277,11.94,11.89,12.06,11.77,34278,40785403.0,2.46,0.93,0.11,0.76
2025-04-24,688277,11.89,11.63,11.99,11.59,29338,34452841.0,3.36,-2.19,-0.26,0.65
2025-04-25,688277,11.7,11.43,11.79,11.39,40221,46585845.0,3.44,-1.72,-0.2,0.89
2025-04-28,688277,11.35,11.38,11.47,11.2,25289,28639636.0,2.36,-0.44,-0.05,0.56
2025-04-29,688277,11.51,11.78,11.91,11.38,47021,54730617.0,4.66,3.51,0.4,1.04
2025-04-30,688277,11.85,12.6,12.72,11.7,72590,89580134.0,8.66,6.96,0.82,1.6
2025-05-06,688277,12.77,12.96,13.08,12.75,71022,91641376.0,2.62,2.86,0.36,1.57
2025-05-07,688277,13.04,12.98,13.16,12.83,63682,82786203.0,2.55,0.15,0.02,1.41
2025-05-08,688277,12.89,12.83,13.07,12.8,47490,61386573.0,2.08,-1.16,-0.15,1.05
2025-05-09,688277,12.77,12.48,12.83,12.45,42220,52964044.0,2.96,-2.73,-0.35,0.93
2025-05-12,688277,12.58,12.57,12.72,12.47,35993,45272817.0,2.0,0.72,0.09,0.8
2025-05-13,688277,12.67,12.64,12.76,12.4,46738,58609169.0,2.86,0.56,0.07,1.03
2025-05-14,688277,12.64,12.58,12.77,12.4,37366,47062320.0,2.93,-0.47,-0.06,0.83
2025-05-15,688277,12.52,12.41,12.7,12.27,37801,46862419.0,3.42,-1.35,-0.17,0.84
2025-05-16,688277,12.41,12.39,12.55,12.3,22768,28341804.0,2.01,-0.16,-0.02,0.5
2025-05-19,688277,12.31,12.17,12.4,12.05,46563,56542912.0,2.82,-1.78,-0.22,1.03
2025-05-20,688277,12.18,12.4,12.4,12.16,30414,37420609.0,1.97,1.89,0.23,0.67
2025-05-21,688277,12.14,11.98,12.14,11.78,55641,66627798.0,2.9,-3.39,-0.42,1.23
2025-05-22,688277,11.98,11.84,12.14,11.78,30216,36037394.0,3.01,-1.17,-0.14,0.67
2025-05-23,688277,11.8,11.86,12.15,11.8,45198,54163250.0,2.96,0.17,0.02,1.0
2025-05-26,688277,11.8,11.91,11.97,11.76,24972,29645765.0,1.77,0.42,0.05,0.55
2025-05-27,688277,11.91,12.85,13.0,11.8,114370,143486630.0,10.08,7.89,0.94,2.53
2025-05-28,688277,12.75,12.95,13.4,12.69,102136,133456841.0,5.53,0.78,0.1,2.26
2025-05-29,688277,12.92,13.22,13.3,12.87,56818,74735451.0,3.32,2.08,0.27,1.26
2025-05-30,688277,13.16,13.63,14.16,13.12,169199,233421207.0,7.87,3.1,0.41,3.74
2025-06-03,688277,13.69,13.83,14.06,13.56,100813,140116036.0,3.67,1.47,0.2,2.23
2025-06-04,688277,13.78,13.6,13.94,13.56,69349,94872262.0,2.75,-1.66,-0.23,1.53
2025-06-05,688277,13.59,13.38,13.71,13.23,69984,93732716.0,3.53,-1.62,-0.22,1.55
2025-06-06,688277,13.26,13.28,13.47,13.1,55087,72798059.0,2.77,-0.75,-0.1,1.22
2025-06-09,688277,13.2,13.33,13.55,13.2,46624,62549626.0,2.64,0.38,0.05,1.03
2025-06-10,688277,13.33,13.34,13.68,13.12,68630,91616366.0,4.2,0.08,0.01,1.52
2025-06-11,688277,13.34,13.77,13.87,13.22,73069,99126452.0,4.87,3.22,0.43,1.61
2025-06-12,688277,13.66,13.96,14.13,13.6,81853,114051532.0,3.85,1.38,0.19,1.81
2025-06-13,688277,13.82,13.56,14.05,13.31,103969,141218393.0,5.3,-2.87,-0.4,2.3
2025-06-16,688277,13.56,13.41,13.78,13.37,46502,63036562.0,3.02,-1.11,-0.15,1.03
2025-06-17,688277,13.4,13.47,13.81,13.31,41020,55360248.0,3.73,0.45,0.06,0.91
2025-06-18,688277,13.32,13.35,13.49,13.23,23596,31435251.0,1.93,-0.89,-0.12,0.52
2025-06-19,688277,13.32,12.87,13.39,12.77,47488,62006808.0,4.64,-3.6,-0.48,1.05
2025-06-20,688277,12.9,12.79,13.06,12.75,28421,36617798.0,2.41,-0.62,-0.08,0.63
2025-06-23,688277,13.07,13.72,14.05,13.05,91539,124667809.0,7.82,7.27,0.93,2.02
2025-06-24,688277,13.75,13.95,14.01,13.51,82388,113871964.0,3.64,1.68,0.23,1.82
2025-06-25,688277,13.95,13.88,13.99,13.7,52336,72383002.0,2.08,-0.5,-0.07,1.16
2025-06-26,688277,13.88,13.82,14.06,13.79,54238,75644839.0,1.95,-0.43,-0.06,1.2
2025-06-27,688277,13.8,13.76,13.91,13.7,39151,53918116.0,1.52,-0.43,-0.06,0.86
2025-06-30,688277,13.73,13.9,14.0,13.73,45644,63417095.0,1.96,1.02,0.14,1.01
2025-07-01,688277,13.9,13.99,14.09,13.64,67588,94025727.0,3.24,0.65,0.09,1.49
2025-07-02,688277,13.99,14.43,14.93,13.86,159757,231845513.0,7.65,3.15,0.44,3.53
2025-07-03,688277,14.46,14.44,14.79,14.19,82599,119820002.0,4.16,0.07,0.01,1.82
2025-07-04,688277,14.75,14.32,14.86,14.19,61410,88510357.0,4.64,-0.83,-0.12,1.36
2025-07-07,688277,14.55,14.44,14.79,14.25,55858,81072248.0,3.77,0.84,0.12,1.23
2025-07-08,688277,14.4,14.34,14.52,14.2,52025,74485516.0,2.22,-0.69,-0.1,1.15
2025-07-09,688277,14.3,14.23,14.39,14.19,43098,61557241.0,1.39,-0.77,-0.11,0.95
2025-07-10,688277,14.25,14.18,14.59,14.17,49002,70202419.0,2.95,-0.35,-0.05,1.08
2025-07-11,688277,14.44,14.37,14.45,14.2,47208,67693407.0,1.76,1.34,0.19,1.04
2025-07-14,688277,14.48,14.51,14.58,14.29,53382,77080810.0,2.02,0.97,0.14,1.18
2025-07-15,688277,14.4,14.2,14.52,13.96,74999,106147399.0,3.86,-2.14,-0.31,1.66
2025-07-16,688277,14.14,14.26,14.35,14.14,41371,59040446.0,1.48,0.42,0.06,0.91
2025-07-17,688277,14.35,14.7,14.8,14.18,89866,131577476.0,4.35,3.09,0.44,1.99
2025-07-18,688277,14.65,14.73,14.79,14.45,55358,80882464.0,2.31,0.2,0.03,1.22
2025-07-21,688277,14.79,15.12,15.41,14.79,98483,149448451.0,4.21,2.65,0.39,2.18
2025-07-22,688277,15.07,14.99,15.28,14.9,67764,102182920.0,2.51,-0.86,-0.13,1.5
2025-07-23,688277,15.05,15.05,15.28,14.8,65105,98102419.0,3.2,0.4,0.06,1.44
2025-07-24,688277,15.08,15.93,16.15,15.05,137542,215943318.0,7.31,5.85,0.88,3.04
2025-07-25,688277,16.18,18.14,18.96,15.95,366632,654577572.0,18.9,13.87,2.21,8.1
2025-07-28,688277,18.49,18.16,18.6,17.99,203343,370088200.0,3.36,0.11,0.02,4.49
2025-07-29,688277,18.17,17.92,18.19,17.58,155922,278937345.0,3.36,-1.32,-0.24,3.44
2025-07-30,688277,17.77,17.53,18.25,17.19,173420,307576771.0,5.92,-2.18,-0.39,3.83
2025-07-31,688277,17.38,17.72,18.74,17.38,204474,369962814.0,7.76,1.08,0.19,4.52
2025-08-01,688277,17.72,17.5,17.99,17.37,110603,195155643.0,3.5,-1.24,-0.22,2.44
2025-08-04,688277,17.35,18.19,18.23,17.11,136768,243081654.0,6.4,3.94,0.69,3.02
2025-08-05,688277,18.31,18.39,18.46,17.9,118391,215654917.0,3.08,1.1,0.2,2.62
2025-08-06,688277,18.5,18.55,19.0,18.15,144668,269547929.0,4.62,0.87,0.16,3.2
2025-08-07,688277,18.8,19.3,19.86,18.61,216806,420118622.0,6.74,4.04,0.75,4.79
2025-08-08,688277,19.38,18.91,19.79,18.68,153700,293479156.0,5.75,-2.02,-0.39,3.4
2025-08-11,688277,19.1,19.02,19.26,18.85,102286,194939426.0,2.17,0.58,0.11,2.26
2025-08-12,688277,19.17,18.82,19.27,18.51,109888,207373570.0,4.0,-1.05,-0.2,2.43
2025-08-13,688277,18.83,19.23,19.53,18.69,133182,254862225.0,4.46,2.18,0.41,2.94
2025-08-14,688277,19.13,18.41,19.2,18.41,134200,252192240.0,4.11,-4.26,-0.82,2.96
2025-08-15,688277,18.53,18.42,18.71,18.1,156124,286554054.0,3.31,0.05,0.01,3.45
2025-08-18,688277,18.29,19.06,19.06,18.15,129026,241689112.0,4.94,3.47,0.64,2.85
2025-08-19,688277,19.1,19.67,20.7,18.98,202597,404485680.0,9.02,3.2,0.61,4.48
2025-08-20,688277,19.6,19.8,19.91,18.89,121105,234766330.0,5.19,0.66,0.13,2.68
2025-08-21,688277,19.83,19.56,20.47,19.35,98790,195337153.0,5.66,-1.21,-0.24,2.18
2025-08-22,688277,19.47,19.93,20.1,19.28,100204,198107822.0,4.19,1.89,0.37,2.21
2025-08-25,688277,20.1,20.17,20.85,19.71,162569,329270764.0,5.72,1.2,0.24,3.59
2025-08-26,688277,20.18,20.43,20.62,19.8,110501,223020292.0,4.07,1.29,0.26,2.44
2025-08-27,688277,20.63,19.3,20.68,19.3,151320,300831028.0,6.75,-5.53,-1.13,3.34
2025-08-28,688277,19.08,18.38,19.49,17.43,261570,476283650.0,10.67,-4.77,-0.92,5.78
2025-08-29,688277,18.21,17.87,18.33,17.62,143464,256026564.0,3.86,-2.77,-0.51,3.17
2025-09-01,688277,17.87,18.02,18.75,17.84,119111,217146304.0,5.09,0.84,0.15,2.63
2025-09-02,688277,18.02,17.48,18.02,17.1,153123,267535876.0,5.11,-3.0,-0.54,3.38
2025-09-03,688277,17.65,17.6,18.12,17.44,100582,178451939.0,3.89,0.69,0.12,2.22
2025-09-04,688277,17.68,17.04,17.86,16.77,109150,189098808.0,6.19,-3.18,-0.56,2.41
2025-09-05,688277,17.19,17.3,17.31,16.82,86208,147679815.0,2.88,1.53,0.26,1.9
2025-09-08,688277,17.29,18.56,18.99,17.25,182135,334122239.0,10.06,7.28,1.26,4.02
2025-09-09,688277,18.58,17.78,18.58,17.67,93890,169119336.0,4.9,-4.2,-0.78,2.07
2025-09-10,688277,17.72,17.8,18.0,17.55,62875,111719527.0,2.53,0.11,0.02,1.39
2025-09-11,688277,17.8,18.2,18.27,17.08,76037,136024826.0,6.69,2.25,0.4,1.68
2025-09-12,688277,18.2,18.09,18.33,17.96,69300,125616611.0,2.03,-0.6,-0.11,1.53
2025-09-15,688277,18.0,17.63,18.07,17.58,65225,115923687.0,2.71,-2.54,-0.46,1.44
2025-09-16,688277,17.54,18.0,18.06,17.53,73705,131441715.0,3.01,2.1,0.37,1.63
2025-09-17,688277,18.0,18.22,18.62,17.91,82693,151488558.0,3.94,1.22,0.22,1.83
2025-09-18,688277,18.24,18.07,19.1,17.8,154835,287700160.0,7.14,-0.82,-0.15,3.42
2025-09-19,688277,17.9,17.65,18.35,17.61,76408,136685334.0,4.1,-2.32,-0.42,1.69
2025-09-22,688277,17.68,17.6,17.95,17.34,71535,125358786.0,3.46,-0.28,-0.05,1.58
2025-09-23,688277,17.5,16.71,17.66,16.25,128966,215432175.0,8.01,-5.06,-0.89,2.85
2025-09-24,688277,16.68,17.37,17.48,16.64,88434,152113076.0,5.03,3.95,0.66,1.95
2025-09-25,688277,17.41,17.59,17.98,17.32,89135,158057821.0,3.8,1.27,0.22,1.97
2025-09-26,688277,17.53,17.15,17.56,17.0,60242,103855633.0,3.18,-2.5,-0.44,1.33
2025-09-29,688277,17.23,18.47,18.66,17.22,172449,315161081.0,8.4,7.7,1.32,3.81
2025-09-30,688277,18.51,18.37,18.87,18.18,85429,157481620.0,3.74,-0.54,-0.1,1.89
2025-10-09,688277,18.4,18.5,18.96,18.35,92199,171669116.0,3.32,0.71,0.13,2.04
2025-10-10,688277,18.4,18.03,18.56,17.86,71355,129685665.0,3.78,-2.54,-0.47,1.58
2025-10-13,688277,17.58,17.83,18.42,17.33,87548,155573335.0,6.05,-1.11,-0.2,1.93
2025-10-14,688277,17.91,17.45,18.15,17.36,63580,112712825.0,4.43,-2.13,-0.38,1.4
2025-10-15,688277,17.4,17.9,18.03,17.1,62035,109185525.0,5.33,2.58,0.45,1.37
2025-10-16,688277,17.76,17.9,18.46,17.7,72637,131405888.0,4.25,0.0,0.0,1.6
2025-10-17,688277,17.85,17.53,18.12,17.47,52510,93009777.0,3.63,-2.07,-0.37,1.16
2025-10-20,688277,17.66,17.36,17.9,17.28,40676,71421346.0,3.54,-0.97,-0.17,0.89
2025-10-21,688277,17.47,17.87,18.15,17.33,51142,90759851.0,4.72,2.94,0.51,1.12
2025-10-22,688277,17.85,17.51,17.87,17.47,33079,58187785.0,2.24,-2.01,-0.36,0.73
2025-10-23,688277,17.47,17.47,17.58,17.07,41044,70995091.0,2.91,-0.23,-0.04,0.9
2025-10-24,688277,17.54,17.7,18.1,17.47,59227,105763753.0,3.61,1.32,0.23,1.3
2025-10-27,688277,17.99,17.67,18.1,17.59,49488,87812720.0,2.88,-0.17,-0.03,1.09
2025-10-28,688277,17.77,17.85,18.18,17.51,58162,104366448.0,3.79,1.02,0.18,1.28
2025-10-29,688277,17.96,17.75,17.98,17.37,47230,83320581.0,3.42,-0.56,-0.1,1.04
2025-10-30,688277,17.45,17.01,17.64,16.65,91820,156323841.0,5.58,-4.17,-0.74,2.01
2025-10-31,688277,17.15,17.29,17.44,17.06,48889,84463116.0,2.23,1.65,0.28,1.07
2025-11-03,688277,17.29,18.65,18.71,17.25,172557,315821086.0,8.44,7.87,1.36,3.78
2025-11-04,688277,18.11,17.42,18.26,17.2,138963,245745230.0,5.68,-6.6,-1.23,3.05
2025-11-05,688277,17.2,17.21,17.53,17.1,52780,91174767.0,2.47,-1.21,-0.21,1.16
2025-11-06,688277,17.25,17.03,17.38,16.87,40001,68129270.0,2.96,-1.05,-0.18,0.88
2025-11-07,688277,17.03,16.91,17.17,16.91,32655,55582347.0,1.53,-0.7,-0.12,0.72
2025-11-10,688277,16.99,17.05,17.12,16.82,32970,56011970.0,1.77,0.83,0.14,0.72
2025-11-11,688277,17.11,17.02,17.24,16.91,27768,47284756.0,1.94,-0.18,-0.03,0.61
2025-11-12,688277,17.0,16.98,17.29,16.92,29496,50413667.0,2.17,-0.24,-0.04,0.65
2025-11-13,688277,16.98,17.0,17.12,16.82,28277,48049656.0,1.77,0.12,0.02,0.62
2025-11-14,688277,16.9,17.31,17.79,16.9,73369,128305605.0,5.24,1.82,0.31,1.61
2025-11-17,688277,17.32,17.0,17.32,16.94,33375,56838376.0,2.2,-1.79,-0.31,0.73
2025-11-18,688277,17.01,16.74,17.14,16.7,29902,50309693.0,2.59,-1.53,-0.26,0.66
2025-11-19,688277,16.68,16.66,16.82,16.54,23030,38287916.0,1.67,-0.48,-0.08,0.51
2025-11-20,688277,16.69,16.53,16.79,16.5,16584,27532693.0,1.74,-0.78,-0.13,0.36
2025-11-21,688277,17.45,15.83,17.45,15.78,94417,156616666.0,10.1,-4.23,-0.7,2.07
2025-11-24,688277,16.2,15.71,16.23,15.3,63521,99097615.0,5.87,-0.76,-0.12,1.39
2025-11-25,688277,15.7,15.89,16.45,15.6,48038,77411808.0,5.41,1.15,0.18,1.05
2025-11-26,688277,15.88,15.77,16.11,15.76,22079,35077163.0,2.2,-0.76,-0.12,0.48
2025-11-27,688277,15.85,15.7,15.98,15.64,19031,30127657.0,2.16,-0.44,-0.07,0.42
2025-11-28,688277,15.77,15.72,15.77,15.53,28132,44061150.0,1.53,0.13,0.02,0.62
2025-12-01,688277,15.66,15.7,15.86,15.66,27217,42845330.0,1.27,-0.13,-0.02,0.6
2025-12-02,688277,15.78,15.16,15.97,15.07,52549,81035719.0,5.73,-3.44,-0.54,1.15
2025-12-03,688277,15.16,15.19,15.31,14.88,38701,58272776.0,2.84,0.2,0.03,0.85
2025-12-04,688277,15.2,15.17,15.45,15.11,42590,65023590.0,2.24,-0.13,-0.02,0.93
2025-12-05,688277,15.25,15.28,15.35,15.07,32246,49017273.0,1.85,0.73,0.11,0.71
2025-12-08,688277,15.78,15.33,15.98,15.24,53570,83067069.0,4.84,0.33,0.05,1.17
2025-12-09,688277,15.2,15.11,15.46,15.1,36142,55081434.0,2.35,-1.44,-0.22,0.79
2025-12-10,688277,14.91,15.0,15.25,14.8,36478,54521678.0,2.98,-0.73,-0.11,0.8
2025-12-11,688277,14.99,14.75,15.05,14.75,29246,43482537.0,2.0,-1.67,-0.25,0.64
2025-12-12,688277,14.76,14.73,14.84,14.51,57490,84105969.0,2.24,-0.14,-0.02,1.26
2025-12-15,688277,14.71,14.55,14.71,14.4,30578,44547952.0,2.1,-1.22,-0.18,0.67
2025-12-16,688277,14.55,14.31,14.66,14.27,34158,49002838.0,2.68,-1.65,-0.24,0.75
2025-12-17,688277,14.22,14.28,14.4,14.14,37189,53028845.0,1.82,-0.21,-0.03,0.82
2025-12-18,688277,14.36,14.44,14.67,14.31,39049,56699171.0,2.52,1.12,0.16,0.86
2025-12-19,688277,14.5,14.74,15.1,14.5,48817,72130010.0,4.16,2.08,0.3,1.07
2025-12-22,688277,14.76,14.74,14.97,14.6,31782,46916054.0,2.51,0.0,0.0,0.7
2025-12-23,688277,14.87,14.56,14.87,14.52,27648,40492809.0,2.37,-1.22,-0.18,0.61
2025-12-24,688277,14.64,14.59,14.64,14.41,31572,45924145.0,1.58,0.21,0.03,0.69
2025-12-25,688277,14.63,15.09,15.16,14.5,51400,76614860.0,4.52,3.43,0.5,1.13
2025-12-26,688277,15.09,14.82,15.25,14.79,39687,59478682.0,3.05,-1.79,-0.27,0.87
2025-12-29,688277,14.74,14.91,15.13,14.7,58945,88002502.0,2.9,0.61,0.09,1.29
2025-12-30,688277,14.87,15.3,15.66,14.65,89976,137336226.0,6.77,2.62,0.39,1.97
2025-12-31,688277,15.28,15.21,15.57,15.16,35463,54339631.0,2.68,-0.59,-0.09,0.78
